titulo_do_texto,texto,descritor,comando,resposta_item,ano,tipo,origem,resposta,opcoes
A vizinha antipática que sabia matemática ,"[...] Parecia uma sexta-feira como outra qualquer quando um caminhão de mudança parou em frente ao número 134 da minha rua, o sobrado geminado com o que eu moro. O pessoal da mudança descarregou uns móveis pesadões, uma escrivaninha irada, cheia de gavetinhas, parecida com a do meu avô. Do meu jardim, fiquei de olho em tudo. Quando o pessoal terminou de descarregar os móveis da casa, começou a tirar do caminhão umas caixas, milhares de caixas... Talvez centenas... Bem, umas dez caixas eu garanto que tinha. Aí apareceu uma senhora com cara de avó. Mas não vi nenhum neto. Uma mulher nem alta nem baixa e com os cabelos nem curtos nem compridos. Ela pagou aos homens da mudança e, quando ia entrando em casa, me viu. Não sei por que, mas me deu um frio na barriga, igual ao que tinha antes das aulas de matemática. A mulher me olhou, de baixo pra cima e de cima pra baixo, [...] entrou na casa e fechou a porta. [...] Ela podia ter dito alguma coisa do tipo: “Oi, você mora aí?”. Ou: “Oi, eu sou sua nova vizinha”. Mas nada. Fez que nem me viu [...]. Vizinha antipática! [...].",D23 - Identificar os níveis de linguagem e/ou as marcas linguísticas que evidenciam locutor e/ou interlocutor.,"Nesse texto, no trecho “... uma escrivaninha irada...” a palavra ""irada"" é um exemplo de linguagem",b,9° ano,SPACE,Avaliação paraná,coloquial,"['científica', 'coloquial', 'formal.', 'regional.']"
Feliz por não ser ninguém,"[...] Acabo de voltar de uma viagem rumo ao conhecimento, usando como meio de transporte excelentes livros da literatura brasileira. Eles me levaram para Copacabana, no Rio de Janeiro do ano de 1989, onde fui recebido por Rubem Braga, a quem fui logo pedindo: Ensina-me algo que eu ainda não saiba e tenha o poder de mudar a minha vida para melhor. Leia de forma compulsiva. Quanto mais você lê menos problemas na vida você vê. Rubem Braga entrou para a história ao transformar a Crônica num dos gêneros literários mais apreciados pelos brasileiros em meados do século passado. Na contramão da imprensa que dependia de grandes fatos para transformar em manchetes, ele passou a ganhar notoriedade publicando, no cantinho dos jornais, crônicas deliciosas sobre as coisas mais banais e simples da vida. [...] Entre suas grandes obras, achei outro dia a crônica “O Padeiro”, cujo trecho memorável reproduzo abaixo: “Enquanto tomo café vou me lembrando de um homem modesto que conheci antigamente. Quando vinha deixar o pão e o jornal do dia à porta do apartamento ele apertava a campainha, mas, para não incomodar os moradores, avisava gritando:  — Não é ninguém, é o padeiro!  Interroguei-o uma vez: como tivera a ideia de gritar aquilo? “Então você não é ninguém?”  Ele abriu um sorriso largo.  Explicou que aprendera aquilo de ouvido.  Muitas vezes lhe acontecera bater a campainha de uma casa [...] e ouvir uma voz que vinha lá de dentro perguntando quem era; e ouvir a pessoa que o atendera dizer para dentro: “não é ninguém, não senhora, é o padeiro”. [...] O jornal e o pão estariam bem cedinho na porta de cada lar; e dentro do meu coração eu recebi a lição de humildade daquele homem entre todos útil e entre todos alegre [...]. Para tempos difíceis, recomendo para pessoas que amo a leitura do clássico “200 Crônicas Escolhidas” de Rubem Braga, dentro dele palavras que são pílulas para o tédio e a monotonia.",D23 - Identificar os níveis de linguagem e/ou as marcas linguísticas que evidenciam locutor e/ou interlocutor.,"Nesse texto, o trecho “Interroguei-o uma vez: como tivera a ideia de gritar aquilo?” é um exemplo de linguagem",c,9° ano,SPACE,Avaliação paraná,formal.,"['científica.', 'coloquial.', 'formal.', 'regional.']"
Tieta do Agreste,"[...] AINDA DE LONGE, ANTES DE TRANSPOR A PORTA DOS CORREIOS, Elisa lê, na atitude de dona Carmosina, a comprovação do que já sabia com certeza: a carta não chegara. Faz­se mais pálida a face de Elisa, os pés de chumbo, a voz inarticulada, quase um gemido: – Nada? [...] dona Carmosina indica a correspondência do dia, escassa, espalhada no balcão: – Nada! Hoje não veio nenhuma carta registrada. [...] – Que demora, hein? Em todos esses anos, nunca atrasou tanto… – Mais de dez anos… – gemeu Elisa. – Onze anos e sete meses – corrigiu dona Carmosina, escrupulosa nos detalhes. – Inda me lembro da primeira carta, como se fosse hoje. Quando abri o saco, senti logo o cheiro, naquele tempo ela usava um perfume mais forte que o de agora, encheu a sala. Que carta será essa?, perguntei a mim mesma e li correndo o sobrescrito e o nome do remetente. Estava dirigida a seu pai ou a qualquer membro da família Esteves e quem enviava era Antonieta Esteves [...].",D23 - Identificar os níveis de linguagem e/ou as marcas linguísticas que evidenciam locutor e/ou interlocutor.,"No texto, no trecho: “Elisa lê, na atitude de dona Carmosina, a comprovação do
que já sabia com certeza: a carta não chegara.” a linguagem utilizada é",c,9° ano,SPACE,Avaliação paraná,"formal.","['regional.', 'científica.', 'formal.\r', 'jurídica.']"
Resenhas – O Pequeno Príncipe,"[...] Que livro fantástico! Ele atende todos os públicos, ensina lições para qualquer idade e sua linguagem fácil colabora para isso. Ser criança é ver a vida de forma mais colorida, é sonhar e ter esperança de que irá realizar. É ter as brincadeiras e a imaginação como as grandes atividades do dia. Bem se fala que devemos ter a pureza e o coração de uma criança, pois elas veem além do superficial. Por isso, deixar que a nossa criança interior viva é nos permitir olhar além do que vemos. Permita-se apreciar os prazeres da vida e a desfrutar dos momentos que vivencia, assim, você perceberá que o essencial é invisível aos olhos, porque o que é bom é visto pelo coração. Cativa as relações adquiridas ao longo da caminhada e não se esqueça: todo adulto já foi uma criança cheia de sonhos. Você já realizou os seus?",D23 - Identificar os níveis de linguagem e/ou as marcas linguísticas que evidenciam locutor e/ou interlocutor.,"Nesse texto, a linguagem utilizada no trecho “Permita-se apreciar os prazeres da vida...” a linguagem utilizada é comum em",c,9° ano,SPACE,Avaliação paraná,desenhos animados.,"['bate-papo na internet', 'conversas com os amigos.', 'desenhos animados.', 'textos escolares.']"
Marte pode ter apresentado atividade vulcânica nos últimos 50 mil anos,"O quebra-cabeças da atividade geológica em Marte acaba de ganhar mais uma peça: pesquisadores analisaram imagens da superfície do planeta, feitas por orbitadores1, e descobriram que há um depósito de lava na região de Elysium Planitia, ao norte, que parece ser jovem – é possível que tenha se formado nos últimos 50 mil anos, um passado bem recente se pensarmos em uma escala de tempo geológica. A descoberta é surpreendente porque a maior parte do vulcanismo do planeta ocorreu entre 3 e 4 bilhões de anos atrás, mas ainda não havia evidências que indicassem que Marte pudesse ainda ser vulcanicamente ativo. É possível que isso seja um sinal de que, talvez, Marte foi potencialmente habitável – podem haver partes do planeta parecidas com regiões com atividade vulcânica em áreas glaciais do nosso planeta, como acontece na Islândia, onde há bactérias extremófilas vivendo. David Horvath, astrônomo e autor que liderou o estudo, [...] aponta que este pode ser o depósito vulcânico mais jovem já documentado em Marte: “se fôssemos comprimir a história geológica de Marte em um só dia, isso teria ocorrido no último segundo”, diz. [...]",D23 - Identificar os níveis de linguagem e/ou as marcas linguísticas que evidenciam locutor e/ou interlocutor.,"Nesse texto, no trecho “... onde há bactérias extremófilas vivendo.” a linguagem utilizada é comum em",c,9° ano,SPACE,Avaliação paraná,livros de Ciências.,"['conversas entre amigos.', 'documentos jurídicos.', 'livros de Ciências.', 'programas de TV.']"
Fóssil de nova espécie de dinossauro é encontrado no Paraná,"O Museu Nacional, ligado à UFRJ (Universidade Federal do Rio de Janeiro), anunciou nesta quinta-feira (18) a descoberta de uma nova espécie de dinossauro que viveu no Brasil entre 70 milhões e 80 milhões de anos atrás. Os pesquisadores encontraram o fóssil do dinossauro em escavações na zona rural da cidade de Cruzeiro do Oeste (PR), perto da divisa com o Mato Grosso do Sul. A espécie recebeu o nome de Berthasaura leopoldinae. De acordo com a instituição, o fóssil descoberto é o mais completo de um dinossauro do período Cretáceo (situado entre 145 milhões e 65 milhões de anos atrás) já achado no Brasil. Além de estar quase inteiramente preservado, ele surpreendeu os paleontólogos por suas características raras – é, por exemplo, o primeiro dinossauro edêntulo (sem dentes) descoberto na América do Sul. [...] “Bertha”, apelido que a espécie ganhou, é um terópode [...]. A espécie tinha cerca de um metro de comprimento até a cauda e chegava a 80 centímetros de altura. [...] O nome escolhido pelos pesquisadores é uma tripla homenagem. Faz referência à pesquisadora brasileira Bertha (1894-1976), que foi bióloga do Museu Nacional [...], à imperatriz Maria Leopoldina (1797–1826), que incentivou as ciências da natureza no Brasil, e à escola de samba Imperatriz Leopoldinense, cujo enredo [...] homenageou o Museu Nacional. O diretor da instituição, Alexandre Kellner, explicou [...] porque a descoberta do novo dinossauro impressionou os paleontólogos. “Tínhamos o Limussaurus, na China, onde formas jovens dessa espécie têm dentes, que são perdidos quando atingem a forma adulta. Mas, agora, temos um animal totalmente diferente, que provavelmente nunca teve dente”, disse. “Se alguém me dissesse que iríamos encontrar um terópode sem dente, e no Brasil, eu não acreditaria. Essas formas são encontradas na Ásia, algumas nos EUA. De forma geral, é uma surpresa.”",D23 - Identificar os níveis de linguagem e/ou as marcas linguísticas que evidenciam locutor e/ou interlocutor.,"No texto, no trecho “...o nome de Berthasaura leopoldinae.” a expressão ""Berthasaura leopoldinae"" é um exemplo de linguagem",a,9° ano,SPACE,Avaliação paraná,científica.,"['científica.', 'coloquial.', 'formal.', 'regional.']"
Titãs,"Uma grande oportunidade desperdiçada. É uma pena que não tenham conseguido explorar nem metade do potencial dos personagens e da trama. As cenas de ação até que são boas e tal... O que mata a série é o jeito como apresentaram e desenvolveram os personagens mesmo, eles vão ficando chatos de se acompanhar ao longo dos episódios. A trama vai ficando repetitiva demais, previsível, e os personagens são como instrumentos com uma só nota, eles fazem as mesmas coisas, têm as mesmas atitudes, não há um desenvolvimento substancial. O plot é desnecessariamente confuso... Enfim, com o devido respeito aos fãs, esta é uma série de superheróis muito fraca.",D23 - Identificar os níveis de linguagem e/ou as marcas linguísticas que evidenciam locutor e/ou interlocutor.,"No texto, no trecho: “... até que são boas e tal...” a linguagem utilizada é",c,9° ano,SPACE,Avaliação paraná,coloquial.,"['arcaica.', 'científica.', 'coloquial.', 'formal']"
Tamoios no Arpoador,"[...] Convidado a escrever sobre um canto do Rio, escolhi o Arpoador, porque de lá se costuma desfrutar deslumbrantes entardeceres. Os termômetros marcavam quase 40º [...]. Sentado nas pedras, apreciava o Sol refletir com tal intensidade sobre o mar espelhado que devo ter experimentado aquela ilusão ótica que no deserto se chama miragem.Agente entra num clima onírico1 e acredita ver o que não existe. De repente, senti uma urgência febril de dividir aquele espetáculo mágico com alguns personagens que cantaram e encantaram o Rio. A primeira aparição foi de Millôr, que veio correndo pela areia [...]. Passou pelo largo que agora leva o seu nome, subiu até onde eu estava e repetiu uma de suas geniais definições: “O pôr do sol é de quem olha”. Em seguida, foi a vez de Tom e Vinicius, que atravessaram o Parque Garota de Ipanema carregando o violão. [...] Finalmente, vindo de Copacabana, chegou Oscar Niemeyer, trazendo nos olhos as curvas [...] dos morros cariocas com que fez sua arquitetura. Como não podia deixar de ser, a conversa girou em torno dessa cidade solar, [...] exibida que nasceu para ser musa. [...] Era ainda uma criança quando um de seus adoradores, o primeiro governador-geral Tomé de Souza, se desmanchou: “Tudo é graça o que dela se pode dizer”. Alguém lembrou que até os religiosos lançaram sobre ela olhares [...]: “É a mais airosa e amena baía que há em todo o Brasil”, suspirou o padre Anchieta [...]. Estimulado pela exuberância sensorial daquela tarde, resolvi corrigir Vinicius, que dizia que ser carioca é um estado de espírito. Acho que é mais. Não se trata apenas de alma, mas de corpo e alma. Ama-se a cidade com todos os sentidos, a começar pelos olhos. [...] Segundo Tom, que transformou em música tudo isso [...] é uma herança de nossos antepassados tamoios, que nos ensinaram a curtir a água, o corpo, a música e a dança. O Sol já estava sendo rendido no seu plantão diário [...]. Foi quando chegou Cazuza para fazer parte do show. Antes de dar um mergulho, cantou: “Vago na lua deserta das pedras do Arpoador”. Nunca me senti tão tamoio quanto nesse fim de tarde, início de noite nas pedras mágicas do Arpoador.",D23 - Identificar os níveis de linguagem e/ou as marcas linguísticas que evidenciam locutor e/ou interlocutor.,"Nesse texto, no trecho “Ama-se a cidade com todos os sentidos, a começar pelos olhos.” a linguagem utilizada é",a,9° ano,SPACE,Avaliação paraná,culta.,"['culta.', 'informal.', 'regional.', 'técnica.']"
Tempos verbais,"Na aula de português, a professora pergunta para os alunos: – Qual é o tempo da frase: “Eu realizei muitas compras”? Aline levanta a mão e responde: – É tempo de liquidação, professora.","D22 - Reconhecer efeitos de humor e ironia.",O humor nesse texto está no fato de,c,9° ano,SPACE,Avaliação paraná,Aline confundir o que a professora quis dizer com a palavra tempo.,"['a professora dizer que realizou muitas compras.', 'a professora fazer uma pergunta a seus alunos.', 'Aline confundir o que a professora quis dizer com a palavra tempo.', 'Aline levantar a mão para responder à pergunta feita pela professora.']"
Alô... é do hospital?,"Toca o telefone na recepção do hospital: – Bom dia, é da recepção? Eu gostaria de falar com alguém que me desse informações sobre os pacientes. Queria saber se certa pessoa está melhor ou piorou... – Qual é o nome do paciente? – Chama-se Maria Isabel e está no quarto 302. – Um momentinho, vou transferir a ligação para o setor de enfermagem... – Bom dia, sou a enfermeira Lourdes. O que deseja? – Gostaria de saber as condições clínicas da paciente Maria Isabel do quarto 302, por favor! – Um minuto, vou localizar o médico de plantão. – Aqui é o Dr. Carlos plantonista. Em que posso ajudar? – Olá, doutor. Precisaria que alguém me informasse sobre a saúde de Maria Isabel que está internada há três semanas no quarto 302. – Ok, minha senhora, vou consultar o prontuário da paciente... Um instante só! Hummm, aqui está: ela se alimentou bem hoje, a pressão arterial e pulso estão estáveis, responde bem à medicação prescrita e vai ser retirada do monitor cardíaco até amanhã. Continuando bem, o médico responsável assinará alta em três dias. – Ahhhh, Graças a Deus! São notícias maravilhosas! Que alegria! – Pelo seu entusiasmo, deve ser alguém muito próximo, certamente da família?! – Não, sou a própria Maria Isabel, telefonando aqui do 302! É que todo mundo entra e sai do quarto mas ninguém me diz nada!!!","D22 - Reconhecer efeitos de humor e ironia.",Esse texto é engraçado porque,c,9° ano,SPACE,Avaliação paraná,a própria paciente liga para o hospital para saber do seu estado de saúde.,"['a enfermeira não sabia onde estava o médico de plantão', 'a ligação da paciente foi transferida para vários setores.', 'a própria paciente liga para o hospital para saber do seu estado de saúde.', 'a recepcionista do hospital não conhece o estado de saúde dos pacientes.']"
Tradução simultânea,"Sou professor de inglês em Taiwan e tenho uma colaboradora chinesa que traduz quando os alunos não entendem o que digo. No início de cada semestre, conto piadas para que os calouros se sintam à vontade. Para saber se entendiam bem, perguntei à minha colaboradora se traduzia palavra por palavra, ou apenas o sentido geral. – Bem, na verdade, não entendo suas piadas – respondeu ela –, então peço aos alunos que riam.","D22 - Reconhecer efeitos de humor e ironia.",O que tornou esse texto engraçado foi,b,9° ano,SPACE,Avaliação paraná,a chinesa ter pedido aos alunos que rissem.,"['a curiosidade do professor sobre os alunos.', 'a chinesa ter pedido aos alunos que rissem.', 'o professor lecionar inglês em Taiwan.', 'o professor ter uma colaboradora chinesa.']"
ABC,"Quando a gente aprende a ler, as letras, nos livros, são grandes. Nas cartilhas – pelo menos nas cartilhas do meu tempo – as letras eram enormes. Lá estava o A, como uma grande tenda. O B, com seu grande busto e sua barriga ainda maior. O C, sempre pronto a morder a letra seguinte com a sua grande boca. O D, com seu ar próspero de grão-senhor. Etc. Até o Z, que sempre me parecia estar olhando para trás. Talvez porque não se convencesse que era a última letra do alfabeto e quisesse certificar-se de que atrás não vinha mais nenhuma. As letras eram grandes, claro, para que decorássemos a sua forma. Mas não precisavam ser tão grandes. Que eu me lembre, minha visão na época era perfeita. Nunca mais foi tão boa. E no entanto os livros infantis eram impressos com letras graúdas e entrelinhas generosas. E as palavras eram curtas. Para não cansar a vista. À medida que a gente ia crescendo, as letras iam diminuindo. E as palavras, aumentando. Quando não se tem mais uma visão de criança é que se começa, por exemplo, a ler jornal, com seus tipos miúdos e linhas apertadas que requerem uma visão de criança. Na época em que começamos a prestar atenção em coisas como notas de pé de página, bulas de remédio e subcláusulas de contrato, já não temos mais metade da visão perfeita que tínhamos na infância [...]. Chegamos à idade de ler grossos volumes em corpo 1 6 quando só temos olhos para as letras gigantescas, coloridas e cercadas de muito branco, dos livros infantis. Quanto mais cansada a vista, mais exigem dela. Alguns recorrem à lente de aumento para seccionar as grandes palavras em manejáveis monossílabos infantis. [...] O E, que sempre parecia querer distância das outras. O R! Todas as letras tinham pé, mas o R era o único que chutava. O V, que aparecia em várias formas: refletido na água (o X), de muletas (o M), com o irmão siamês (o W). O Q, que era um O com a língua de fora. De tanto ler palavras, nunca mais reparamos nas letras. E de tanto ler frases, nunca mais notamos as palavras, com todo o seu mistério. Por exemplo: pode haver palavra mais estranha do que “esdrúxulo”? É uma palavra, sei lá. Esdrúxula. [...] As cartilhas, com sua alegre simplicidade, serviam para dissimular os terrores que a língua nos reservava. Como “esdrúxulo”. Para não falar em “autóctone”. Ou, meu Deus, em “seborreia”! Na verdade, acho que as crianças deviam aprender a ler nos livros do Hegel e em longos tratados de metafísica. Só elas têm a visão adequada à densidade do texto, o gosto pela abstração e tempo disponível para lidar com o infinito. E na velhice, com a sabedoria acumulada numa vida de leituras, com as letras ficando progressivamente maiores à medida que nossos olhos se cansavam, estaríamos então prontos para enfrentar o conceito básico de que vovô vê a uva, e viva o vovô. [...]","D22 - Reconhecer efeitos de humor e ironia.","Nesse texto, há um traço de ironia no trecho:",d,9° ano,SPACE,Avaliação paraná,"“... na velhice [...] com as letras ficando progressivamente maiores [...] estaríamos então prontos para enfrentar o conceito básico de que vovô vê a uva, e viva o vovô.”.","['“Quando a gente aprende a ler, as letras, nos livros, são grandes.”.', '“As letras eram grandes, claro, para que decorássemos a sua forma. Mas não precisavam ser tão grandes. [...] E as palavras eram curtas.”.', '“À medida que a gente ia crescendo, as letras iam diminuindo.”.', '“... na velhice [...] com as letras ficando progressivamente maiores [...] estaríamos então prontos para enfrentar o conceito básico de que vovô vê a uva, e viva o vovô.”.']"
Resenhas – O Pequeno Príncipe,"[...] Que livro fantástico! Ele atende todos os públicos, ensina lições para qualquer idade e sua linguagem fácil colabora para isso. Ser criança é ver a vida de forma mais colorida, é sonhar e ter esperança de que irá realizar. É ter as brincadeiras e a imaginação como as grandes atividades do dia. Bem se fala que devemos ter a pureza e o coração de uma criança, pois elas veem além do superficial. Por isso, deixar que a nossa criança interior viva é nos permitir olhar além do que vemos. Permita-se apreciar os prazeres da vida e a desfrutar dos momentos que vivencia, assim, você perceberá que o essencial é invisível aos olhos, porque o que é bom é visto pelo coração. Cativa as relações adquiridas ao longo da caminhada e não se esqueça: todo adulto já foi uma criança cheia de sonhos. Você já realizou os seus?",D21 - Reconhecer o efeito decorrente do emprego de recursos estilísticos e morfossintáticos.,"Nesse texto, na palavra “invisível”, o prefixo “in-” produz o sentido de",c,9° ano,SPACE,Avaliação paraná,"marcar negação.","['apontar intensidade.', 'indicar tamanho.', 'marcar negação.\r', 'sinalizar repetição.']"
Animais domésticos,"Olá, pessoal da CHC! Gostamos muito dos textos de divulgação científica. Gostaríamos que vocês publicassem uma reportagem sobre animais que vivem em sociedade. Alunos do 4º ano da E.M.E.F. Monsenhor João Telho. Ibapuã/SP. [...]",D21 - Reconhecer o efeito decorrente do emprego de recursos estilísticos e morfossintáticos.,"Nesse texto, no trecho “Gostaríamos que vocês publicassem...” o verbo ""Gostaríamos"" produz o sentido de",c,9° ano,SPACE,Avaliação paraná,indicar um desejo cuja ocorrência é incerta.,"['apontar uma ordem que precisa ser atendida.', 'exibir uma ação que ocorre no tempo presente.', 'indicar um desejo cuja ocorrência é incerta.', 'mostrar um fato que ocorrerá no tempo futuro.']"
Tieta do Agreste,"[...] AINDA DE LONGE, ANTES DE TRANSPOR A PORTA DOS CORREIOS, Elisa lê, na atitude de dona Carmosina, a comprovação do que já sabia com certeza: a carta não chegara. Faz­se mais pálida a face de Elisa, os pés de chumbo, a voz inarticulada, quase um gemido: – Nada? [...] dona Carmosina indica a correspondência do dia, escassa, espalhada no balcão: – Nada! Hoje não veio nenhuma carta registrada. [...] – Que demora, hein? Em todos esses anos, nunca atrasou tanto… – Mais de dez anos… – gemeu Elisa. – Onze anos e sete meses – corrigiu dona Carmosina, escrupulosa nos detalhes. – Inda me lembro da primeira carta, como se fosse hoje. Quando abri o saco, senti logo o cheiro, naquele tempo ela usava um perfume mais forte que o de agora, encheu a sala. Que carta será essa?, perguntei a mim mesma e li correndo o sobrescrito e o nome do remetente. Estava dirigida a seu pai ou a qualquer membro da família Esteves e quem enviava era Antonieta Esteves [...].",D21 - Reconhecer o efeito decorrente do emprego de recursos estilísticos e morfossintáticos.,"Nesse texto, no trecho: “... a voz inarticulada,...” o prefixo ""in""­ na palavra ""inarticulada"" produz o sentido de",d,9° ano,SPACE,Avaliação paraná,negação.,"['repetição.', 'quantidade.', 'superioridade.', 'negação.']"
Capítulo LIII,"Mr. Wickham ficou tão satisfeito com a conversação que nunca mais mencionou aquele assunto em presença de Elizabeth. Esta, por sua vez, ficou satisfeita de ter dito o suficiente para silenciá­lo. Breve chegou o dia da partida de Lydia. E Mrs. Bennet foi obrigada a se submeter à separação, que provavelmente duraria pelo menos um ano. – Oh, minha querida Lydia – exclamou ela –, quando nos tornaremos a ver? – Não sei. Daqui a dois ou três anos talvez. – Não deixe de me escrever sempre, meu bem. – Escreverei sempre que puder. [...] As despedidas de Mr. Wickham foram muito mais afetuosas do que as de sua mulher. Sorriu, fez pose, disse muitas coisas bonitas. [...] A perda da filha fez Mrs. Bennet ficar triste vários dias. – Muitas vezes penso – disse ela – que não há nada mais doloroso do que o fato de se separar dos amigos. A gente se sente tão abandonada… – A senhora deve compreender, mamãe, que isto é a consequência de casar uma filha – disse Elizabeth. – Deve ficar contente [...]",D21 - Reconhecer o efeito decorrente do emprego de recursos estilísticos e morfossintáticos.,"Nesse texto, no trecho: “– Escreverei sempre que puder.” a forma verbal utilizada produz o sentido de",c,9° ano,SPACE,Avaliação paraná,marcar uma ação que acontecerá no futuro.,"['apontar uma ação passada não terminada.', 'indicar uma ação concluída no passado.', 'marcar uma ação que acontecerá no futuro.', 'mostrar uma ação que ocorre no momento da fala.']"
ABC,"Quando a gente aprende a ler, as letras, nos livros, são grandes. Nas cartilhas – pelo menos nas cartilhas do meu tempo – as letras eram enormes. Lá estava o A, como uma grande tenda. O B, com seu grande busto e sua barriga ainda maior. O C, sempre pronto a morder a letra seguinte com a sua grande boca. O D, com seu ar próspero de grão-senhor. Etc. Até o Z, que sempre me parecia estar olhando para trás. Talvez porque não se convencesse que era a última letra do alfabeto e quisesse certificar-se de que atrás não vinha mais nenhuma. As letras eram grandes, claro, para que decorássemos a sua forma. Mas não precisavam ser tão grandes. Que eu me lembre, minha visão na época era perfeita. Nunca mais foi tão boa. E no entanto os livros infantis eram impressos com letras graúdas e entrelinhas generosas. E as palavras eram curtas. Para não cansar a vista. À medida que a gente ia crescendo, as letras iam diminuindo. E as palavras, aumentando. Quando não se tem mais uma visão de criança é que se começa, por exemplo, a ler jornal, com seus tipos miúdos e linhas apertadas que requerem uma visão de criança. Na época em que começamos a prestar atenção em coisas como notas de pé de página, bulas de remédio e subcláusulas de contrato, já não temos mais metade da visão perfeita que tínhamos na infância [...]. Chegamos à idade de ler grossos volumes em corpo 1 6 quando só temos olhos para as letras gigantescas, coloridas e cercadas de muito branco, dos livros infantis. Quanto mais cansada a vista, mais exigem dela. Alguns recorrem à lente de aumento para seccionar as grandes palavras em manejáveis monossílabos infantis. [...] O E, que sempre parecia querer distância das outras. O R! Todas as letras tinham pé, mas o R era o único que chutava. O V, que aparecia em várias formas: refletido na água (o X), de muletas (o M), com o irmão siamês (o W). O Q, que era um O com a língua de fora. De tanto ler palavras, nunca mais reparamos nas letras. E de tanto ler frases, nunca mais notamos as palavras, com todo o seu mistério. Por exemplo: pode haver palavra mais estranha do que “esdrúxulo”? É uma palavra, sei lá. Esdrúxula. [...] As cartilhas, com sua alegre simplicidade, serviam para dissimular os terrores que a língua nos reservava. Como “esdrúxulo”. Para não falar em “autóctone”. Ou, meu Deus, em “seborreia”! Na verdade, acho que as crianças deviam aprender a ler nos livros do Hegel e em longos tratados de metafísica. Só elas têm a visão adequada à densidade do texto, o gosto pela abstração e tempo disponível para lidar com o infinito. E na velhice, com a sabedoria acumulada numa vida de leituras, com as letras ficando progressivamente maiores à medida que nossos olhos se cansavam, estaríamos então prontos para enfrentar o conceito básico de que vovô vê a uva, e viva o vovô. [...]",D21 - Reconhecer o efeito decorrente do emprego de recursos estilísticos e morfossintáticos.,"Nesse texto, no trecho “Na época em que começamos a prestar atenção em coisas como [...] subcláusulas de contrato,...” o uso de “sub” na palavra ""subcláusulas""",d,9° ano,SPACE,Avaliação paraná,reforça o fato de a letra ser minúscula.,"['apresenta uma crítica às cartilhas infantis.', 'marca a área em que o narrador trabalha.', 'mostra a saudade do narrador da infância.', 'reforça o fato de a letra ser minúscula.']"
ABC,"Quando a gente aprende a ler, as letras, nos livros, são grandes. Nas cartilhas – pelo menos nas cartilhas do meu tempo – as letras eram enormes. Lá estava o A, como uma grande tenda. O B, com seu grande busto e sua barriga ainda maior. O C, sempre pronto a morder a letra seguinte com a sua grande boca. O D, com seu ar próspero de grão-senhor. Etc. Até o Z, que sempre me parecia estar olhando para trás. Talvez porque não se convencesse que era a última letra do alfabeto e quisesse certificar-se de que atrás não vinha mais nenhuma. As letras eram grandes, claro, para que decorássemos a sua forma. Mas não precisavam ser tão grandes. Que eu me lembre, minha visão na época era perfeita. Nunca mais foi tão boa. E no entanto os livros infantis eram impressos com letras graúdas e entrelinhas generosas. E as palavras eram curtas. Para não cansar a vista. À medida que a gente ia crescendo, as letras iam diminuindo. E as palavras, aumentando. Quando não se tem mais uma visão de criança é que se começa, por exemplo, a ler jornal, com seus tipos miúdos e linhas apertadas que requerem uma visão de criança. Na época em que começamos a prestar atenção em coisas como notas de pé de página, bulas de remédio e subcláusulas de contrato, já não temos mais metade da visão perfeita que tínhamos na infância [...]. Chegamos à idade de ler grossos volumes em corpo 1 6 quando só temos olhos para as letras gigantescas, coloridas e cercadas de muito branco, dos livros infantis. Quanto mais cansada a vista, mais exigem dela. Alguns recorrem à lente de aumento para seccionar as grandes palavras em manejáveis monossílabos infantis. [...] O E, que sempre parecia querer distância das outras. O R! Todas as letras tinham pé, mas o R era o único que chutava. O V, que aparecia em várias formas: refletido na água (o X), de muletas (o M), com o irmão siamês (o W). O Q, que era um O com a língua de fora. De tanto ler palavras, nunca mais reparamos nas letras. E de tanto ler frases, nunca mais notamos as palavras, com todo o seu mistério. Por exemplo: pode haver palavra mais estranha do que “esdrúxulo”? É uma palavra, sei lá. Esdrúxula. [...] As cartilhas, com sua alegre simplicidade, serviam para dissimular os terrores que a língua nos reservava. Como “esdrúxulo”. Para não falar em “autóctone”. Ou, meu Deus, em “seborreia”! Na verdade, acho que as crianças deviam aprender a ler nos livros do Hegel e em longos tratados de metafísica. Só elas têm a visão adequada à densidade do texto, o gosto pela abstração e tempo disponível para lidar com o infinito. E na velhice, com a sabedoria acumulada numa vida de leituras, com as letras ficando progressivamente maiores à medida que nossos olhos se cansavam, estaríamos então prontos para enfrentar o conceito básico de que vovô vê a uva, e viva o vovô. [...]","D20 - Identificar o efeito de sentido decorrente do uso da pontuação e de outras notações.
",No trecho “Nas cartilhas – pelo menos nas cartilhas do meu tempo – as letras eram enormes.” os travessões têm a função de,d,9° ano,SPACE,Avaliação paraná,marcar um comentário.,"['apresentar uma definição', 'destacar uma crítica.', 'iniciar um diálogo.', 'marcar um comentário.']"
Problemas do Leite de Soja,"O leite de soja é uma das mais usadas opções alternativas ao leite de vaca, principalmente por causa da intolerância à lactose, sendo colocado pela mídia e alguns profissionais de saúde como uma bebida saudável. Mas o que médicos atualizados e estudos têm a dizer sobre isso? Uma das principais razões para evitar produtos de soja é porque a grande maioria da soja cultivada é geneticamente modificada (OGM). A variedade transgênica plantada em 90% no Brasil é de soja Roundup – projetada para sobreviver sendo envenenada com quantidades letais do herbicida Roundup da Monsanto. O glifosato, principal agente ativo do Roundup, é um dos produtos químicos mais tóxicos utilizados na agricultura hoje. O leite de soja também contém o aditivo carragenina, uma substância que pode causar inflamação gastrointestinal e úlceras. [...] A soja inibe também a absorção de minerais. [...] A qualidade dos ingredientes do leite de soja também é um problema, muitos possuem açúcares, xarope de milho, amido, corantes e aromatizantes, que são substâncias que não fazem bem à saúde.","D20 - Identificar o efeito de sentido decorrente do uso da pontuação e de outras notações.
","Nesse texto, no trecho “Mas o que médicos atualizados e estudos têm a dizer sobre isso?” o uso do ponto de interrogação produz o sentido de",d,9° ano,SPACE,Avaliação paraná,"indicar uma dúvida.","['apontar espanto.', 'demonstrar euforia.', 'enfatizar um alerta.', 'indicar uma dúvida.\r']"
Animais domésticos,"Olá, pessoal da CHC! Gostamos muito dos textos de divulgação científica. Gostaríamos que vocês publicassem uma reportagem sobre animais que vivem em sociedade. Alunos do 4º ano da E.M.E.F. Monsenhor João Telho. Ibapuã/SP. [...]","D20 - Identificar o efeito de sentido decorrente do uso da pontuação e de outras notações.
","Nesse texto, o ponto de exclamação produz o sentido de",c,9° ano,SPACE,Avaliação paraná,marcar entusiasmo.,"['demonstrar irritação', 'indicar deboche.', 'marcar entusiasmo.', 'reforçar surpresa. \r']"
A vizinha antipática que sabia matemática ,"[...] Parecia uma sexta-feira como outra qualquer quando um caminhão de mudança parou em frente ao número 134 da minha rua, o sobrado geminado com o que eu moro. O pessoal da mudança descarregou uns móveis pesadões, uma escrivaninha irada, cheia de gavetinhas, parecida com a do meu avô. Do meu jardim, fiquei de olho em tudo. Quando o pessoal terminou de descarregar os móveis da casa, começou a tirar do caminhão umas caixas, milhares de caixas... Talvez centenas... Bem, umas dez caixas eu garanto que tinha. Aí apareceu uma senhora com cara de avó. Mas não vi nenhum neto. Uma mulher nem alta nem baixa e com os cabelos nem curtos nem compridos. Ela pagou aos homens da mudança e, quando ia entrando em casa, me viu. Não sei por que, mas me deu um frio na barriga, igual ao que tinha antes das aulas de matemática. A mulher me olhou, de baixo pra cima e de cima pra baixo, [...] entrou na casa e fechou a porta. [...] Ela podia ter dito alguma coisa do tipo: “Oi, você mora aí?”. Ou: “Oi, eu sou sua nova vizinha”. Mas nada. Fez que nem me viu [...]. Vizinha antipática! [...].","D20 - Identificar o efeito de sentido decorrente do uso da pontuação e de outras notações.
","Nesse texto, no trecho “‘Oi, você mora aí? ’” o ponto de interrogação foi utilizado para",b,9° ano,SPACE,Avaliação paraná,indicar uma dúvida.,"['demonstrar insegurança.', 'indicar uma dúvida.', 'mostrar compreensão.', 'realizar um convite.']"
"O real e a ficção em ‘Radioactive’, a biografia de Marie Curie [...]","Marie Curie (1867-1934) é a mais conhecida e renomada cientista feminina na história. Nascida Maria Sklodowska, na Polônia, ela se mudou para Paris na década de 1890 para estudar e [...] se tornou a primeira mulher a fazer doutorado na França. Foi por meio de sua tese que passou a se debruçar sobre o fenômeno da radiação [...]. Na necessidade de um laboratório, trabalhou ao lado de Pierre Curie [...]. Os esforços do casal resultaram em um Prêmio Nobel em Física, 1903 [...]. Uma das produções mais vistas [...] na última semana, Radioactive conta a vida de Marie Curie com base na biografia em graphic novel1  homônima de Lauren Redniss. Embora retrate com precisão boa parte do trabalho feito pela cientista polonesa, o longa romantiza alguns detalhes para adaptar a história ao cinema. [...] Os Curie não sabiam dos perigos da radioatividade Para a agonia de muitos espectadores – hoje felizmente cientes dos perigos da exposição à radioatividade –, Marie mantém um pequeno jarro luminoso com o elemento químico Rádio junto de si como um amuleto e, não raro, dorme junto dele. Isso realmente aconteceu na vida real [...]. Ao contrário do que mostra o filme, no entanto, Marie nunca reconheceu os perigos da radiação e, mesmo hoje, os estudos laboratoriais e pertences pessoais do casal ainda são tão radioativos que não podem ser manuseados sem a proteção adequada. [...] *Vocabulário: 1 graphic novel: romance no formato de história em quadrinhos","D19 - Reconhecer o efeito de sentido decorrente da escolha de palavras, frases ou expressões.","No trecho ""hoje felizmente cientes dos perigos..."", o termo “felizmente” foi utilizado para",d,9° ano,SPACE,Avaliação paraná,mostrar a satisfação do autor com o fato de os riscos da radioatividade serem conhecidos atualmente.,"['apontar que o autor ficou surpreso com o fato de Marie Curie ter se tornado a primeira mulher a fazer doutorado.', 'demonstrar o contentamento do autor com o lançamento da série sobre Marie Curie', 'indicar que o autor concorda com o prêmio Nobel conquistado pelo casal de cientistas.', 'mostrar a satisfação do autor com o fato de os riscos da radioatividade serem conhecidos atualmente.']"
Game Super Mario Bros. de 1986 é leiloado por preço recorde nos EUA,"Uma cópia fechada de 1986 do game Super Mario Bros. para o console NES, da Nintendo, foi leiloada por US$ 660 mil (R$ 3,7 milhões), no dia 2 de abril, nos Estados Unidos, de acordo com a casa de leilões Heritage Auctions, em Dallas. A casa de leilões disse para o jornal New York Times que o jogo foi comprado em 1986 como presente de Natal, mas ficou esquecido intacto em uma gaveta por 35 anos. Ele foi produzido no final de 1986 durante um breve período quando os jogos eram lacrados com filme plástico, em vez de selo adesivo. “Ele ficou no fundo da minha mesa de escritório esse tempo todo, desde o dia em que o comprei”, disse o vendedor, que pediu para não ser identificado. [...] Em comunicado, a casa de leilões Heritage Auctions informou que o preço foi um recorde para um videogame. Outra cópia do mesmo jogo havia sido vendida em julho do ano passado por US$ 114 mil (R$ 638 mil). Valarie McLeckie, que supervisiona as vendas de videogames na Heritage Auction, disse que encontrar outra cópia desta mesma produção em condições semelhantes seria o mesmo que procurar uma única gota d’água em um oceano. [...]","D19 - Reconhecer o efeito de sentido decorrente da escolha de palavras, frases ou expressões.","Nesse texto, a expressão “...uma única gota d’água em um oceano” produz o sentido de",c,9° ano,SPACE,Avaliação paraná,indicar que o número de cópias produzidas na época do lançamento do jogo foi alto,"['apontar que a procura por jogos aumenta na época do fim do ano.', 'demonstrar que o jogo foi vendido por um preço acima do seu valor de custo.', 'indicar que o número de cópias produzidas na época do lançamento do jogo foi alto', 'reforçar a ideia de que encontrar uma cópia fechada do jogo é algo difícil de acontecer.']"
Quanto custa a falta d’água?,"A água é um recurso natural muito valioso, não só para economia mundial como também para toda a sociedade civil. Cuidar da água está intimamente ligado à sustentabilidade, já que não há futuro sustentável se tivermos desabastecimento. A presença ou a falta dela tem impactos sociais, ambientais e econômicos imensuráveis, por isso a necessidade urgente de medidas de preservação. Vivemos em um país em que 35 milhões de pessoas não possuem acesso à água potável e outros 100 milhões (quase metade da população) não têm o seu esgoto tratado. Isso tem um impacto gigantesco na qualidade de nossos rios e reservatórios e na oferta de água limpa, o que causa mais custos no tratamento e disponibilização para a população. [...] Por meio da redução do desperdício, o fim do descarte incorreto e uso racional, podemos criar uma nova era pautada pela sustentabilidade, que vai nos ajudar a garantir o futuro equilibrado de todas as nossas atividades. Afinal, não podemos nem sequer imaginar o quanto custaria a todos nós não ter mais acesso à água. Portanto, a afirmação “água é vida” resume bem o tom de conscientização que todos nós devemos ter.","D19 - Reconhecer o efeito de sentido decorrente da escolha de palavras, frases ou expressões.","Nesse texto, no trecho ""...conscientização que todos nós devemos ter."" o termo “devemos” produz o sentido de",b,9° ano,SPACE,Avaliação paraná,convencer o leitor de que preservar a água depende da conscientização de todos.,"['apontar que a falta de esgoto tratado ocasiona impactos econômicos na sociedade.', 'convencer o leitor de que preservar a água depende da conscientização de todos.', 'enumerar as atitudes que precisam ser tomadas para evitar o desperdício de água.', 'indicar que a falta de acesso ao tratamento de esgoto atinge números altos.']"
Estatuto da Criança e do Adolescent,"Art. 83. Nenhuma criança poderá viajar para fora da comarca onde reside, desacompanhada dos pais ou responsável, sem expressa autorização judicial. § 1º A autorização não será exigida quando: a)tratar-se de comarca contígua à da residência da criança, se na mesma unidade da Federação, ou incluída na mesma região metropolitana; b) a criança estiver acompanhada: 1) de ascendente ou colateral maior, até o terceiro grau, comprovado documentalmente o parentesco; 2) de pessoa maior, expressamente autorizada pelo pai, mãe ou responsável. § 2º A autoridade judiciária poderá, a pedido dos pais ou responsável, conceder autorização válida por dois anos. Art. 84. Quando se tratar de viagem ao exterior, a autorização é dispensável, se a criança ou adolescente:  I - estiver acompanhado de ambos os pais ou responsável; II - viajar na companhia de um dos pais, autorizado expressamente pelo outro através de documento com firma reconhecida. Art. 85. Sem prévia e expressa autorização judicial, nenhuma criança ou adolescente nascido em território nacional poderá sair do País em companhia de estrangeiro residente ou domiciliado no exterior","D19 - Reconhecer o efeito de sentido decorrente da escolha de palavras, frases ou expressões.","Nesse texto, o trecho “Nenhuma criança poderá viajar...” a expressão ""Nenhuma criança poderá"" produz o sentido de",b,9° ano,SPACE,Avaliação paraná,demonstrar proibição.,"['apontar responsabilidade.\r', 'demonstrar proibição.', 'expressar afetividade.', 'mostrar possibilidade.']"
Cidadezinha cheia de graça,"Cidadezinha cheia de graça… Tão pequenina que até causa dó! Com seus burricos a pastar na praça… Sua igrejinha de uma torre só. Nuvens que venham, nuvens e asas, Não param nunca, nem um segundo… E fica a torre sobre as velhas casas, Fica cismando como é vasto o mundo!… Eu que de longe venho perdido, Sem pouso fixo (que triste sina!) Ah, quem me dera ter lá nascido! Lá toda a vida poder morar! Cidadezinha… Tão pequenina Que toda cabe num só olhar…","D19 - Reconhecer o efeito de sentido decorrente da escolha de palavras, frases ou expressões.","No verso “Que toda cabe num só olhar…” a expressão ""cabe num só olhar"" foi usada para",d,9° ano,SPACE,Avaliação paraná,reforçar que a cidade é pequena.,"['demonstrar que a cidade é alegre.', 'destacar a beleza da cidade.', 'expressar admiração pela cidade.', 'reforçar que a cidade é pequena.']"
Viagem a Brobdingnag,"[...] Os primeiros 20 dias de viagem não foram muito calmos, pois os ventos fortes dificultavam as operações de bordo e a manutenção da rota. Na madrugada do 21º dia, o Aventura foi atingido por uma violenta tempestade que, embora tenha durado horas, foi suficiente para fazer com que perdêssemos nossa localização no mapa. O dia seguinte amanheceu claro e bonito. Logo avistamos, ao sul, alguns rochedos, que poderiam pertencer a uma ilha ou mesmo a um continente. Como já se esgotava nossa água potável, o comandante ordenou a 12 homens que tomassem um bote e procurassem fontes ou rios; talvez até achassem alguém que nos informasse sobre nossa localização. [...] Foi um pouco custoso alcançar a praia, por causa dos recifes enormes e pontiagudos. Quando, finalmente, chegamos, resolvemos nos separar. Eu, com minha experiência, iria por um lado e os outros homens pelo outro, até nos encontrarmos no ponto de partida [...]. Andei bastante tempo sem encontrar vestígio de água. Decidi voltar para ver se os marinheiros tinham tido melhor sorte. Quase próximo ao lugar combinado, olhei para o mar e vi meus companheiros no bote, afastando-se rapidamente da praia em direção ao navio. Eles haviam me esquecido em terra! Comecei a chamá-los: – Esperem! Estou aqui! Porém, meu último grito ficou preso na garganta e meu olhar fixo na figura de um homem de mais ou menos 20 metros de altura, que ia no encalço do bote e do Aventura [...]. Dei meia-volta e saí em disparada pelo mesmo caminho que acabara de percorrer. [...]","D19 - Reconhecer o efeito de sentido decorrente da escolha de palavras, frases ou expressões.","No trecho “Quando, finalmente, chegamos, resolvemos nos separar.” a palavra ""finalmente"" foi usada para",d,9° ano,SPACE,Avaliação paraná,sugerir demora.,"['apresentar uma deboche.', 'indicar desespero.', 'marcar uma característica.', 'sugerir demora.']"
Muros: ambientes de aprendizagem,"Muros que falam! Os grafites chamam atenção nas paredes e muros da cidade. Por detrás de cada traço, há uma história a ser contada, tem uma estética. [...] Muito do que nós somos, independentemente de fatores genéticos, é resultado do contato que temos com o meio em que vivemos [...]. O ambiente agradável também é um fator importante para o reforço da autoestima do estudante, do professor e da comunidade escolar. [...] Nesse contexto, passamos a recuperar a estética dos muros das unidades educativas, tornando o visual mais agradável. Precisamos de ambientes que possuam sinergia própria, condição para o bom funcionamento da educação. [...] É o mix das relações estudante-professor, bem como de todos com os tipos de aprendizagem propostos e tudo aquilo que se aproveita da funcionalidade espacial para criar um ambiente propício para a troca de conhecimento. [...] A grafitagem abrirá um diálogo com a comunidade, em que o conhecimento ultrapassará os limites do paredão frio [...]. Os muros serão painéis para a recepção, emissão e difusão de vários registros pictóricos que impactarão na comunidade.","D19 - Reconhecer o efeito de sentido decorrente da escolha de palavras, frases ou expressões.","Nesse texto, no trecho “...ultrapassará os limites do paredão frio...” a expressão ""paredão frio"" destacada produz o sentido de",c,9° ano,SPACE,Avaliação paraná,indicar que a parede não possui arte.,"['apontar as rachaduras presentes na parede.', 'demostrar o desejo de ver o outro lado do muro.', 'indicar que a parede não possui arte.', 'marcar que os muros não têm altura adequada.']"
Agricultor belga muda sem querer a fronteira com a França,"Um fazendeiro na Bélgica causou comoção nacional depois de “redefinir”, por acidente, a fronteira do país com a França. Uma pessoa, com conhecimento sobre história e as fronteiras dos dois países, estava passeando na floresta entre Bélgica e França quando percebeu que a pedra que marcava a fronteira havia sido deslocada em 2,29 metros. O fazendeiro belga, aparentemente incomodado com a pedra no caminho de seu trator, moveu-a para dentro do território francês. Mas em vez de causar um alvoroço internacional, o incidente foi recebido com sorrisos e piadas em ambos os lados da fronteira. “Ele aumentou o tamanho da Bélgica e diminuiu o da França, não é uma boa ideia”, disse David Lavaux, prefeito da vila belga de Erquelinnes, ao canal de TV francês TF1. [...] A fronteira entre a França e o que agora é a Bélgica se estende por 620 km. Ela foi formalmente estabelecida no Tratado de Kortrijk, assinado em 1820 [...]. A pedra data de 1819, quando a fronteira foi demarcada pela primeira vez. “Fiquei feliz, minha cidade ficou maior”, acrescentou o prefeito belga, rindo. “Mas o prefeito de Bousignies-sur-Roc não gostou.” [...] BBC NEWS BRASIL. Agricultor belga mu","D17 - Reconhecer o sentido das relações lógico-discursivas marcadas por conjunções, advérbios etc.","Nesse texto, no trecho ""...Bélgica e França quando percebeu que a pedra..."", o termo “quando” foi utilizado para",d,9° ano,SPACE,Avaliação paraná,sugerir tempo.,"['apontar causa.', 'indicar comparação.', 'mostrar proporção.', 'sugerir tempo.']"
Fóssil de nova espécie de dinossauro é encontrado no Paraná,"O Museu Nacional, ligado à UFRJ (Universidade Federal do Rio de Janeiro), anunciou nesta quinta-feira (18) a descoberta de uma nova espécie de dinossauro que viveu no Brasil entre 70 milhões e 80 milhões de anos atrás. Os pesquisadores encontraram o fóssil do dinossauro em escavações na zona rural da cidade de Cruzeiro do Oeste (PR), perto da divisa com o Mato Grosso do Sul. A espécie recebeu o nome de Berthasaura leopoldinae. De acordo com a instituição, o fóssil descoberto é o mais completo de um dinossauro do período Cretáceo (situado entre 145 milhões e 65 milhões de anos atrás) já achado no Brasil. Além de estar quase inteiramente preservado, ele surpreendeu os paleontólogos por suas características raras – é, por exemplo, o primeiro dinossauro edêntulo (sem dentes) descoberto na América do Sul. [...] “Bertha”, apelido que a espécie ganhou, é um terópode [...]. A espécie tinha cerca de um metro de comprimento até a cauda e chegava a 80 centímetros de altura. [...] O nome escolhido pelos pesquisadores é uma tripla homenagem. Faz referência à pesquisadora brasileira Bertha (1894-1976), que foi bióloga do Museu Nacional [...], à imperatriz Maria Leopoldina (1797–1826), que incentivou as ciências da natureza no Brasil, e à escola de samba Imperatriz Leopoldinense, cujo enredo [...] homenageou o Museu Nacional. O diretor da instituição, Alexandre Kellner, explicou [...] porque a descoberta do novo dinossauro impressionou os paleontólogos. “Tínhamos o Limussaurus, na China, onde formas jovens dessa espécie têm dentes, que são perdidos quando atingem a forma adulta. Mas, agora, temos um animal totalmente diferente, que provavelmente nunca teve dente”, disse. “Se alguém me dissesse que iríamos encontrar um terópode sem dente, e no Brasil, eu não acreditaria. Essas formas são encontradas na Ásia, algumas nos EUA. De forma geral, é uma surpresa.”","D17 - Reconhecer o sentido das relações lógico-discursivas marcadas por conjunções, advérbios etc.","No texto, no trecho “...onde formas jovens dessa espécie têm dentes...” o termo ""onde"" foi usado para",c,9° ano,SPACE,Avaliação paraná,indicar finalidade.,"['apontar uma consequência.', 'demonstrar proporção.', 'indicar finalidade.', 'marcar um lugar.']"
Muros: ambientes de aprendizagem,"Muros que falam! Os grafites chamam atenção nas paredes e muros da cidade. Por detrás de cada traço, há uma história a ser contada, tem uma estética. [...] Muito do que nós somos, independentemente de fatores genéticos, é resultado do contato que temos com o meio em que vivemos [...]. O ambiente agradável também é um fator importante para o reforço da autoestima do estudante, do professor e da comunidade escolar. [...] Nesse contexto, passamos a recuperar a estética dos muros das unidades educativas, tornando o visual mais agradável. Precisamos de ambientes que possuam sinergia própria, condição para o bom funcionamento da educação. [...] É o mix das relações estudante-professor, bem como de todos com os tipos de aprendizagem propostos e tudo aquilo que se aproveita da funcionalidade espacial para criar um ambiente propício para a troca de conhecimento. [...] A grafitagem abrirá um diálogo com a comunidade, em que o conhecimento ultrapassará os limites do paredão frio [...]. Os muros serão painéis para a recepção, emissão e difusão de vários registros pictóricos que impactarão na comunidade.","D17 - Reconhecer o sentido das relações lógico-discursivas marcadas por conjunções, advérbios etc.","Nesse texto, no trecho “... é um fator importante para o reforço...” a palavra ""para"" foi usada para",a,9° ano,SPACE,Avaliação paraná,apontar finalidade.,"['apontar finalidade.', 'expressar causa.', 'marcar tempo.', 'sugerir condição.']"
Resenhas – O Pequeno Príncipe,"[...] Que livro fantástico! Ele atende todos os públicos, ensina lições para qualquer idade e sua linguagem fácil colabora para isso. Ser criança é ver a vida de forma mais colorida, é sonhar e ter esperança de que irá realizar. É ter as brincadeiras e a imaginação como as grandes atividades do dia. Bem se fala que devemos ter a pureza e o coração de uma criança, pois elas veem além do superficial. Por isso, deixar que a nossa criança interior viva é nos permitir olhar além do que vemos. Permita-se apreciar os prazeres da vida e a desfrutar dos momentos que vivencia, assim, você perceberá que o essencial é invisível aos olhos, porque o que é bom é visto pelo coração. Cativa as relações adquiridas ao longo da caminhada e não se esqueça: todo adulto já foi uma criança cheia de sonhos. Você já realizou os seus?","D17 - Reconhecer o sentido das relações lógico-discursivas marcadas por conjunções, advérbios etc.","Nesse texto, no trecho “... é sonhar e ter esperança de que irá realizar.”, o termo ""e"" foi utilizado para",b,9° ano,SPACE,Avaliação paraná,expressar adição.,"['apontar oposição.', 'expressar adição.', 'indicar alternância.', 'sugerir explicação.']"
Sonda da Nasa pousa em Marte com sucesso para missão em “antigo lago”,"Na tarde desta quinta-feira, às 17h55 (horário de Brasília), a sonda Perseverance aterrissou em Marte após realizar com sucesso os “sete minutos de terror”, momento mais crítico de toda a viagem que começou em julho de 2020. É durante esse curto espaço de tempo que a NASA perde o sinal da sonda, que inicia sua entrada e descida na atmosfera do planeta vermelho, realizando manobras bastante complicadas. Para pousar com segurança na paisagem acidentada do planeta, foi utilizada a tecnologia de Navegação Relativa ao Terreno, uma das mais modernas e pela primeira vez em ação, com um sistema de piloto automático. Agora, a Perseverance vai explorar a atmosfera e o solo de Marte, coletando inclusive amostras de rochas para análises posteriores, pelo período de um ano marciano, ou seja, 687 dias terrestres. O prazo pode variar para mais ou para menos. O pouso aconteceu na cratera de Jezero, que tem cerca de 45 km de diâmetro [...]. Mas o Perseverance não está sozinho! Ainda em operação no planeta vermelho temos o robô Curiosity, que pousou na cratera de Gale em 2012, também tentando encontrar sinais de vida passada em Marte. [...]","D17 - Reconhecer o sentido das relações lógico-discursivas marcadas por conjunções, advérbios etc.","Nesse texto, no trecho “O prazo pode variar para mais ou para menos.”, o termo ""ou"" foi utilizado para",b,9° ano,SPACE,Avaliação paraná,indicar alternância.,"['demarcar adição.', 'indicar alternância.', 'marcar explicação.', 'sugerir oposição.']"
Pode tocar à vontade,"A mistura do olhar treinado de designer com o olhar de criança curiosa fez com que Juliana Gatti se perguntasse: “Por que eu não sei que planta é essa da esquina de casa?” A resposta veio em forma de um interessante projeto, o Árvores Vivas. Junto com uma equipe, que inclui biólogos e paisagistas, Juliana bate perna pelos parques de São Paulo ensinando botânica de um jeito pouco convencional. As nomenclaturas ficam em segundo plano e o que vale é a sensação de “experimentar” as plantas por meio do toque.” Não é essencial saber o nome da espécie. Isso está disponível nos livros. É só sentindo a textura da folha do manacá que você vai lembrar o que é a folha do manacá”, justifica Juliana, que faz um mapeamento das árvores do parque antes dos passeios. Além de sua experiência pessoal e da ajuda da equipe, leva a tiracolo sua “caixa mágica” – como apelidou seu acervo com cerca de 100 diferentes espécies. Atualmente, só podem participar do Árvores Vivas empresas e escolas, mas a ideia é abrir inscrições para grupos independentes até o final do ano.","D17 - Reconhecer o sentido das relações lógico-discursivas marcadas por conjunções, advérbios etc.","No trecho “Além de sua experiência pessoal...” a expressão ""Além de "" introduz uma ideia de",d,9° ano,SPACE,Avaliação paraná,adição.,"['oposição.', 'explicação.', 'alternância.', 'adição.']"
A vizinha antipática que sabia matemática ,"[...] Parecia uma sexta-feira como outra qualquer quando um caminhão de mudança parou em frente ao número 134 da minha rua, o sobrado geminado com o que eu moro. O pessoal da mudança descarregou uns móveis pesadões, uma escrivaninha irada, cheia de gavetinhas, parecida com a do meu avô. Do meu jardim, fiquei de olho em tudo. Quando o pessoal terminou de descarregar os móveis da casa, começou a tirar do caminhão umas caixas, milhares de caixas... Talvez centenas... Bem, umas dez caixas eu garanto que tinha. Aí apareceu uma senhora com cara de avó. Mas não vi nenhum neto. Uma mulher nem alta nem baixa e com os cabelos nem curtos nem compridos. Ela pagou aos homens da mudança e, quando ia entrando em casa, me viu. Não sei por que, mas me deu um frio na barriga, igual ao que tinha antes das aulas de matemática. A mulher me olhou, de baixo pra cima e de cima pra baixo, [...] entrou na casa e fechou a porta. [...] Ela podia ter dito alguma coisa do tipo: “Oi, você mora aí?”. Ou: “Oi, eu sou sua nova vizinha”. Mas nada. Fez que nem me viu [...]. Vizinha antipática! [...].","D17 - Reconhecer o sentido das relações lógico-discursivas marcadas por conjunções, advérbios etc.","Nesse texto, no trecho “Quando o pessoal terminou de descarregar os móveis...” o termo ""Quando"" produz o sentido de",b,9° ano,SPACE,Avaliação paraná,destacar adição.,"['apontar causa.', 'destacar adição.', 'indicar tempo.', 'marcar oposição.']"
"Poderes à prova
","Entre maio e agosto, muitos filmes são lançados nos cinemas norte-americanos, e consequentemente, no Brasil. [...] E tal como nos últimos anos, entre os principais sucessos estão os filmes de super-heróis. Vingadores, Homem de Ferro, Homem-Aranha, Batman, Superman, Capitão América e outros ganham destaque nas telas de cinema, talvez pelo apelo que esses personagens têm em diversas faixas etárias. [...] O mais famoso dos super-heróis é o Superman, que surgiu em 1938, em uma história em quadrinhos. Por ter nascido em um planeta diferente (Kripton), com uma gravidade muito maior do que a da Terra [...], apresenta características especiais. Os superpoderes do Superman são realmente fantásticos. Ele pode voar em altíssimas velocidades (algumas vezes até mais rápido do que a luz) e tem superforça, supervisão, superaudição, visão de calor e de raios X. Será que tais poderes seriam possíveis na vida real? Infelizmente, do ponto de vista da física, as habilidades do Superman são impossíveis. Por exemplo, seu voo acontece sem que nada o impulsione. Todos os movimentos decorrem da ação de uma única força. Para um avião a jato voar, por exemplo, ele usa turbinas que sugam o ar e, em seguida, o expele com grande força, para que ocorra uma reação, igual e contrária [...] que o impulsiona para frente. [...]","D14 - Reconhecer as relações entre partes de um texto, identificando os recursos coesivos que contribuem para sua continuidade.","Nesse texto, no trecho “Ele pode voar em altíssimas velocidades...” o termo ""Ele"" refere-se a",d,9° ano,SPACE,Avaliação paraná,Superman.,"['Batman', 'Capitão América.', 'Homem de Ferro.', 'Superman.']"
Pode tocar à vontade,"A mistura do olhar treinado de designer com o olhar de criança curiosa fez com que Juliana Gatti se perguntasse: “Por que eu não sei que planta é essa da esquina de casa?” A resposta veio em forma de um interessante projeto, o Árvores Vivas. Junto com uma equipe, que inclui biólogos e paisagistas, Juliana bate perna pelos parques de São Paulo ensinando botânica de um jeito pouco convencional. As nomenclaturas ficam em segundo plano e o que vale é a sensação de “experimentar” as plantas por meio do toque.” Não é essencial saber o nome da espécie. Isso está disponível nos livros. É só sentindo a textura da folha do manacá que você vai lembrar o que é a folha do manacá”, justifica Juliana, que faz um mapeamento das árvores do parque antes dos passeios. Além de sua experiência pessoal e da ajuda da equipe, leva a tiracolo sua “caixa mágica” – como apelidou seu acervo com cerca de 100 diferentes espécies. Atualmente, só podem participar do Árvores Vivas empresas e escolas, mas a ideia é abrir inscrições para grupos independentes até o final do ano.","D14 - Reconhecer as relações entre partes de um texto, identificando os recursos coesivos que contribuem para sua continuidade.","No trecho “Isso está disponível nos livros.” o termo ""isso"" refere-se a",b,9° ano,SPACE,Avaliação paraná,nome da espécie.,"['mapeamento das árvores.', 'nome da espécie.', 'projeto Árvores Vivas.', 'textura da folha.']"
ABC,"Quando a gente aprende a ler, as letras, nos livros, são grandes. Nas cartilhas – pelo menos nas cartilhas do meu tempo – as letras eram enormes. Lá estava o A, como uma grande tenda. O B, com seu grande busto e sua barriga ainda maior. O C, sempre pronto a morder a letra seguinte com a sua grande boca. O D, com seu ar próspero de grão-senhor. Etc. Até o Z, que sempre me parecia estar olhando para trás. Talvez porque não se convencesse que era a última letra do alfabeto e quisesse certificar-se de que atrás não vinha mais nenhuma. As letras eram grandes, claro, para que decorássemos a sua forma. Mas não precisavam ser tão grandes. Que eu me lembre, minha visão na época era perfeita. Nunca mais foi tão boa. E no entanto os livros infantis eram impressos com letras graúdas e entrelinhas generosas. E as palavras eram curtas. Para não cansar a vista. À medida que a gente ia crescendo, as letras iam diminuindo. E as palavras, aumentando. Quando não se tem mais uma visão de criança é que se começa, por exemplo, a ler jornal, com seus tipos miúdos e linhas apertadas que requerem uma visão de criança. Na época em que começamos a prestar atenção em coisas como notas de pé de página, bulas de remédio e subcláusulas de contrato, já não temos mais metade da visão perfeita que tínhamos na infância [...]. Chegamos à idade de ler grossos volumes em corpo 1 6 quando só temos olhos para as letras gigantescas, coloridas e cercadas de muito branco, dos livros infantis. Quanto mais cansada a vista, mais exigem dela. Alguns recorrem à lente de aumento para seccionar as grandes palavras em manejáveis monossílabos infantis. [...] O E, que sempre parecia querer distância das outras. O R! Todas as letras tinham pé, mas o R era o único que chutava. O V, que aparecia em várias formas: refletido na água (o X), de muletas (o M), com o irmão siamês (o W). O Q, que era um O com a língua de fora. De tanto ler palavras, nunca mais reparamos nas letras. E de tanto ler frases, nunca mais notamos as palavras, com todo o seu mistério. Por exemplo: pode haver palavra mais estranha do que “esdrúxulo”? É uma palavra, sei lá. Esdrúxula. [...] As cartilhas, com sua alegre simplicidade, serviam para dissimular os terrores que a língua nos reservava. Como “esdrúxulo”. Para não falar em “autóctone”. Ou, meu Deus, em “seborreia”! Na verdade, acho que as crianças deviam aprender a ler nos livros do Hegel e em longos tratados de metafísica. Só elas têm a visão adequada à densidade do texto, o gosto pela abstração e tempo disponível para lidar com o infinito. E na velhice, com a sabedoria acumulada numa vida de leituras, com as letras ficando progressivamente maiores à medida que nossos olhos se cansavam, estaríamos então prontos para enfrentar o conceito básico de que vovô vê a uva, e viva o vovô. [...]","D14 - Reconhecer as relações entre partes de um texto, identificando os recursos coesivos que contribuem para sua continuidade.","No trecho “... mais exigem dela.” a palavra ""dela"" substitui",c,9° ano,SPACE,Avaliação paraná,vista.,"['infância.', 'idade.', 'vista.', 'lente.']"
O roubo da árvore,"Era um homem tímido [...] – mas não triste, de jeito algum. E tinha fascínio pelo Natal. [...] Adorava as festas de fim de ano. Vivia só num apartamento antigo, cercado de prédios modernos que tinham crescido em torno como cogumelos, mas da janela da sala tinha a visão de um bom pedaço do espelho d’água da Lagoa. E o melhor pedaço de todos – pois era bem ali que a prefeitura armava a árvore de Natal. Quando chegava novembro, ele – que já passava dos 60 – acompanhava a construção da árvore com uma excitação infantil. A imensa estrutura metálica levava semanas sendo armada e, depois de pronta, era deslocada até o meio da Lagoa, felizmente ainda dentro de seu campo de visão. [...] No dia marcado, acordou cedo e foi espiar para ver se a árvore já fora rebocada até seu lugar definitivo. E então percebeu, com um choque, que ela havia desaparecido. Encostouse ao parapeito da janela, os olhos varrendo o espelho d’água em busca de uma explicação, algum sinal. Nada. O que teria acontecido? Após algum tempo, concluiu: com certeza este ano tinham decidido colocá-la um pouco mais para lá, perto do Cantagalo, onde ele ouvira dizer que fora montado um palco, para um show. Se fosse isso, não haveria jeito. Teria de se conformar. [...] Torceu as mãos, ainda guardando a esperança de que, na hora da cerimônia, a árvore estivesse de volta ao espaço onde sempre ficara. Mas, à noite, foi com os olhos úmidos que ouviu o espoucar dos primeiros fogos da festa. Por cima dos edifícios altos, lá pelas bandas do Cantagalo, viu os clarões dos fogos de artifício – apenas os clarões, mais nada. Àquela altura, sua árvore já devia estar toda iluminada, cintilando no meio da Lagoa – mas para outros olhos, pensou. [...] No dia seguinte, evitou ir à janela. Andejou pela casa o dia inteiro, sem muito o que fazer, pois era domingo. Remexeu em papéis velhos, leu um pouco, ouviu música, mas preferiu não assistir ao noticiário da televisão. Já era de noitinha quando ouviu um barulhinho de chuva e, quase sem perceber, foi até a janela espiar. Seus olhos [...] então ficaram úmidos, como a noite lá fora.  No meio da Lagoa, brilhando por entre as gotas de chuva, lá estava ela. Sua árvore de volta",D11 - Reconhecer os elementos que compõem uma narrativa e o conflito gerador.,"Nesse texto, o desfecho da história ocorre quando o homem",d,9° ano,SPACE,Avaliação paraná,vê pela janela que a árvore estava no meio da Lagoa.,"['acorda cedo para espiar se a árvore foi rebocada.', 'ouve os fogos de artifício perto do Cantagalo.', 'percebe que a árvore havia desaparecido.', 'vê pela janela que a árvore estava no meio da Lagoa.']"
Traços traçados,"Era uma vez um traço. E era uma outra vez outro traço. Os dois foram traçados por um menino que gostava muito de desenhar trecos com muitas tramas. A transação dos traços deu uma trança. E essa trança, trançada com outros tantos traços, deu ‘trocentos’ troços traçados! “Trocentos troços traçados fazem muitas trocas”, ele pensou, já tonto com tantos tês e ‘trs’. Então, no meio de tantos traços e tantas letras, sem travas nem trapaças, o menino fez uma descoberta transcendental! Foi assim, entre traços entrelaçados e letras tresloucadas, que ele descobriu que é assim que se fazem... Os livros.",D11 - Reconhecer os elementos que compõem uma narrativa e o conflito gerador.,Qual é o trecho que mostra o momento em que essa história acontece?,a,9° ano,SPACE,Avaliação paraná,“Era uma vez um traço.”.,"['“Era uma vez um traço.”.', '“E essa trança, trançada...”.', '“... deu ‘trocentos’ troços traçados!”.', '“... é assim que se fazem... Os livros.”.']"
"Aparelho nos dentes, antes motivo de piada, agora é moda
","Sorriso metálico virou moda. Aparelhos para os dentes têm borrachas coloridas e em forma de bichos, são feitos com material que brilha no escuro e “glitter”. Com tanta novidade para atrair crianças, ferros na boca não são mais motivo de piada, como eram há pouco tempo. Além de acessórios fashion (da moda), o aumento do uso fez com que os aparelhos não parecessem estranhos. Antes, eles não eram tão comuns. O tratamento era mais caro e acreditava-se que era preciso esperar os dentes permanentes para usá-los. Essa ideia mudou. “Os dentes são como planta. Quando nasce torta, é mais fácil corrigir antes que cresça”, diz Inês Verginia Zampieri Bof, especialista em ortodontia (correção dos dentes) infantil. O Brasil começou a produzir aparelhos, o que os tornou mais baratos (antes, vinham de outros países).[...]",D07 - Diferenciar a informação principal das secundárias em um texto.,A informação principal desse texto é,a,9° ano,SPACE,Avaliação paraná,“Sorriso metálico virou moda.”. ,"['“Sorriso metálico virou moda.”. ', '“Antes, eles não eram tão comuns.”.', '“O tratamento era mais caro...”.', '“O Brasil começou a produzir aparelhos,...”']"
Férias e excesso de jogos eletrônicos,"As férias estão aí [...]. Alguns planejam viajar, outros preferem simplesmente descansar. Mas uma coisa é certa: jogos eletrônicos em geral estão cada vez mais presentes na rotina dos jovens. Em primeiro lugar, devemos lembrar que jogos em geral são muito importantes no desenvolvimento dos adolescentes [...] “O jogo é uma espécie de brincadeira compartilhada além de ser uma forma de diversão” [...], diz Fernanda Canavêz, psicóloga. De nada adianta proibi-lo de jogar e não oferecer nenhuma alternativa em troca. “É importante que o adolescente tenha outras opções de lazer, para diversificar a maneira como utiliza o seu tempo livre, além da possibilidade de conviver com seus amigos e familiares”. [...] Procure opções esportivas e culturais na sua cidade, geralmente as ofertas aumentam nesse período. Use a criatividade.",D07 - Diferenciar a informação principal das secundárias em um texto.,A parte principal do texto está marcada no trecho,c,9° ano,SPACE,Avaliação paraná,"“‘É importante que o adolescente tenha outras opções de lazer, para diversificar a maneira como utiliza o seu tempo livre,...’”.","['“Alguns planejam viajar,...”', '“‘O jogo é uma espécie de brincadeira compartilhada, além de ser uma forma de diversão’ [...], diz Fernanda Canavêz, psicóloga.”.', '“‘É importante que o adolescente tenha outras opções de lazer, para diversificar a maneira como utiliza o seu tempo livre,...’”.', '“Use a criatividade.”']"
A vizinha antipática que sabia matemática ,"[...] Parecia uma sexta-feira como outra qualquer quando um caminhão de mudança parou em frente ao número 134 da minha rua, o sobrado geminado com o que eu moro. O pessoal da mudança descarregou uns móveis pesadões, uma escrivaninha irada, cheia de gavetinhas, parecida com a do meu avô. Do meu jardim, fiquei de olho em tudo. Quando o pessoal terminou de descarregar os móveis da casa, começou a tirar do caminhão umas caixas, milhares de caixas... Talvez centenas... Bem, umas dez caixas eu garanto que tinha. Aí apareceu uma senhora com cara de avó. Mas não vi nenhum neto. Uma mulher nem alta nem baixa e com os cabelos nem curtos nem compridos. Ela pagou aos homens da mudança e, quando ia entrando em casa, me viu. Não sei por que, mas me deu um frio na barriga, igual ao que tinha antes das aulas de matemática. A mulher me olhou, de baixo pra cima e de cima pra baixo, [...] entrou na casa e fechou a porta. [...] Ela podia ter dito alguma coisa do tipo: “Oi, você mora aí?”. Ou: “Oi, eu sou sua nova vizinha”. Mas nada. Fez que nem me viu [...]. Vizinha antipática! [...].",D06 - Distinguir fato de opinião relativa ao fato.,"Nesse texto, há uma opinião em",d,9° ano,SPACE,Avaliação paraná,“Vizinha antipática!”.,"['“Aí apareceu uma senhora...”.', '“Mas não vi nenhum neto.”.', '“Ela pagou aos homens da mudança...”', '“Vizinha antipática!”.']"
Resenhas – O Pequeno Príncipe,"[...] Que livro fantástico! Ele atende todos os públicos, ensina lições para qualquer idade e sua linguagem fácil colabora para isso. Ser criança é ver a vida de forma mais colorida, é sonhar e ter esperança de que irá realizar. É ter as brincadeiras e a imaginação como as grandes atividades do dia. Bem se fala que devemos ter a pureza e o coração de uma criança, pois elas veem além do superficial. Por isso, deixar que a nossa criança interior viva é nos permitir olhar além do que vemos. Permita-se apreciar os prazeres da vida e a desfrutar dos momentos que vivencia, assim, você perceberá que o essencial é invisível aos olhos, porque o que é bom é visto pelo coração. Cativa as relações adquiridas ao longo da caminhada e não se esqueça: todo adulto já foi uma criança cheia de sonhos. Você já realizou os seus?",D06 - Distinguir fato de opinião relativa ao fato.,"Nesse texto, há uma opinião em",a,9° ano,SPACE,Avaliação paraná,“Que livro fantástico!”,"['“Que livro fantástico!”', '""Ele atende todos os públicos...”', '“Cativa as relações adquiridas...”.', '“Você já realizou os seus?”.']"
O amanhã dos livros,"Sou um “livrólatra”. [...] Começo um, devoro e parto para outros. Não posso evitar. Devo admitir que o momento de pós-leitura é melhor do que a leitura em si, pois passo a diagnosticar os motivos pelos quais o enredo chegou ao clímax. Assim posto, meu gostar de livros é condicionado: jamais cederei à literatura digital. Durante a semana observei, dentro de um ônibus, alguns jovens usando aparelhos de e-books. Sem temer olhares paralelos, eles liam arquivos que outrora eram impressos e colocados com orgulho na estante. Parei para pensar. Será que os livros eletrônicos vão acabar com o bom e velho livro [...]? Desde Gutenberg, fundador da prensa gráfica – que permitiu a propagação de um imenso universo literário – o homem deu asas à criação. A comunicação escrita, restrita então às classes dominantes, viu na impressão uma expansão por todos os cantos da Europa e do mundo. E tal evolução permanece em constante movimento, pois os impressos, tidos como grande referência de conhecimento, tiveram de se adaptar às novas tendências, ganhando outros formatos e se propagando pelo meio digital. E-books, desse modo, são a prensa gráfica do século XXI. [...] Jamais se pode condenar a tecnologia, pois ela surge para nos auxiliar. A inovação sempre será uma opção. Você pode utilizá-la ou não. [...] Um livro digital pode ser carregado em um mínimo pen drive. Mais do que isso, dentro de leitores digitais é possível armazenar milhares de títulos e explorar universos que vão muito além da tela [...]. Os impressos, entretanto, são cult e carregam as memórias de um passado brilhante. Observar suas capas, escolher entre um e outro num jogo de encontros e desencontros são fatores diferenciais para leitores assíduos como eu. Um caso de amor, diga-se de passagem, para a vida inteira.",D06 - Distinguir fato de opinião relativa ao fato.,"Nesse texto, há marca de opinião no trecho",d,9° ano,SPACE,Avaliação paraná,"“Os impressos, entretanto, são cult e carregam as memórias de um passado brilhante.”.","['“Durante a semana observei, dentro de um ônibus, alguns jovens usando aparelhos de e-books.”.', '“A comunicação escrita, restrita então às classes dominantes, viu na impressão uma expansão...”', '“Mais do que isso, dentro de leitores digitais é possível armazenar milhares de títulos...”.', '“Os impressos, entretanto, são cult e carregam as memórias de um passado brilhante.”.']"
"Computador não faz com que se leia menos’, diz Ruth Rocha; leia entrevista","Há 45 anos, em setembro de 1969, Ruth Machado Lousada Rocha teclava uma máquina de escrever trancada no quarto. Acostumada a criar textos para adultos, ela tentava terminar a sua primeira história infantil, para a revista “Recreio”. Só abriu a porta quando finalizou o conto “Romeu e Julieta”, sobre duas borboletas de cores diferentes. Como uma lagarta que sai do casulo, “nascia” ali também a escritora Ruth Rocha. [...] Folhinha ─ A infância mudou nesses 45 anos? Ruth Rocha ─ As crianças são muito parecidas. Por isso, livros infantis mais antigos e contos de fadas ainda encantam gente do mundo todo. Mas hoje tem o computador e outras tecnologias. O problema não é o computador ou a TV, é o uso excessivo deles. Tem criança que fica o dia inteiro com as telinhas ligadas. Não pode. É preciso ter hora para brincar, estudar, sair, comer e, claro, também para o computador e a TV. Tem que ter disciplina. [...] Usar o computador faz com que as crianças leiam menos? Não acho. Nunca se vendeu ou produziu tanto livro. Na minha época, não tínhamos opções, meus colegas não conversavam sobre literatura [...]. Conhecíamos só as histórias do Monteiro Lobato. Hoje há mais opções. [...] A sra. lia muito quando era criança? Muito. Quando eu tinha 13 anos, decidi ler todos os livros de uma biblioteca circulante que ficava na avenida São Luís. Claro que não consegui. Mas acho que li a biblioteca inteira do colégio Rio Branco, onde estudei e trabalhei. E ouvia muitas histórias também? Meu avô era um grande contador de histórias. Era um velhinho engraçado que adorava contar contos de folclore, dos irmãos Grimm, fábulas, histórias das “Mil e Uma Noites”. [...]",D06 - Distinguir fato de opinião relativa ao fato.,"Nesse texto, há um fato no trecho",b,9° ano,SPACE,Avaliação paraná,“Conhecíamos só as histórias do Monteiro Lobato.”.,"['“... contos de fadas ainda encantam gente do mundo todo.”', '“Conhecíamos só as histórias do Monteiro Lobato.”.', ' “... acho que li a biblioteca inteira do colégio Rio Branco...”', '“Era um velhinho engraçado que adorava contar contos de folclore,...”.']"
O roubo da árvore,"Era um homem tímido [...] – mas não triste, de jeito algum. E tinha fascínio pelo Natal. [...] Adorava as festas de fim de ano. Vivia só num apartamento antigo, cercado de prédios modernos que tinham crescido em torno como cogumelos, mas da janela da sala tinha a visão de um bom pedaço do espelho d’água da Lagoa. E o melhor pedaço de todos – pois era bem ali que a prefeitura armava a árvore de Natal. Quando chegava novembro, ele – que já passava dos 60 – acompanhava a construção da árvore com uma excitação infantil. A imensa estrutura metálica levava semanas sendo armada e, depois de pronta, era deslocada até o meio da Lagoa, felizmente ainda dentro de seu campo de visão. [...] No dia marcado, acordou cedo e foi espiar para ver se a árvore já fora rebocada até seu lugar definitivo. E então percebeu, com um choque, que ela havia desaparecido. Encostouse ao parapeito da janela, os olhos varrendo o espelho d’água em busca de uma explicação, algum sinal. Nada. O que teria acontecido? Após algum tempo, concluiu: com certeza este ano tinham decidido colocá-la um pouco mais para lá, perto do Cantagalo, onde ele ouvira dizer que fora montado um palco, para um show. Se fosse isso, não haveria jeito. Teria de se conformar. [...] Torceu as mãos, ainda guardando a esperança de que, na hora da cerimônia, a árvore estivesse de volta ao espaço onde sempre ficara. Mas, à noite, foi com os olhos úmidos que ouviu o espoucar dos primeiros fogos da festa. Por cima dos edifícios altos, lá pelas bandas do Cantagalo, viu os clarões dos fogos de artifício – apenas os clarões, mais nada. Àquela altura, sua árvore já devia estar toda iluminada, cintilando no meio da Lagoa – mas para outros olhos, pensou. [...] No dia seguinte, evitou ir à janela. Andejou pela casa o dia inteiro, sem muito o que fazer, pois era domingo. Remexeu em papéis velhos, leu um pouco, ouviu música, mas preferiu não assistir ao noticiário da televisão. Já era de noitinha quando ouviu um barulhinho de chuva e, quase sem perceber, foi até a janela espiar. Seus olhos [...] então ficaram úmidos, como a noite lá fora.  No meio da Lagoa, brilhando por entre as gotas de chuva, lá estava ela. Sua árvore de volta",D06 - Distinguir fato de opinião relativa ao fato.,Qual trecho desse texto apresenta uma marca de opinião?,a,9° ano,SPACE,Avaliação paraná,“E o melhor pedaço de todos – pois era bem ali que a prefeitura armava a árvore de Natal.”.,"['“E o melhor pedaço de todos – pois era bem ali que a prefeitura armava a árvore de Natal.”.', '“Quando chegava novembro, ele – que já passava dos 60 – acompanhava a construção...”.', '“Encostou-se ao parapeito da janela, os olhos varrendo o espelho d’água...”.', '“No meio da Lagoa, brilhando por entre as gotas de chuva, lá estava ela.”.']"
Alô... é do hospital?,"Toca o telefone na recepção do hospital: – Bom dia, é da recepção? Eu gostaria de falar com alguém que me desse informações sobre os pacientes. Queria saber se certa pessoa está melhor ou piorou... – Qual é o nome do paciente? – Chama-se Maria Isabel e está no quarto 302. – Um momentinho, vou transferir a ligação para o setor de enfermagem... – Bom dia, sou a enfermeira Lourdes. O que deseja? – Gostaria de saber as condições clínicas da paciente Maria Isabel do quarto 302, por favor! – Um minuto, vou localizar o médico de plantão. – Aqui é o Dr. Carlos plantonista. Em que posso ajudar? – Olá, doutor. Precisaria que alguém me informasse sobre a saúde de Maria Isabel que está internada há três semanas no quarto 302. – Ok, minha senhora, vou consultar o prontuário da paciente... Um instante só! Hummm, aqui está: ela se alimentou bem hoje, a pressão arterial e pulso estão estáveis, responde bem à medicação prescrita e vai ser retirada do monitor cardíaco até amanhã. Continuando bem, o médico responsável assinará alta em três dias. – Ahhhh, Graças a Deus! São notícias maravilhosas! Que alegria! – Pelo seu entusiasmo, deve ser alguém muito próximo, certamente da família?! – Não, sou a própria Maria Isabel, telefonando aqui do 302! É que todo mundo entra e sai do quarto mas ninguém me diz nada!!!",D06 - Distinguir fato de opinião relativa ao fato.,O trecho desse texto que apresenta uma opinião é,d,9° ano,SPACE,Avaliação paraná,“São notícias maravilhosas! Que alegria!”.,"['“Queria saber se certa pessoa está melhor...”', '“Um momentinho, vou transferir a ligação para o setor de enfermagem...”.', '“Gostaria de saber as condições clínicas da paciente Maria Isabel...”.', '“São notícias maravilhosas! Que alegria!”.']"
Tamoios no Arpoador,"[...] Convidado a escrever sobre um canto do Rio, escolhi o Arpoador, porque de lá se costuma desfrutar deslumbrantes entardeceres. Os termômetros marcavam quase 40º [...]. Sentado nas pedras, apreciava o Sol refletir com tal intensidade sobre o mar espelhado que devo ter experimentado aquela ilusão ótica que no deserto se chama miragem.Agente entra num clima onírico1 e acredita ver o que não existe. De repente, senti uma urgência febril de dividir aquele espetáculo mágico com alguns personagens que cantaram e encantaram o Rio. A primeira aparição foi de Millôr, que veio correndo pela areia [...]. Passou pelo largo que agora leva o seu nome, subiu até onde eu estava e repetiu uma de suas geniais definições: “O pôr do sol é de quem olha”. Em seguida, foi a vez de Tom e Vinicius, que atravessaram o Parque Garota de Ipanema carregando o violão. [...] Finalmente, vindo de Copacabana, chegou Oscar Niemeyer, trazendo nos olhos as curvas [...] dos morros cariocas com que fez sua arquitetura. Como não podia deixar de ser, a conversa girou em torno dessa cidade solar, [...] exibida que nasceu para ser musa. [...] Era ainda uma criança quando um de seus adoradores, o primeiro governador-geral Tomé de Souza, se desmanchou: “Tudo é graça o que dela se pode dizer”. Alguém lembrou que até os religiosos lançaram sobre ela olhares [...]: “É a mais airosa e amena baía que há em todo o Brasil”, suspirou o padre Anchieta [...]. Estimulado pela exuberância sensorial daquela tarde, resolvi corrigir Vinicius, que dizia que ser carioca é um estado de espírito. Acho que é mais. Não se trata apenas de alma, mas de corpo e alma. Ama-se a cidade com todos os sentidos, a começar pelos olhos. [...] Segundo Tom, que transformou em música tudo isso [...] é uma herança de nossos antepassados tamoios, que nos ensinaram a curtir a água, o corpo, a música e a dança. O Sol já estava sendo rendido no seu plantão diário [...]. Foi quando chegou Cazuza para fazer parte do show. Antes de dar um mergulho, cantou: “Vago na lua deserta das pedras do Arpoador”. Nunca me senti tão tamoio quanto nesse fim de tarde, início de noite nas pedras mágicas do Arpoador.",D06 - Distinguir fato de opinião relativa ao fato.,"Nesse texto, o trecho que apresenta uma opinião do autor é",c,9° ano,SPACE,Avaliação paraná,"“Acho que é mais. Não se trata apenas de alma, mas de corpo e alma.”. ","['“Era ainda uma criança quando um de seus adoradores, o primeiro governador-geral...”.', ' “... resolvi corrigir Vinicius, que dizia que ser carioca é um estado de espírito.”.', '“Acho que é mais. Não se trata apenas de alma, mas de corpo e alma.”. ', '“Foi quando chegou Cazuza para fazer parte do show...”.']"
Dicionário de formas,"Era uma vez eu, Zé Sorveteiro, que me apaixonei por uma princesa que acabara de chegar do outro lado da Terra. Bolei para ela um dicionário de quatro palavras: bola, quadrado, retângulo, triângulo. Japonês se escreve com desenhos. Com desenhos a princesa aprenderia português! [...] Ia até meu carrinho e pedia, desenhando no ar: – Triângulo-bola. Sorvete na casquinha! O dicionário funcionava às maravilhas. Eu? Mandava bilhetes. Desenhava um quadrado com um triângulo em cima e escrevia: casa!!! Caprichava nos pontos de exclamação. Casa!!! Casa!!! Fácil de entender: casa comigo. Mas toda princesa tem uma fera para encontrar bilhetes. Uma hora a fera mandou me chamar. Aí… Aí eu transformei ponto de exclamação em sinal de aguaceiro: – Um traço com um pingo é chuva. Três -!!! – muita chuva. Casa, chuva, chuva, chuva. Estou só avisando… Cuidado com goteiras. [...] Hoje, 60 anos depois, repito, valeu a pena. E lá vou eu apanhar uns triângulos vermelhos para a minha rainha arrumar no triângulo do retângulo do quadrado da frente. Perfeito. Daqui a pouco a jarra da mesa da sala estará toda perfumada com os… Como é mesmo? Vá lá! Com os triângulos vermelhos.",D06 - Distinguir fato de opinião relativa ao fato.,"Nesse texto, o trecho que apresenta uma opinião é",c,9° ano,SPACE,Avaliação paraná,“O dicionário funcionava às maravilhas.”.,"['“Era uma vez eu, Zé Sorveteiro, que me apaixonei...”.', '“Ia até meu carrinho e pedia, desenhando no ar:...”.', '“O dicionário funcionava às maravilhas.”.', '“Aí eu transformei ponto de exclamação em sinal de aguaceiro: ”.']"
"Sonda da Nasa pousa em Marte com sucesso para missão em “antigo lago”
","Na tarde desta quinta-feira, às 17h55 (horário de Brasília), a sonda Perseverance aterrissou em Marte após realizar com sucesso os “sete minutos de terror”, momento mais crítico de toda a viagem que começou em julho de 2020. É durante esse curto espaço de tempo que a NASA perde o sinal da sonda, que inicia sua entrada e descida na atmosfera do planeta vermelho, realizando manobras bastante complicadas. Para pousar com segurança na paisagem acidentada do planeta, foi utilizada a tecnologia de Navegação Relativa ao Terreno, uma das mais modernas e pela primeira vez em ação, com um sistema de piloto automático. Agora, a Perseverance vai explorar a atmosfera e o solo de Marte, coletando inclusive amostras de rochas para análises posteriores, pelo período de um ano marciano, ou seja, 687 dias terrestres. O prazo pode variar para mais ou para menos. O pouso aconteceu na cratera de Jezero, que tem cerca de 45 km de diâmetro [...]. Mas o Perseverance não está sozinho! Ainda em operação no planeta vermelho temos o robô Curiosity, que pousou na cratera de Gale em 2012, também tentando encontrar sinais de vida passada em Marte. [...]",D05 - Identificar o tema ou assunto de um texto.,O tema desse texto é,a,9° ano,SPACE,Avaliação paraná,a aterrissagem bem-sucedida da sonda Perseverance em Marte,"['a aterrissagem bem-sucedida da sonda Perseverance em Marte', 'a extensão do diâmetro de uma cratera marciana chamada Jezero.', 'a forma como a sonda Perseverance analisa as amostras de rochas.', 'a tentativa do robô Curiosity de encontrar sinais de vida passada em Marte.']"
Astronautas compartilham progresso do crescimento de plantas no espaço,"Realizar pesquisas no espaço não é uma tarefa simples. Além das várias questões técnicas envolvidas no processo, os astronautas da Estação Espacial Internacional [...] precisam lidar com um desafio emocional: a saudade de casa. E, para enfrentar esse problema, um dos recursos utilizados são as plantas. Michael Hopkins, comandante da Crew-1, missão da Nasa e da SpaceX, explica que as plantas representam uma conexão com a Terra e, por isso, ele dedica parte do seu tempo à função de “jardineiro espacial”. Apesar de ter um valor sentimental para Hopkins, a ação também é importante do ponto de vista científico e contribui para experimentos da agência espacial estadunidense. Conhecido como Sistema de Produção Vegetal (ou Veggie), o programa da Nasa tem como objetivo estudar o crescimento de plantas sob microgravidade. A vantagem é clara: fornecer alimentos frescos aos astronautas e aprimorar o bem-estar psicológico da equipe durante a estadia no laboratório orbital. Em fevereiro, Hopkins iniciou os experimentos VEG-03K e VEG-03L e foi no mês de abril que os resultados surgiram. Foram testadas sementes de “Extra Dwarf Pak Choi” e “Amara Mustard”, que cresceram por 64 dias – o maior período já registrado na Estação Espacial Internacional para folhas verdes. [...] “Para nós, essa é uma missão cumprida”, afirma, em nota, Matt Romeyn, cientista que participa do projeto a partir do Kennedy Space Center, nos Estados Unidos. [...] O sucesso dos experimentos também traz boas notícias para as próximas missões. No caso das frutas, que deverão chegar ao espaço ainda esse ano, é necessário que haja uma polinização similar à realizada por Hopkins. Além disso, sementes de tomate serão enviadas em 2022. [...]",D05 - Identificar o tema ou assunto de um texto.,O tema desse texto é,d,9° ano,SPACE,Avaliação paraná,o tempo gasto para o desenvolvimento de vegetais.,"['a dificuldade da realização de pesquisas no espaço.', 'a importância do consumo de alimentos frescos.', 'o sucesso de um projeto realizado por astronautas.', 'o tempo gasto para o desenvolvimento de vegetais.']"
"Como surgiu a ideia de andar a cavalo?
","Não se sabe exatamente quando o homem começou a andar a cavalo. Mas é certo que, após a domesticação do animal, muita coisa mudou na sociedade. Os cavalos passaram a auxiliar na agricultura, a servir como meio de transporte. Já a arte de competir em saltos com cavalos teve origem no século 19 [...]. ""Por meio do manejo do cavalo, o homem das estepes atingiu uma organização socioeconômica de grande sucesso. Pastoreando os cavalos, os nômades administraram melhor os recursos disponíveis e evitaram as correrias desenfreadas que, frequentemente, terminavam com suas barrigas vazias"", diz o pesquisador Bjarke Rink em Desvendando o Enigma do Centauro.",D05 - Identificar o tema ou assunto de um texto.,Qual é o tema desse texto?,b,9° ano,SPACE,Avaliação paraná,A origem do ato de montar cavalos.,"['A domesticação de espécies animais.', 'A origem do ato de montar cavalos.', 'Os métodos de plantio na agricultura.', 'Os tipos de meio de transporte existentes.']"
-,"A forma mais usada no mundo é o “hahaha”, que simula o som produzido pela risada. Suas variações, como o “hehehe”, também são bastante disseminadas. Isso não impede que alguns países tenham sua própria versão, como jajaja (nações de língua espanhola), (Grécia) e wakaka (Indonésia), dependendo de como pronunciam o som de “R”. Em alguns lugares, é importante que a risada seja precedida de uma ou duas outras letras: “ahaha” na Itália, [...] e na Ucrânia, por exemplo. Países de língua inglesa também usam o LOL, que significa “laughing out loud” (“rindo alto”). A sigla foi utilizada pela primeira vez nos anos 80.",D05 - Identificar o tema ou assunto de um texto.,Qual é o assunto desse texto?,a,9° ano,SPACE,Avaliação paraná,Como a risada é escrita em várias línguas na internet,"['Como a risada é escrita em várias línguas na internet', 'A pronúncia do “R” na Indonésia.\r', 'A origem da expressão hahaha.', 'Quando as gírias virtuais foram usadas pela primeira vez.']"
Como é feito o leite em pó?,"O leite em pó é uma forma moderna de consumo de leite, que, desidratado, tem sua longevidade estendida. O leite em pó é feito a partir da secagem do leite comum. Para extrair a água, que compõe cerca de 90% da massa do leite, as fábricas fazem-na evaporar num processo lento, que não estraga as proteínas do produto. Primeiro, o leite escorre em paredes metálicas verticais aquecidas a 77 °C, porque o líquido não pode ser fervido. Nessa etapa, evapora até 50% da água, e o leite fica pastoso. O produto concentrado segue então para uma máquina que borrifa minúsculas gotículas contra um jato de ar quente a 180 °C. Um rápido contato é o suficiente para fazer com que o restante da água evapore, e as gotículas de leite se transformem em grãos de leite seco. Então, o leite é separado em diferentes fases: flocos, granulado e pulverizado. Este leite em pó pode apresentar-se com diferentes teores de gordura, conforme o leite utilizado tenha a gordura natural do leite, seja parcialmente desnatado ou seja magro. De qualquer forma, a proteína do leite em pó é a mesma que no leite líquido, com valores próximos de 30 – 35%, o que faz um alimento extremamente interessante. 1kg de leite em pó, adicionado com água, permite obter 6 – 7 litros de leite recombinado.",D05 - Identificar o tema ou assunto de um texto.,Esse texto fala sobre a,d,9° ano,SPACE,Avaliação paraná,maneira de produzir leite em pó.,"['comparação entre os tipos de leite.', 'composição de proteínas no leite em pó.', 'gordura contida no leite desidratado.', 'maneira de produzir leite em pó.']"
Ipojuca recebe projeto de cinema itinerante com sessões gratuitas,"Serão exibidas comédias e filmes infantis nesta quarta, na quinta e sexta. Cine em Cena Brasil vai ocorrer em praça de Nossa Senhora do Ó. O Cine em Cena Brasil chega [...] para exibir longas-metragens de graça à população. O caminhão do projeto vai estacionar na Praça de Eventos Nossa Senhora do Ó, distrito de Ipojuca, e [...] vai rodar filmes de comédia e animações infantis em 3D. Estão na programação “Se Puder... Dirija!”, [...] “SOS Mulheres ao Mar”, [...] “Malévola” [...] e “Frozen – Uma Aventura Congelante” [...]. As sessões têm vagas para 225 pessoas. O projeto [...] renova a proposta de cinema itinerante.",D05 - Identificar o tema ou assunto de um texto.,O assunto desse texto é,c,9° ano,SPACE,Avaliação paraná,o projeto que exibe filmes gratuitos para a população. ,"['a qualidade das animações infantis em 3D.\r', 'as vagas disponíveis para cada sessão de cinema.', 'o projeto que exibe filmes gratuitos para a população. ', 'os tipos de filmes preferidos das crianças.']"
Tieta do Agreste,"[...] AINDA DE LONGE, ANTES DE TRANSPOR A PORTA DOS CORREIOS, Elisa lê, na atitude de dona Carmosina, a comprovação do que já sabia com certeza: a carta não chegara. Faz­se mais pálida a face de Elisa, os pés de chumbo, a voz inarticulada, quase um gemido: – Nada? [...] dona Carmosina indica a correspondência do dia, escassa, espalhada no balcão: – Nada! Hoje não veio nenhuma carta registrada. [...] – Que demora, hein? Em todos esses anos, nunca atrasou tanto… – Mais de dez anos… – gemeu Elisa. – Onze anos e sete meses – corrigiu dona Carmosina, escrupulosa nos detalhes. – Inda me lembro da primeira carta, como se fosse hoje. Quando abri o saco, senti logo o cheiro, naquele tempo ela usava um perfume mais forte que o de agora, encheu a sala. Que carta será essa?, perguntei a mim mesma e li correndo o sobrescrito e o nome do remetente. Estava dirigida a seu pai ou a qualquer membro da família Esteves e quem enviava era Antonieta Esteves [...].",D03 - Inferir o sentido de uma palavra ou expressão.,"No texto, no trecho: “[...] dona Carmosina indica a correspondência do dia, escassa, espalhada no balcão:...” a palavra ""escassa"" foi utilizada com o mesmo sentido de",a,9° ano,SPACE,Avaliação paraná,pouca.,"['pouca.', 'finita.', 'miúda.', 'precária.']"
Dicionário de formas,"Era uma vez eu, Zé Sorveteiro, que me apaixonei por uma princesa que acabara de chegar do outro lado da Terra. Bolei para ela um dicionário de quatro palavras: bola, quadrado, retângulo, triângulo. Japonês se escreve com desenhos. Com desenhos a princesa aprenderia português! [...] Ia até meu carrinho e pedia, desenhando no ar: – Triângulo-bola. Sorvete na casquinha! O dicionário funcionava às maravilhas. Eu? Mandava bilhetes. Desenhava um quadrado com um triângulo em cima e escrevia: casa!!! Caprichava nos pontos de exclamação. Casa!!! Casa!!! Fácil de entender: casa comigo. Mas toda princesa tem uma fera para encontrar bilhetes. Uma hora a fera mandou me chamar. Aí… Aí eu transformei ponto de exclamação em sinal de aguaceiro: – Um traço com um pingo é chuva. Três -!!! – muita chuva. Casa, chuva, chuva, chuva. Estou só avisando… Cuidado com goteiras. [...] Hoje, 60 anos depois, repito, valeu a pena. E lá vou eu apanhar uns triângulos vermelhos para a minha rainha arrumar no triângulo do retângulo do quadrado da frente. Perfeito. Daqui a pouco a jarra da mesa da sala estará toda perfumada com os… Como é mesmo? Vá lá! Com os triângulos vermelhos.",D03 - Inferir o sentido de uma palavra ou expressão.,"Nesse texto, a palavra “bolei” significa",d,9° ano,SPACE,Avaliação paraná,inventar.,"['enrolar.', 'estar confuso.', 'ficar preocupado.', 'inventar.']"
Capítulo LIII,"Mr. Wickham ficou tão satisfeito com a conversação que nunca mais mencionou aquele assunto em presença de Elizabeth. Esta, por sua vez, ficou satisfeita de ter dito o suficiente para silenciá­lo. Breve chegou o dia da partida de Lydia. E Mrs. Bennet foi obrigada a se submeter à separação, que provavelmente duraria pelo menos um ano. – Oh, minha querida Lydia – exclamou ela –, quando nos tornaremos a ver? – Não sei. Daqui a dois ou três anos talvez. – Não deixe de me escrever sempre, meu bem. – Escreverei sempre que puder. [...] As despedidas de Mr. Wickham foram muito mais afetuosas do que as de sua mulher. Sorriu, fez pose, disse muitas coisas bonitas. [...] A perda da filha fez Mrs. Bennet ficar triste vários dias. – Muitas vezes penso – disse ela – que não há nada mais doloroso do que o fato de se separar dos amigos. A gente se sente tão abandonada… – A senhora deve compreender, mamãe, que isto é a consequência de casar uma filha – disse Elizabeth. – Deve ficar contente [...]",D01 - Localizar informações explícitas em um texto.,"Nesse texto, ao se despedir de Lydia, Mr. Wickham estava",c,9° ano,SPACE,Avaliação paraná,afetuoso.,"['silencioso.', 'pensativo.', 'afetuoso.', 'introspectivo.']"
O laço e o abraço,"Mr. Wickham ficou tão satisfeito com a conversação que nunca mais mencionou aquele assunto em presença de Elizabeth. Esta, por sua vez, ficou satisfeita de ter dito o suficiente para silenciá­lo. Breve chegou o dia da partida de Lydia. E Mrs. Bennet foi obrigada a se submeter à separação, que provavelmente duraria pelo menos um ano. – Oh, minha querida Lydia – exclamou ela –, quando nos tornaremos a ver? – Não sei. Daqui a dois ou três anos talvez. – Não deixe de me escrever sempre, meu bem. – Escreverei sempre que puder. [...] As despedidas de Mr. Wickham foram muito mais afetuosas do que as de sua mulher. Sorriu, fez pose, disse muitas coisas bonitas. [...] A perda da filha fez Mrs. Bennet ficar triste vários dias. – Muitas vezes penso – disse ela – que não há nada mais doloroso do que o fato de se separar dos amigos. A gente se sente tão abandonada… – A senhora deve compreender, mamãe, que isto é a consequência de casar uma filha – disse Elizabeth. – Deve ficar contente [...]Meu Deus! Como é engraçado! Eu nunca tinha reparado como é curioso um laço... uma fita dando voltas. Enrosca-se, mas não se embola, vira, revira, circula e pronto: está dado o laço. É assim que é o abraço: coração com coração, tudo isso cercado de braço. É assim que é o laço: um abraço no presente, no cabelo, no vestido, em qualquer coisa onde o faço. E quando puxo uma ponta, o que é que acontece? Vai escorregando... devagarzinho, desmancha, desfaz o abraço. Solta o presente, o cabelo, fica solto no vestido. E, na fita, que curioso, não faltou nem um pedaço. Ah! Então, é assim o amor, a amizade. Tudo que é sentimento. Como um pedaço de fita. Enrosca, segura um pouquinho, mas pode se desfazer a qualquer hora, deixando livre as duas bandas do laço. Por isso é que se diz: laço afetivo, laço de amizade. E quando alguém briga, então se diz: romperam-se os laços. E saem as duas partes, igual meus pedaços de fita, sem perder nenhum pedaço. Então o amor e a amizade são isso... Não prendem, não escravizam, não apertam, não sufocam. Porque quando vira nó, já deixou de ser um laço!",D01 - Localizar informações explícitas em um texto.,"De acordo com o ínicio desse texto, o que acontece quando a ponta do laço é puxada?",c,9° ano,SPACE,Avaliação paraná,O abraço se desfaz.,"['A fita dá voltas.', 'As bandas ficam livres.', 'O abraço se desfaz.', 'Os pedaços são perdidos.\r']"
Tamoios no Arpoador,"[...] Convidado a escrever sobre um canto do Rio, escolhi o Arpoador, porque de lá se costuma desfrutar deslumbrantes entardeceres. Os termômetros marcavam quase 40º [...]. Sentado nas pedras, apreciava o Sol refletir com tal intensidade sobre o mar espelhado que devo ter experimentado aquela ilusão ótica que no deserto se chama miragem.Agente entra num clima onírico1 e acredita ver o que não existe. De repente, senti uma urgência febril de dividir aquele espetáculo mágico com alguns personagens que cantaram e encantaram o Rio. A primeira aparição foi de Millôr, que veio correndo pela areia [...]. Passou pelo largo que agora leva o seu nome, subiu até onde eu estava e repetiu uma de suas geniais definições: “O pôr do sol é de quem olha”. Em seguida, foi a vez de Tom e Vinicius, que atravessaram o Parque Garota de Ipanema carregando o violão. [...] Finalmente, vindo de Copacabana, chegou Oscar Niemeyer, trazendo nos olhos as curvas [...] dos morros cariocas com que fez sua arquitetura. Como não podia deixar de ser, a conversa girou em torno dessa cidade solar, [...] exibida que nasceu para ser musa. [...] Era ainda uma criança quando um de seus adoradores, o primeiro governador-geral Tomé de Souza, se desmanchou: “Tudo é graça o que dela se pode dizer”. Alguém lembrou que até os religiosos lançaram sobre ela olhares [...]: “É a mais airosa e amena baía que há em todo o Brasil”, suspirou o padre Anchieta [...]. Estimulado pela exuberância sensorial daquela tarde, resolvi corrigir Vinicius, que dizia que ser carioca é um estado de espírito. Acho que é mais. Não se trata apenas de alma, mas de corpo e alma. Ama-se a cidade com todos os sentidos, a começar pelos olhos. [...] Segundo Tom, que transformou em música tudo isso [...] é uma herança de nossos antepassados tamoios, que nos ensinaram a curtir a água, o corpo, a música e a dança. O Sol já estava sendo rendido no seu plantão diário [...]. Foi quando chegou Cazuza para fazer parte do show. Antes de dar um mergulho, cantou: “Vago na lua deserta das pedras do Arpoador”. Nunca me senti tão tamoio quanto nesse fim de tarde, início de noite nas pedras mágicas do Arpoador.",D01 - Localizar informações explícitas em um texto.,"De acordo com esse texto, a primeira pessoa a aparecer para o narrador foi",a,9° ano,SPACE,Avaliação paraná,Millôr.,"['Millôr.', 'Oscar Niemeyer.', 'Tomé de Souza.', 'Cazuza.']"
ABC,"Quando a gente aprende a ler, as letras, nos livros, são grandes. Nas cartilhas – pelo menos nas cartilhas do meu tempo – as letras eram enormes. Lá estava o A, como uma grande tenda. O B, com seu grande busto e sua barriga ainda maior. O C, sempre pronto a morder a letra seguinte com a sua grande boca. O D, com seu ar próspero de grão-senhor. Etc. Até o Z, que sempre me parecia estar olhando para trás. Talvez porque não se convencesse que era a última letra do alfabeto e quisesse certificar-se de que atrás não vinha mais nenhuma. As letras eram grandes, claro, para que decorássemos a sua forma. Mas não precisavam ser tão grandes. Que eu me lembre, minha visão na época era perfeita. Nunca mais foi tão boa. E no entanto os livros infantis eram impressos com letras graúdas e entrelinhas generosas. E as palavras eram curtas. Para não cansar a vista. À medida que a gente ia crescendo, as letras iam diminuindo. E as palavras, aumentando. Quando não se tem mais uma visão de criança é que se começa, por exemplo, a ler jornal, com seus tipos miúdos e linhas apertadas que requerem uma visão de criança. Na época em que começamos a prestar atenção em coisas como notas de pé de página, bulas de remédio e subcláusulas de contrato, já não temos mais metade da visão perfeita que tínhamos na infância [...]. Chegamos à idade de ler grossos volumes em corpo 1 6 quando só temos olhos para as letras gigantescas, coloridas e cercadas de muito branco, dos livros infantis. Quanto mais cansada a vista, mais exigem dela. Alguns recorrem à lente de aumento para seccionar as grandes palavras em manejáveis monossílabos infantis. [...] O E, que sempre parecia querer distância das outras. O R! Todas as letras tinham pé, mas o R era o único que chutava. O V, que aparecia em várias formas: refletido na água (o X), de muletas (o M), com o irmão siamês (o W). O Q, que era um O com a língua de fora. De tanto ler palavras, nunca mais reparamos nas letras. E de tanto ler frases, nunca mais notamos as palavras, com todo o seu mistério. Por exemplo: pode haver palavra mais estranha do que “esdrúxulo”? É uma palavra, sei lá. Esdrúxula. [...] As cartilhas, com sua alegre simplicidade, serviam para dissimular os terrores que a língua nos reservava. Como “esdrúxulo”. Para não falar em “autóctone”. Ou, meu Deus, em “seborreia”! Na verdade, acho que as crianças deviam aprender a ler nos livros do Hegel e em longos tratados de metafísica. Só elas têm a visão adequada à densidade do texto, o gosto pela abstração e tempo disponível para lidar com o infinito. E na velhice, com a sabedoria acumulada numa vida de leituras, com as letras ficando progressivamente maiores à medida que nossos olhos se cansavam, estaríamos então prontos para enfrentar o conceito básico de que vovô vê a uva, e viva o vovô. [...]",D01 - Localizar informações explícitas em um texto.,"Nesse texto, nas cartilhas, a letra C",b,9° ano,SPACE,Avaliação paraná,estava pronta a morder a letra seguinte.,"['era como uma grande tenda.', 'estava pronta a morder a letra seguinte.', 'parecia sempre estar olhando para trás.', 'tinha uma grande barriga.']"
