titulo_do_texto,texto,descritor,comando,resposta_item,ano,tipo,origem,resposta,opcoes
O amigo-secreto,"A turma reuniu-se na sala enfeitada.  Martinha carregava um pacote enorme, cheio de laços, Suzana e Antônio conversavam animados. Mariana pediu para Juju começar a brincadeira. Cada um devia explicar antes por que escolhera o presente para seu amigo-secreto.  Quando Juju terminou de falar, um tênis, que mais parecia uma nave especial, foi parar nas mãos de Felipe. Este contou por que comprou o CD importado para o Luís. Que explicou por que escolheu a bermuda de surfista para o Bruno.  — Bruno, a turma gritou. — Agora é você!  Bruno pôs-se a falar:  Bom, pessoal, é o seguinte: na primeira semana de dezembro, já tarde da noite, lá em casa, ouvimos um grito de filme de terror. Todo mundo saltou da cama: “O que foi?”  Minha mãe apontou, soluçando: “A Ge-la-dei-ra! Ela que-brou!” [...] “Precisamos comprar uma nova imediatamente”.  “E o presente do amigo-secreto”, minha irmã lembrou mais que depressa.  “Bolem um presente criativo e que não custe nada”, falou meu pai.  — Foi aí que eu tive a ideia – continuou Bruno, abrindo a mochila e tirando de lá um pequeno pacote.  — Espero que meu amigo-secreto goste. Ele é o Rafa.  — Aí, Rafa! Vai lá! – gritou a turma.  Rafa começou a abrir o pacote. O silêncio era total.  — Não acredito que você guardou essa foto, cara! Que idade a gente tinha?  — Mostra! Mostra!  E a foto embrulhada de Bruno e de Rafa, quando tinham seis anos, foi passando de mão em mão. O maior sucesso.  — Puxa, Bruno. Só faltou uma coisa — Disse Rafa .  — O quê?  — Um abraço, cara. Gosto de você! Bom fim de ano!",D23 - Identificar os níveis de linguagem e/ou as marcas linguísticas que evidenciam locutor e/ou interlocutor.,Qual dos trechos abaixo revela uma linguagem informal?,d,9° ano,SPAECE,Simulado 01 SPAECE ,"“— Aí, Rafa! Vai lá! – gritou a turma.”","['“A turma reuniu-se na sala enfeitada.”', '“Este contou por que comprou o CD importado para o Luís.”', '“Precisamos comprar uma nova imediatamente”.', '“— Aí, Rafa! Vai lá! – gritou a turma.”']"
Do que é feito o iogurte?,"O iogurte é um alimento amplamente consumido por jovens e adultos, seja puro ou com açúcar, mel ou frutas. Apesar disso, muitas pessoas não sabem como esse produto é feito e imaginam apenas que há leite, açúcar e alguns frutos. O que muitos não sabem é que, além desses produtos, existem bactérias! [...] As bactérias também são importantes para a fabricação de alimentos, tais como os iogurtes, queijos, coalhadas e vinagres; na produção de insulina, que é usada no tratamento de diabetes, e até em tratamentos estéticos, como o Botox. [...] No que diz respeito ao iogurte, elas são usadas para transformar o açúcar encontrado no leite (lactose) em ácido lático, que é responsável por coagular o leite. Esse processo é conhecido como fermentação. Basicamente, duas bactérias são usadas no processo de fabricação de iogurtes, a Lactobacillus bulgaricus e a Streptococcus thermophilus. A primeira está mais relacionada com a cremosidade e o cheiro do iogurte, enquanto o Streptococcus thermophilus está mais relacionado com a fermentação.  O iogurte, além de saboroso, possui várias outras qualidades. Os lactobacilos usados em sua produção são importantes, por exemplo, contra doenças do intestino. Além disso, alguns estudos comprovam que o iogurte diminui o mau hálito e é uma boa fonte de cálcio, auxiliando, assim, no combate à osteoporose e à hipertensão (pressão alta). Sem falar que o iogurte é uma grande fonte de vitaminas",D23 - Identificar os níveis de linguagem e/ou as marcas linguísticas que evidenciam locutor e/ou interlocutor.,"Nesse texto, a expressão “Lactobacillus bulgaricus” é característica da linguagem usada em textos",a,9° ano,SPAECE,Simulado 01 SPAECE ,científicos.,"['científicos.', 'jornalísticos.', 'literários.', 'publicitários.']"
O fim da escravidão no Brasil deixou o ex-escravo abandonado à própria sorte.,"A escravidão chegou ao fim, o ex-escravo tornou-se igual perante a lei, mas isso não lhe deu garantias de que ele seria aceito na sociedade, por isso os recém-libertos passaram dias difíceis mesmo com o fim da escravidão. Diferente do que aconteceu nos Estados Unidos, no Brasil, após o fim da escravidão, os ex-escravos foram abandonados à própria sorte. Nos Estados Unidos, com o fim da Guerra da Secessão, a vitória do Norte sobre o Sul implicou na emancipação total dos escravos e eles foram amparados por uma lei, que possibilitou assistência e formas de inserção do negro na sociedade.  No Brasil, sem acesso à terra e sem qualquer tipo de indenização por tanto tempo de trabalhos forçados, geralmente analfabetos, vítimas de todo tipo de preconceito, muitos exescravos permaneceram nas fazendas em que trabalhavam, vendendo seu trabalho em troca da sobrevivência. [...]",D23 - Identificar os níveis de linguagem e/ou as marcas linguísticas que evidenciam locutor e/ou interlocutor.,"Nesse texto, no trecho “...os ex-escravos foram abandonados à própria sorte.” a expressão
""abandonados à própria sorte."" quer dizer ",c,9° ano,SPAECE,Simulado 01 SPAECE ,ser deixado de lado sem nenhuma assistência.,"['estar amparado por uma lei.', 'possuir liberdade para fazer o que quiser.', 'ser deixado de lado sem nenhuma assistência.', 'ter boas perspectivas para o futuro.']"
A pesquisadora do IBGE e o minerim…,"Uma pesquisadora do IBGE bate à porta de um sitiozinho escondido no sul de Minas (perto de Varginha). — Essa terra dá mandioca? — Não, senhora. – Responde o roceiro. — Dá batata? — Também não, senhora! — Dá feijão? — Nunca deu! — Arroz? — De jeito nenhum! — Milho? — Nem brincando! — Quer dizer que por aqui não adianta plantar nada? — Ah! … Se prantá é diferente…",D23 - Identificar os níveis de linguagem e/ou as marcas linguísticas que evidenciam locutor e/ou interlocutor.,"Nesse texto, no trecho “— Ah! … Se prantá é diferente…” o termo ""prantá"" é próprio da linguagem",a,9° ano,SPAECE,Simulado 01 SPAECE ,caipira. ,"['caipira. ', 'científica.', 'formal.', 'técnica. ']"
Dois amigos e um chato,"Os dois estavam tomando um cafezinho no boteco da esquina, antes de partirem para as suas respectivas repartições. Um tinha um nome fácil: era o Zé. O outro tinha um nome desses de dar cãibra em língua [...]: era o Flaudemíglio. Acabado o café o Zé perguntou: — Vais pra cidade? — Vou – respondeu Flaudemíglio, acrescentando: – Mas vou pegar o 434, que vai pela Lapa. Eu tenho que entregar uma urinazinha de minha mulher no laboratório [...] olhou para a fila do 474, que ia direto pro centro e, por isso, era a fila mais piruada. Tinha gente às pampas — Vens comigo? – quis saber Flaudemíglio. — Não — disse o Zé: – Eu estou atrasado e vou pegar um direto ao centro. — Então tá – concordou Flaudemíglio, olhando para a outra esquina e, vendo que já vinha o que passava pela Lapa: – Chi! Lá vem o meu... – e correu para o ponto de parada, fazendo sinal para o ônibus parar. Foi aí que, segurando o guarda-chuva, um embrulho e mais o vidrinho da urinazinha, foi aí que o Flaudemíglio se atrapalhou e deixou cair algo no chão. [...] O motorista [...] já ia botando o carro em movimento, não dando tempo ao passageiro para apanhar o que caíra. Flaudemíglio só teve tempo de berrar para o amigo: — Zé, caiu minha carteira de identidade. Apanha e me entrega logo mais. O 434 seguiu e Zé atravessou a rua, para apanhar a carteira do outro. Já estava chegando perto quando um cidadão magrelo e antipático e, ainda por cima, com um sorriso [...], apanhou a carteira de Flaudemíglio. — Por favor, cavalheiro, esta carteira é de um amigo meu – disse o Zé estendendo a mão. Mas o que tinha um sorriso [...] não entregou. Examinou a carteira e depois perguntou: — Como é o nome do seu amigo? — Flaudemíglio – respondeu o Zé. — Flaudemíglio de quê? – insistiu o chato. Mas o Zé deu-lhe um safanão e tomou-lhe a carteira, dizendo: — Ora, quem acerta Flaudemíglio não precisa acertar mais nada!",D23 - Identificar os níveis de linguagem e/ou as marcas linguísticas que evidenciam locutor e/ou interlocutor.,"O trecho “O outro tinha um nome desses de dar cãibra em língua...” é um exemplo de linguagem",c,9° ano,SPAECE,Simulado 01 SPAECE ,informal.,"['científica.', 'culta.', 'informal.', 'técnica.']"
Alvinho,"O Alvinho encarava um batente que não era mole. Se virava mais que charuto em boca de bêbado por uma grana muito mixuruca, que mal dava pra ele escorar os repuxos. Coisa que não é mole, hoje em dia, com a vida custando os olhos da cara como anda. Muito nego se abilola. Principalmente se o pinta é casado e tem montes de filhos pra sustentar. Às vezes, entra em bobeira e sai falando sozinho. E esse era o lance do Alvinho. Cheio de bronca com a sinuca de bico em que estava, ficava pelos botecos cavernosos e biroscas escamosas fazendo o maior quás-quás-quás da paróquia: — Estou na piorada. Sei que estou. Mas um dia vira o jogo. Tem que virar. Do jeito que está não pode ser. Vê eu? Mino linha de frente, me atucanando nessa zorra encardida. Tá direito? Tá, não. Eu, Alvinho boa cuca, cheio de embaixada, perdido aqui nessa joça. Entregue às traças. A perigo perpétuo. Um dia tem que mudar. E como esse papo que ele engrenava não dizia nada a ninguém, o jeito era ele mesmo continuar charlando: — Nasci pra ser tratado a pão-de-ló. E, no entanto, estou só comendo capim pela raiz. Não dá pedal. Um dia me arrumo. Claro que era conversa de bêbado. Nem o mais loque dos ouvintes botava fé. [...]",D23 - Identificar os níveis de linguagem e/ou as marcas linguísticas que evidenciam locutor e/ou interlocutor.,Nesse texto predomina uma linguagem típica de,a,9° ano,SPAECE,Simulado 01 SPAECE ,conversas informais.,"['conversas informais.', 'entrevistas de emprego.', 'revistas científicas.', 'textos formais.']"
A pesquisadora do IBGE e o minerim…,"Uma pesquisadora do IBGE bate à porta de um sitiozinho escondido no sul de Minas (perto de Varginha). — Essa terra dá mandioca? — Não, senhora. – Responde o roceiro. — Dá batata? — Também não, senhora! — Dá feijão? — Nunca deu! — Arroz? — De jeito nenhum! — Milho? — Nem brincando! — Quer dizer que por aqui não adianta plantar nada? — Ah! … Se prantá é diferente…",D22 - Reconhecer efeitos de humor e ironia.,Há traços de humor no trecho:,d,9° ano,SPAECE,Simulado 01 SPAECE ,“— Ah! … Se prantá é diferente…” ,"['“— Essa terra dá mandioca?”', '“— Também não, senhora!”', '“— Quer dizer que por aqui não adianta plantar nada?”', '“— Ah! … Se prantá é diferente…” ']"
Canastra das velhinhas,"Duas velhinhas, bem velhinhas estão jogando sua canastra semanal. Uma delas olha para a outra e diz: — Por favor, não me leve a mal. Nós somos amigas há tanto tempo e agora eu não consigo me lembrar do seu nome, veja só a minha cabeça. Qual é o seu nome, querida? A outra olha fixamente para a amiga, por uns dois minutos, coça a testa e diz: — Você precisa dessa informação para quando?",D22 - Reconhecer efeitos de humor e ironia.,Esse texto é engraçado porque,b,9° ano,SPAECE,Simulado 01 SPAECE ,"a outra velhinha também esquece o próprio nome.","['a outra velhinha olha fixamente para a amiga.', 'a outra velhinha também esquece o próprio nome.\r', 'as duas velhinhas esquecem as regras do jogo.', 'as duas velhinhas estão jogando canastra.\r']"
Pescador Executivo,"O executivo da empresa estava trabalhando muito estressado. O médico recomendou que fosse pescar num local bem tranquilo. Foi então para uma roça bem pacata, levando varal, anzol e minhocas. Começou a pescar e um caipira que morava ali perto se agachou no chão, espiando curioso a pescaria. Três horas de monótona pescaria e o caboclo continuava lá, agachado, espiando curioso. Mais cinco horas de pescaria e o caipira continuava lá, olhando tudo. O executivo ficou com dó do caipira e perguntou: — O senhor está com vontade de pescar um pouquinho? E o caipira responde: — Num tenho paciência não, sô!",D22 - Reconhecer efeitos de humor e ironia.,"Nesse texto, um trecho que apresenta humor é:",d,9° ano,SPAECE,Simulado 01 SPAECE ,"“ — Num tenho paciência não, sô!” ","['“Três horas de monótona pescaria e o caboclo continuava lá...”', '“O executivo ficou com dó do caipira...”', '“— O senhor está com vontade de pescar um pouquinho?” ', '“ — Num tenho paciência não, sô!” ']"
Anestesia,"O dentista, preocupado pela rejeição quase total de seus clientes à injeção de anestesia na gengiva, bolou uma maneira diferente de extrair os dentes, baseado em que uma dor inesperada faz esquecer outra dor. Para isso instalou na cadeira do dentista uma agulha oculta acionada por um pedal. No momento exato de dar o puxão para arrancar o dente, ele apertava o pedal e a agulha atingia o bumbum do paciente. Chegou o primeiro paciente para extrair um dente, que logo mostrou seu temor à injeção na gengiva. — Olhe, eu inventei uma maneira diferente de arrancar um dente sem a injeção na gengiva - explicou o dentista. - Se quiser posso usá-la com o senhor. — Pode! Qualquer coisa menos essa danada injeção! O médico, então, sem entrar em detalhes sobre o novo método, preparou tudo e na hora de dar o puxão, apertou o pedal. O cliente deu um pequeno pulo e o dente foi extraído. — Como é? - perguntou o dentista depois de estancar o sangue. - Doeu? — Nada, doutor! Mas, puxa! Tinha uma raiz um bocado profunda!",D22 - Reconhecer efeitos de humor e ironia.,"O humor do texto está presente no fato de",c,9° ano,SPAECE,Simulado 01 SPAECE ,o paciente insinuar que a raiz do dente tinha atingido seu bumbum.,"['o dentista não explicar direito sobre o novo método criado por ele.', 'o dentista preocupar-se com a opinião de seus pacientes.', 'o paciente insinuar que a raiz do dente tinha atingido seu bumbum.', 'o paciente rejeitar o método diferente de extrair dente.']"
Epitáfio,Devia ter amado mais Ter chorado mais Ter visto o sol nascer Devia ter arriscado mais [...] Ter feito o que eu queria fazer Queria ter aceitado As pessoas como elas são [...] O acaso vai me proteger Enquanto eu andar distraído [...] Devia ter complicado menos Trabalhado menos Ter visto o sol se pôr Devia ter me importado menos Com problemas pequenos Ter morrido de amor Queria ter aceitado A vida como ela é A cada um cabe alegrias E a tristeza que vier,D21 - Reconhecer o efeito decorrente do emprego de recursos estilísticos e morfossintáticos.,"Nesse texto, há uma ideia de exagero nos versos:",d,9° ano,SPAECE,Simulado 01 SPAECE ,“A cada um cabe alegrias”,"['“Devia ter amado mais”', '“Ter visto o sol se pôr""', '“Ter morrido de amor” ', '“A cada um cabe alegrias”']"
A abelha gulosa,"A abelha era muito gulosa, de tal forma que passava o dia inteiro a beber o néctar das flores. Sua obrigação, como membro ativo da colmeia, era levar para a comunidade de abelhas o néctar necessário para o sustento diário de todas. Mas ela esquecia-se de tudo, tal era a obsessão de comer. — Abelhinha, não é correto o que você faz, disse-lhe uma de suas companheiras. Além de não cumprir a sua obrigação na colmeia, está prejudicando a si própria. Não vê, por acaso, como está ficando gorda? A abelha fazia-se de surda aos conselhos desse tipo e continuava no seu come-come. Engordou tanto, que aconteceu uma tragédia. A abelhinha regressou à colmeia, ao anoitecer. Tentou passar pela porta, mas não conseguiu. Estava gordíssima! Suas companheiras tentaram ajudá-la, mas foi tudo inútil e a abelhinha glutona teve que ficar lá fora, sujeita às intempéries. Na manhã seguinte, suas companheiras encontraram-na congelada. Não tinha conseguido resistir ao intenso frio da noite",D21 - Reconhecer o efeito decorrente do emprego de recursos estilísticos e morfossintáticos.,"Nesse texto, no trecho “Estava gordíssima!” a terminação “íssima” foi utilizada para",c,9° ano,SPAECE,Simulado 01 SPAECE ,enfatizar o quanto a abelha estava gorda.,"['destacar o conselho da amiga da abelha.', 'deixar o texto engraçado', 'enfatizar o quanto a abelha estava gorda.', 'revelar um comentário irônico.']"
Ah… a praia!,"Minha fascinação por ela é uma imensidão [...]. E pensar que é formada na mais tranquila e paciente espera. Foram necessários milhões de anos para podermos desfrutar de algumas horas do dia; no meu caso, de um bom feriado. Largo meus afazeres e presto somente atenção nela. O vento que vem de lá traz-me uma felicidade que não encontro nesse lado de cá. Mesmo que seja por pouco tempo, faço tudo para que esse tempo seja necessário, não para que desfrute de tudo que ela ofereça, e sim para que eu sempre sinta vontade de visitá-la. Sua voz é tão linda que tem concha que teima a imitá-la. Repare como ela é completa. Sinto o quente da areia, o frio da maré que chega. Oferece-me comida. Nunca me canso de falar dos ensinamentos da natureza. Tudo que vale a pena deve ser cultivado na medida certa do tempo. O perfeito é criado sem muita pressa, tornando-se duradouro. Que assim seja meu amor por ela. Quente quando está perto, frio quando a saudade aperta. Alimentado por tudo que está dentro dela. E que surja no tempo certo, para que possamos desfrutar na medida certa por um tempo indefinido. Para que no final eu possa prestar somente atenção nela.",D21 - Reconhecer o efeito decorrente do emprego de recursos estilísticos e morfossintáticos.,"Nesse texto, o trecho que apresenta termos com sentidos opostos é:",d,9° ano,SPAECE,Simulado 01 SPAECE ,"“Quente quando está perto, frio quando a saudade aperta”","['“Minha fascinação por ela é uma imensidão [...].”', '“Sua voz é tão linda que tem concha que teima a imitá-la.”', '“Nunca me canso de falar dos ensinamentos da natureza.”', '“Quente quando está perto, frio quando a saudade aperta”']"
Mulheres Possíveis,"[...] Sou a Miss Imperfeita, muito prazer. Trabalho todos os dias, ganho minha grana [...] sou ocupada, mas não uma workaholic. Por mais disciplinada e responsável que eu seja, aprendi duas coisinhas que operam milagres. Primeiro: a dizer NÃO. Segundo: a não sentir um pingo de culpa por dizer NÃO. [...] se não aprender a delegar, a priorizar e a se divertir, bye-bye vida interessante. Porque vida interessante não é ter a agenda lotada, não é topar qualquer projeto por dinheiro, não é atender a todos e criar para si a falsa impressão de ser indispensável. É ter tempo. Tempo para fazer nada. Tempo para fazer tudo. Tempo para uma massagem. Tempo para fazer um trabalho voluntário. Tempo, principalmente, para descobrir que você pode ser perfeitamente organizada e profissional sem deixar de existir. Porque nossa existência não é contabilizada por um relógio de ponto ou pela quantidade de memorandos virtuais que atolam nossa caixa postal. Existir, a que será que se destina? Destina-se a ter o tempo a favor, e não contra. A mulher moderna anda muito antiga. Acredita que, se não for super, se não for mega [...] não será bem avaliada. Se o trabalho é um pedação de sua vida, ótimo! [...] Desde que lembre de separar alguns bons momentos da semana para usufruir essa independência, senão é escravidão, a mesma que nos mantinha trancafiadas em casa, espiando a vida pela janela. Desacelerar tem um custo. Talvez seja preciso esquecer a bolsa Prada, o hotel decorado pelo Philippe Starck e o batom da M.A.C. Mas, se você precisa vender a alma ao diabo para ter tudo isso, francamente, está precisando rever seus valores",D21 - Reconhecer o efeito decorrente do emprego de recursos estilísticos e morfossintáticos.,O trecho abaixo que apresenta elementos com sentidos opostos é:,c,9° ano,SPAECE,Simulado 01 SPAECE ,“A mulher moderna anda muito antiga.”,"['“...aprendi duas coisinhas que operam milagres...”', '“Tempo para fazer um trabalho voluntário.” ', '“A mulher moderna anda muito antiga.”', '“Desacelerar tem um custo.”']"
A Cidade dos Resmungos,"Era uma vez um lugar chamado Cidade dos Resmungos, onde todos resmungavam, resmungavam, resmungavam. No verão, resmungavam que estava muito quente. No inverno, que estava muito frio. Quando chovia, as crianças choramingavam porque não podiam sair. Quando fazia sol, reclamavam que não tinham o que fazer. Os vizinhos queixavam-se uns dos outros, os pais queixavam-se dos filhos, os irmãos das irmãs. Todos tinham um problema, e todos reclamavam que alguém deveria fazer alguma coisa. Um dia chegou à cidade um mascate carregando um enorme cesto às costas. Ao perceber toda aquela inquietação e choradeira, pôs o cesto no chão e gritou: — Ó cidadãos deste belo lugar! Os campos estão abarrotados de trigo, os pomares carregados de frutas. As cordilheiras são cobertas de florestas espessas, e os vales banhados por rios profundos. Jamais vi um lugar abençoado por tantas conveniências e tamanha abundância. Por que tanta insatisfação? Aproximem-se, e eu lhes mostrarei o caminho para a felicidade. [...] ele puxou uma corda comprida do cesto e a esticou entre dois postes na praça da cidade. Então, segurando o cesto diante de si, gritou: — Povo desta cidade! Aqueles que estiverem insatisfeitos escrevam seus problemas num pedaço de papel e ponham dentro deste cesto. Trocarei seus problemas por felicidade! A multidão se aglomerou ao seu redor. Ninguém hesitou diante da chance de se livrar dos problemas. Todo homem, mulher e criança da vila rabiscou sua queixa num pedaço de papel e jogou no cesto. Eles observaram o mascate pegar cada problema e pendurá-lo na corda. [...] Então ele disse: — Agora cada um de vocês deve retirar desta linha mágica o menor problema que puder encontrar. Todos correram para examinar os problemas. Procuraram, manusearam os pedaços de papel e ponderaram, cada qual tentando escolher o menor problema. Depois de algum tempo a corda estava vazia. Eis que cada um segurava o mesmíssimo problema que havia colocado no cesto. Cada pessoa havia escolhido o seu próprio problema, julgando ser ele o menor da corda. Daí por diante, o povo daquela cidade deixou de resmungar o tempo todo. E sempre que alguém sentia o desejo de resmungar ou reclamar, pensava no mascate e na sua corda mágica.",D21 - Reconhecer o efeito decorrente do emprego de recursos estilísticos e morfossintáticos.,"Nesse texto, no trecho “Eis que cada um segurava o mesmíssimo problema...” a terminação ""íssimo"" foi empregada para",b,9° ano,SPAECE,Simulado 01 SPAECE ,enfatizar que ninguém trocou de problema.,"['demonstrar desprezo pelo problema.', 'enfatizar que ninguém trocou de problema.', 'indicar uma opinião do personagem.', 'ressaltar que o problema era insignificante.\r']"
Riqueza,"Qual a verdadeira riqueza desse mundo? No dicionário é sinônimo de abundância, ostentação e luxo. Mas acredito que esteja longe disso. Recentemente tive dois exemplos claros de que a riqueza de fato está contida em outra fonte. Vi um programa que mostrou a história de um senhor heptagenário que possui três empregos humildes, acorda as 4:00 para começar a rica jornada de trabalho, adorado por todos habitantes da pacata cidadezinha. Quer saber se é infeliz? Seu sorriso espontâneo a todo momento responde essa pergunta. Quer outro exemplo? Há alguns dias fui hospedado na casa de um grande amigo. Casa simples que acompanha uma família simples e linda. A todo momento sou questionado se estou sendo bem tratado. A todo momento recebo pedido de desculpas por qualquer falha na hospedagem. Para minha surpresa, encontro uma mesa farta sempre, e quando digo farta não significa nenhuma ostentação. Encontro também uma mãe autônoma que cria seus filhos com muita intuição e amor. Intuição que é expresso no coração bondoso de seus filhos; ajudado por um padrasto carinhoso e dedicado. Sou uma pessoa rica? Sou à medida que aprendo com o senhor heptagenário e choro com sua história de superação. Sou à medida que extraio dessa família todas as qualidades que preciso para ter uma família verdadeiramente rica de sentimentos e preceitos de vida. Quero viver dessa fonte de forma inesgotável.",D20 - Identificar o efeito de sentido decorrente do uso da pontuação e de outras notações.,"Nesse texto, no trecho “Qual a verdadeira riqueza desse mundo?” o ponto de interrogação no final da frase foi usado com a intenção de",b,9° ano,SPAECE,Simulado 01 SPAECE ,estimular uma reflexão no leitor.,"['acrescentar uma informação.', 'estimular uma reflexão no leitor.', 'fazer uma explicação.', 'indicar uma citação de outro autor.']"
A pesquisadora do IBGE e o minerim…,"Uma pesquisadora do IBGE bate à porta de um sitiozinho escondido no sul de Minas (perto de Varginha). — Essa terra dá mandioca? — Não, senhora. – Responde o roceiro. — Dá batata? — Também não, senhora! — Dá feijão? — Nunca deu! — Arroz? — De jeito nenhum! — Milho? — Nem brincando! — Quer dizer que por aqui não adianta plantar nada? — Ah! … Se prantá é diferente…",D20 - Identificar o efeito de sentido decorrente do uso da pontuação e de outras notações.,"Nesse texto, no trecho “...escondido no sul de Minas (perto de Varginha).” os parênteses foram usados para",a,9° ano,SPAECE,Simulado 01 SPAECE ,acrescentar uma informação.,"['acrescentar uma informação.', 'fazer um questionamento.', 'indicar um comentário irônico.', 'revelar uma opinião do autor.']"
Brasil é o 4º maior produtor de lixo plástico do mundo e recicla apenas 1%,"O Brasil é o 4º maior produtor de lixo plástico do mundo, atrás apenas de Estados Unidos, China e Índia. O país também é um dos que menos recicla este tipo de lixo: apenas 1,2% é reciclado, ou seja, 145.043 toneladas. Os dados são do estudo feito pelo Fundo Mundial para a Natureza (WWF, sigla em inglês). O relatório “Solucionar a Poluição Plástica – Transparência e Responsabilização"" será apresentado na Assembleia das Nações Unidas para o Meio Ambiente (UNEA-4), que será realizada em Nairóbi, no Quênia, de 11 a 15 de março. Veja os números: • Brasil produz 11.355.220 milhões de toneladas de lixo plástico por ano • Cada brasileiro produz 1 kg de lixo plástico por semana • Somente 145.043 toneladas de lixo plástico são recicladas • 2,4 milhões de toneladas de plástico são descartadas de forma irregular • 7,7 milhões de toneladas ficam em aterros sanitários • Mais de 1 milhão de toneladas não é recolhida no país O Brasil é um dos países que menos recicla no mundo ficando atrás de Yêmen e Síria e bem abaixo da média mundial que é de 9%. Dentre os maiores produtos de lixo plástico, é o que menos recicla.",D20 - Identificar o efeito de sentido decorrente do uso da pontuação e de outras notações.,"Nesse texto, no trecho “...estudo feito pelo Fundo Mundial para a Natureza (WWF, sigla em inglês).” os parênteses foram usados para",b,9° ano,SPAECE,Simulado 01 SPAECE ,fazer uma explicação.,"['expressão uma opinião.', 'fazer uma explicação.', 'indicar uma pausa.', 'sugerir um diálogo. ']"
Pipa - Um charme de lugar!,"Eu simplesmente amei esse lugar!!  Nas ruas de Pipa você ouve diversas línguas: holandês, espanhol, inglês [...] É incrível a quantidade de turistas estrangeiros que a vila recebe. Pipa é tão lindo que a sua fama corre o mundo.  As praias são lindas! A praia central de Pipa é maravilhosa. A praia do amor é linda vista de cima do Chapadão... a água desenha na areia o formato de um coração [...] É uma visão tão linda que nos faz meditar na grandeza de Deus!  Ah! E já ia esquecendo: outra coisa imperdível é ver o pôr do sol na Lagoa Guaraíras [...] Enfim, todos os dias que eu passei em Pipa foram maravilhosos [...] para quem gosta de admirar as belezas naturais do nosso país, é uma viagem que vale a pena.",D20 - Identificar o efeito de sentido decorrente do uso da pontuação e de outras notações.,"Nesse texto, no trecho “As praias são lindas!” o sinal de exclamação no final da frase sugere",a,9° ano,SPAECE,Simulado 01 SPAECE ,admiração.,"['admiração.', 'arrogância.', 'arrogância.', 'ironia.']"
Alvinho,"O Alvinho encarava um batente que não era mole. Se virava mais que charuto em boca de bêbado por uma grana muito mixuruca, que mal dava pra ele escorar os repuxos. Coisa que não é mole, hoje em dia, com a vida custando os olhos da cara como anda. Muito nego se abilola. Principalmente se o pinta é casado e tem montes de filhos pra sustentar. Às vezes, entra em bobeira e sai falando sozinho. E esse era o lance do Alvinho. Cheio de bronca com a sinuca de bico em que estava, ficava pelos botecos cavernosos e biroscas escamosas fazendo o maior quás-quás-quás da paróquia: — Estou na piorada. Sei que estou. Mas um dia vira o jogo. Tem que virar. Do jeito que está não pode ser. Vê eu? Mino linha de frente, me atucanando nessa zorra encardida. Tá direito? Tá, não. Eu, Alvinho boa cuca, cheio de embaixada, perdido aqui nessa joça. Entregue às traças. A perigo perpétuo. Um dia tem que mudar. E como esse papo que ele engrenava não dizia nada a ninguém, o jeito era ele mesmo continuar charlando: — Nasci pra ser tratado a pão-de-ló. E, no entanto, estou só comendo capim pela raiz. Não dá pedal. Um dia me arrumo. Claro que era conversa de bêbado. Nem o mais loque dos ouvintes botava fé. [...]",D20 - Identificar o efeito de sentido decorrente do uso da pontuação e de outras notações.,"Nesse texto, no trecho “Tá direito?” o ponto de interrogação no final da frase reforça o sentimento de",c,9° ano,SPAECE,Simulado 01 SPAECE ,indignação.,"['humildade.', 'indiferença.', 'indignação.', 'medo.']"
Patativa do Assaré,"Antônio Gonçalves da Silva, o Patativa do Assaré, nasceu na Serra de Santana, a 18 Km da cidade de Assaré, em 5 de março de 1909. Filho de Pedro Gonçalves da Silva e Maria Pereira da Silva, família pobre, perdeu o pai aos oito anos, passando a partir daí a trabalhar na roça para garantir o sustento da família. Logo que ingressou na escola, aos doze anos, passou a escrever poesia e produzir pequenos textos. [...] O nome “Patativa” surgiu devido à semelhança entre seu canto e o do pássaro Patativa, ave nordestina que possui um canto mavioso e singular, quando o jovem poeta tinha apenas vinte anos. Com um nome artístico, passou a viajar pela região cantando seus repentes e apresentando-se várias vezes na rádio Araripe. Patativa é considerado o gênio da literatura cearense [...].","D19 - Reconhecer o efeito de sentido decorrente da escolha de palavras, frases ou expressões.","Nesse texto, no trecho “Patativa é considerado o gênio da literatura cearense...” a palavra ""gênio"" foi usada para",c,9° ano,SPAECE,Simulado 01 SPAECE ,"enfatizar o talento de Patativa do Assaré.","['demonstrar desprezo pela literatura cearense.', 'destacar o temperamento forte do poeta.', 'enfatizar o talento de Patativa do Assaré.\r', 'ressaltar a humildade de Patativa']"
-,"Parece uma simples série sobre apocalipse zumbi? Errado! Sinceramente, depois da metade da segunda temporada, os zumbis são meros detalhes. A série é muito mais que isso. Ela analisa o ser humano e o que vem à tona nele em uma situação decadente como essa. Uma das minhas favoritas, recomendo.","D19 - Reconhecer o efeito de sentido decorrente da escolha de palavras, frases ou expressões.","No texto, no trecho “Uma das minhas favoritas, recomendo.”, a palavra ""recomendo"" sugere",c,9° ano,SPAECE,Simulado 01 SPAECE ,um conselho.,"['um alerta.\r', 'um aviso.\r', 'um conselho.', 'uma ordem.']"
"Como fazer Porta- revistas com canudos de jornal
","1º passo: Recorte a folha do jornal em tiras; 2º passo: Enrole a tira da folha de jornal no sentido diagonal utilizando um palitinho de madeira; 3º passo: Finalize de enrolar a tira da folha de jornal e cole a ponta para não desenrolar; Antes de começar a fazer o porta-revistas, faça vários canudinhos e reserve; Enrole os canudinhos e dê um formato quadrado nas dimensões de 5 x 5cm. Para a base, separe 16 quadrados e una-os formando um quadrado; Comece a subir as laterais unindo quadradinhos nas laterais da base; Repita a operação até a altura desejada;","D19 - Reconhecer o efeito de sentido decorrente da escolha de palavras, frases ou expressões.","Nesse texto, nos trechos “Recorte a folha do jornal em tiras;” e “Finalize de enrolar a tira...” as palavras ""Recorte"" e ""Finalize"" foram utilizadas para indicar",c,9° ano,SPAECE,Simulado 01 SPAECE ,uma instrução.,"['um desejo.', 'um pedido.', 'uma instrução.', 'uma ordem.']"
Um homem e uma mulher,"Aconteceu um acidente de trânsito, com dois carros batendo de frente, um guiado por um homem e o outro por uma mulher. Os carros ficaram completamente destruídos, mas, surpreendentemente, os motoristas nada sofreram. Ficaram completamente ilesos. Depois de saírem de seus carros, a mulher disse: — Interessante, você é um homem e eu uma mulher com os carros totalmente destruídos, mas estamos sem nenhum arranhão. Isto deve ser um sinal de Deus. Nós realmente precisávamos nos encontrar. Estava em nossos destinos nos conhecermos e ficarmos vivendo em paz, como grandes amigos até o fim de nossos dias. — Concordo! - disse o homem. A mulher continuou: — Isto com certeza é um sinal de Deus. E olhe outro milagre! Meu carro está completamente destruído, mas esta garrafa de vinho não se quebrou. Está claro que o destino quer que a bebamos para celebrar a nossa vida, que foi salva milagrosamente neste acidente. Vamos celebrar! Então a mulher tirou a rolha e passou a garrafa para o homem. Ele concordou sem titubear, e bebeu pelo gargalo a metade do vinho da garrafa. Depois devolveu a garrafa à mulher. Ela, imediatamente, sem beber uma gota, recolocou a rolha no gargalo. Sem entender nada, o homem perguntou: — Não vai beber a sua metade para comemorar? A mulher respondeu: — Agora não. Vou esperar a polícia chegar primeiro...","D19 - Reconhecer o efeito de sentido decorrente da escolha de palavras, frases ou expressões.","Nesse texto, a expressão “Vamos celebrar!” foi utilizada para indicar",d,9° ano,SPAECE,Simulado 01 SPAECE ,um convite.,"['uma ordem.', 'uma reclamação.', 'uma súplica.', 'um convite.']"
"A invasão dos blábláblás
","O planeta é dividido entre as pessoas que falam no cinema – e as que não falam. É uma divisão recente. Por décadas, os falantes foram minoria. E uma minoria reprimida. Quando alguém abria a boca na sala escura, recebia logo um shhhhhhhhhhhhh. E voltava ao estado silencioso de onde nunca deveria ter saído. Todo pai ou mãe que honrava seu lugar de educador ensinava a seus filhos que o cinema era um lugar de reverência. [...] [...] Pertenço, desde sempre, às fileiras dos silenciosos. Anos atrás, nem imaginava que pudesse haver outro comportamento além do silêncio absoluto no cinema. Assim como não imagino alguém cochichando em qualquer lugar onde entramos com o compromisso de escutar. Não é uma questão de estilo, de gosto. Pertence ao campo do respeito, da ética. Cinema é a experiência da escuta [...] mas nós não falamos uns com os outros. No cinema, só quem fala são os atores do filme. Nós calamos para que eles possam falar. Nossa vida cala para que outra fale. Isso era cinema. Agora mudou. É estarrecedor, mas os blábláblás venceram. Tomaram conta das salas de cinema. E, sem nenhuma repressão, vão expulsando a todos que entram no cinema para assistir ao filme sem importunar ninguém. [...]","D19 - Reconhecer o efeito de sentido decorrente da escolha de palavras, frases ou expressões.","Nesse texto, no trecho “...recebia logo um shhhhhhhhhhhhh.” a expressão ""shhhhhhhhhhhhh"" foi empregada para indicar",b,9° ano,SPAECE,Simulado 01 SPAECE ,o pedido de silêncio das pessoas no cinema.,"['a expulsão daqueles que fazem silêncio no cinema', 'o pedido de silêncio das pessoas no cinema.', 'o respeito dos que apreciam o cinema.', 'o som das pessoas cochichando no momento do filme.']"
"Branca lembrança de uma infância
","Naquela época, o carreirinho que ia à igreja já estava branquinho de neve, como se tivesse chovido algodão sobre a mata ainda virgem. Os galhos dos pinheiros – até os mais fortes – quebravam devido ao peso da neve. Os barrancos ficavam todos cobertos por uma manta branca e suave, formando um verdadeiro escorregador. Fazíamos bonecos de neve com nariz de cenoura, braços de galhos secos e uma panela velha como chapéu. Foi a nossa maior diversão! Contrastando com a neve, estava o marrom carnado do pinhão no chão. Pinhão, tinha bastante! Por isso era pinhão no almoço, na janta... Como a comida era pouco diversificada, a gente dava graças quando tinha alguma coisa diferente. O pinhão dava um sabor a mais a nossas refeições! A gente sabia que o pinhão só dava no inverno, mas queria catar pinhão o ano todo. Ah, que saudades daquela época em que a gente fazia o sapecado! O pinhão quentinho e o chimarrão eram nossos tesouros, nossa tradição... [...]","D17 - Reconhecer o sentido das relações lógico-discursivas marcadas por conjunções, advérbios etc.","Nesse texto, no trecho “...como se tivesse chovido algodão...” a palavra ""como"" dá ideia de",c,9° ano,SPAECE,Simulado 01 SPAECE ,comparação.,"['adição.', 'causa', 'comparação.', 'modo.']"
Caçadora de gigantes,"Bárbara Thorson é uma garota rebelde e solitária que prefere o mundo de calabouços e dragões ao mundo real. Ao passar por uma série de maus tratos na escola, seu comportamento muda e a vida que sempre imaginou se torna real. Logo ela se vê enfrentando seus medos da pior maneira e fica obcecada com o que acredita ser sua missão: matar gigantes. PAÍS DE ORIGEM: BÉLGICA/CHINA/EUA/GRÃ-BRETANHA/ ANO DE PRODUÇÃO: 2018 GÊNERO: DRAMA, FANTASÍA, SUSPENSE DURAÇÃO: 106 CENSURA: 10","D17 - Reconhecer o sentido das relações lógico-discursivas marcadas por conjunções, advérbios etc.","No trecho “...o mundo de calabouços e dragões...” o termo ""e"" estabelece uma relação de",a,9° ano,SPAECE,Simulado 01 SPAECE ,adição.,"['adição.', 'causa.', 'comparação.', 'oposição.']"
Do que é feito o iogurte?,"O iogurte é um alimento amplamente consumido por jovens e adultos, seja puro ou com açúcar, mel ou frutas. Apesar disso, muitas pessoas não sabem como esse produto é feito e imaginam apenas que há leite, açúcar e alguns frutos. O que muitos não sabem é que, além desses produtos, existem bactérias! [...] As bactérias também são importantes para a fabricação de alimentos, tais como os iogurtes, queijos, coalhadas e vinagres; na produção de insulina, que é usada no tratamento de diabetes, e até em tratamentos estéticos, como o Botox. [...] No que diz respeito ao iogurte, elas são usadas para transformar o açúcar encontrado no leite (lactose) em ácido lático, que é responsável por coagular o leite. Esse processo é conhecido como fermentação. Basicamente, duas bactérias são usadas no processo de fabricação de iogurtes, a Lactobacillus bulgaricus e a Streptococcus thermophilus. A primeira está mais relacionada com a cremosidade e o cheiro do iogurte, enquanto o Streptococcus thermophilus está mais relacionado com a fermentação.  O iogurte, além de saboroso, possui várias outras qualidades. Os lactobacilos usados em sua produção são importantes, por exemplo, contra doenças do intestino. Além disso, alguns estudos comprovam que o iogurte diminui o mau hálito e é uma boa fonte de cálcio, auxiliando, assim, no combate à osteoporose e à hipertensão (pressão alta). Sem falar que o iogurte é uma grande fonte de vitaminas","D17 - Reconhecer o sentido das relações lógico-discursivas marcadas por conjunções, advérbios etc.","Nesse texto, no trecho “...além de saboroso...” o termo ""além de"" estabelece uma ideia de",a,9° ano,SPAECE,Simulado 01 SPAECE ,adição.,"['adição.', 'alternância.', 'condição.', 'oposição.']"
Onde judas perdeu as botas,"A expressão “onde Judas perdeu as botas” é usada para designar um lugar distante, desconhecido e inacessível. Existe uma história não comprovada a qual relata que após trair Jesus, Judas se enforcou em uma árvore sem nada nos pés, já que havia posto o dinheiro que ganhara por ter entregue o mestre dentro de suas botas. Ainda segundo o conto popular, quando os soldados viram que Judas estava sem seus sapatos, saíram desesperados em busca dos calçados e do dinheiro ali depositado (cerca de 30 moedas de ouro). No entanto, diz a lenda que ninguém achou, nem sequer ficou sabendo do paradeiro das botas de Judas. Foi por meio desta fantasiosa história que o termo “onde Judas perdeu as botas” surgiu e se transformou em uma expressão popular.","D17 - Reconhecer o sentido das relações lógico-discursivas marcadas por conjunções, advérbios etc.","Nesse texto, os trechos “Quando” e “No entanto”  expressam, respectivamente uma ideia de",d,9° ano,SPAECE,Simulado 01 SPAECE ,tempo e adversidade.,"['adição e causa.', 'adversidade e modo.', 'modo e tempo.', 'tempo e adversidade.']"
Canastra das velhinhas,"Duas velhinhas, bem velhinhas estão jogando sua canastra semanal. Uma delas olha para a outra e diz: — Por favor, não me leve a mal. Nós somos amigas há tanto tempo e agora eu não consigo me lembrar do seu nome, veja só a minha cabeça. Qual é o seu nome, querida? A outra olha fixamente para a amiga, por uns dois minutos, coça a testa e diz: — Você precisa dessa informação para quando?","D17 - Reconhecer o sentido das relações lógico-discursivas marcadas por conjunções, advérbios etc.","Nesse texto, no trecho “A outra olha fixamente...” a palavra ""fixadamente"" indica
",b,9° ano,SPAECE,Simulado 01 SPAECE ,o modo como a outra velhinha olhava para a amiga.,"['o lugar onde acontecia o jogo de canastra.', 'o modo como a outra velhinha olhava para a amiga.', 'o motivo pelo qual a velhinha olhava para a amiga.', 'o tempo de amizade entre as duas velhinhas.']"
Um homem e uma mulher,"Aconteceu um acidente de trânsito, com dois carros batendo de frente, um guiado por um homem e o outro por uma mulher. Os carros ficaram completamente destruídos, mas, surpreendentemente, os motoristas nada sofreram. Ficaram completamente ilesos. Depois de saírem de seus carros, a mulher disse: — Interessante, você é um homem e eu uma mulher com os carros totalmente destruídos, mas estamos sem nenhum arranhão. Isto deve ser um sinal de Deus. Nós realmente precisávamos nos encontrar. Estava em nossos destinos nos conhecermos e ficarmos vivendo em paz, como grandes amigos até o fim de nossos dias. — Concordo! - disse o homem. A mulher continuou: — Isto com certeza é um sinal de Deus. E olhe outro milagre! Meu carro está completamente destruído, mas esta garrafa de vinho não se quebrou. Está claro que o destino quer que a bebamos para celebrar a nossa vida, que foi salva milagrosamente neste acidente. Vamos celebrar! Então a mulher tirou a rolha e passou a garrafa para o homem. Ele concordou sem titubear, e bebeu pelo gargalo a metade do vinho da garrafa. Depois devolveu a garrafa à mulher. Ela, imediatamente, sem beber uma gota, recolocou a rolha no gargalo. Sem entender nada, o homem perguntou: — Não vai beber a sua metade para comemorar? A mulher respondeu: — Agora não. Vou esperar a polícia chegar primeiro...","D17 - Reconhecer o sentido das relações lógico-discursivas marcadas por conjunções, advérbios etc.",Qual dos trechos abaixo indica ideia de modo?,d,9° ano,SPAECE,Simulado 01 SPAECE ,“...foi salva milagrosamente neste acidente.”,"['“Aconteceu um acidente de trânsito...”', '“ — Isto com certeza é um sinal de Deus.”', '“...foi salva milagrosamente neste acidente.”', '“...foi salva milagrosamente neste acidente.”']"
"Celulares e Smartphones: uso e abuso?
","Não há dúvida que os avanços tecnológicos incorporados aos aparelhos eletrônicos nos últimos anos trouxeram grandes benefícios para nossas vidas. [...] Entretanto, todo esse progresso que, inegavelmente, transformou a vida das pessoas, veio acompanhado de alguns aspectos negativos, dentre os quais salienta-se o chamado “vício de celular” (mobile phone addiction, em inglês). Estudos recentes demonstram que o uso excessivo de smartphones pode causar depressão, estresse e insônia. Segundo o professor de Psicologia Organizacional e Saúde da Universidade de Lancaster, Reino Unido, Cary Cooper, a utilização em demasia desses aparelhos oferece uma saída passiva na qual o usuário não precisa interagir com o mundo ou enfrentar seus problemas. Assim como a luz da televisão atrai e entorpece os sentidos, os smartphones e celulares, segundo o mesmo psicólogo, podem causar vício e outros malefícios. [...] Não há nada de errado com os smartphones, o problema é como a pessoa os usa. Como qualquer ferramenta, o smartphone precisa ser usado com sabedoria. Estipule horários para usar o aparelho e não faça diversos acessos rápidos ao longo do dia.","D17 - Reconhecer o sentido das relações lógico-discursivas marcadas por conjunções, advérbios etc.","No texto, as palavras “Entretanto” e “Assim como” estabelecem, respectivamente, uma
relação de",d,9° ano,SPAECE,Simulado 01 SPAECE ,oposição e comparação.,"['alternância e adição. ', 'causa e comparação.', 'oposição e adição.', 'oposição e comparação.']"
Caçadora de gigantes,"Bárbara Thorson é uma garota rebelde e solitária que prefere o mundo de calabouços e dragões ao mundo real. Ao passar por uma série de maus tratos na escola, seu comportamento muda e a vida que sempre imaginou se torna real. Logo ela se vê enfrentando seus medos da pior maneira e fica obcecada com o que acredita ser sua missão: matar gigantes. PAÍS DE ORIGEM: BÉLGICA/CHINA/EUA/GRÃ-BRETANHA/ ANO DE PRODUÇÃO: 2018 GÊNERO: DRAMA, FANTASÍA, SUSPENSE DURAÇÃO: 106 CENSURA: 10","D14 - Reconhecer as relações entre partes de um texto, identificando os recursos coesivos que contribuem para sua continuidade.","Nesse texto, no trecho “...seu comportamento muda...” a palavra ""seu"" faz referência",a,9° ano,SPAECE,Simulado 01 SPAECE ,à Bárbara.,"['à Bárbara.', 'aos dragões.', 'aos gigantes.\r', 'aos maus tratos.']"
Ah… a praia!,"Minha fascinação por ela é uma imensidão [...]. E pensar que é formada na mais tranquila e paciente espera. Foram necessários milhões de anos para podermos desfrutar de algumas horas do dia; no meu caso, de um bom feriado. Largo meus afazeres e presto somente atenção nela. O vento que vem de lá traz-me uma felicidade que não encontro nesse lado de cá. Mesmo que seja por pouco tempo, faço tudo para que esse tempo seja necessário, não para que desfrute de tudo que ela ofereça, e sim para que eu sempre sinta vontade de visitá-la. Sua voz é tão linda que tem concha que teima a imitá-la. Repare como ela é completa. Sinto o quente da areia, o frio da maré que chega. Oferece-me comida. Nunca me canso de falar dos ensinamentos da natureza. Tudo que vale a pena deve ser cultivado na medida certa do tempo. O perfeito é criado sem muita pressa, tornando-se duradouro. Que assim seja meu amor por ela. Quente quando está perto, frio quando a saudade aperta. Alimentado por tudo que está dentro dela. E que surja no tempo certo, para que possamos desfrutar na medida certa por um tempo indefinido. Para que no final eu possa prestar somente atenção nela.","D14 - Reconhecer as relações entre partes de um texto, identificando os recursos coesivos que contribuem para sua continuidade.","Nos trechos abaixo, qual das palavras destacadas refere-se à praia?",d,9° ano,SPAECE,Simulado 01 SPAECE ,“...eu possa prestar somente atenção nela.”,"['“Foram necessários milhões de anos...” ', '“Mesmo que seja por pouco tempo...” ', '“O perfeito é criado sem muita pressa, tornando-se duradouro...” ', '“...eu possa prestar somente atenção nela.”']"
Nova York proíbe venda de refrigerantes em copos grandes,"A prefeitura de Nova York proibiu [...] a venda de refrigerantes em copos com mais de 473 mililitros – equivalente a 16 onças, medida usada nos EUA – nas lanchonetes, restaurantes, estádios e salas de cinema, em uma tentativa de combater a obesidade. A Comissão de Saúde da prefeitura aprovou a proibição, que inclui todas as bebidas ricas em açúcar. Segundo o prefeito Michael Bloomberg, mais da metade dos adultos em Nova York (58%) é de obesos ou possui excesso de peso, e este problema também afeta 40% das crianças nas escolas públicas. O consumo de refrigerantes, geralmente mais baratos que a água mineral e cujos copos não são mais caros que os pequenos, é uma das causas identificadas do problema. [...] A iniciativa provocou críticas de moradores que a consideram uma intromissão exagerada do poder público em questões particulares. Representantes dos produtores de refrigerantes também se expressaram contrários. [...] “Ainda não é o fim”, afirmou em nota o grupo Nova-iorquinos pela Escolha das Bebidas, que é patrocinado pela indústria de refrigerantes. A associação reuniu mais de 250 mil assinaturas contra o projeto e considera mover um processo na justiça. “Continuaremos expressando nossa oposição a essa proibição e lutaremos pelo direito dos nova-iorquinos de tomar suas próprias decisões. E estaremos ao lado dos comerciantes que serão afetados por essas limitações arbitrárias”, dizia a nota, assinada por Eliot Hoff","D14 - Reconhecer as relações entre partes de um texto, identificando os recursos coesivos que contribuem para sua continuidade.","Nesse texto, no trecho “...que serão afetados por essas limitações arbitrárias.” a palavra""que"" refere-se",d,9° ano,SPAECE,Simulado 01 SPAECE ,aos comerciantes.,"['à prefeitura de Nova York', 'às limitações arbitrárias.', 'ao poder público.\n', 'aos comerciantes.']"
-,"Em época de Natal, os pais enchem as lojas para atender os desejos dos filhos [...]. Esta cena não é comum somente no mês de dezembro. Os excessos quanto aos pedidos das crianças acontecem frequentemente, e isto se deve à forte influência que o consumo exerce sobre as crianças. Uma forma de lidar com esse aspecto é a orientação que os pais podem oferecer o quanto antes, esclarecendo que o importante é a personalidade do indivíduo, e não aquilo que ele consome. [...] Os shoppings possuem uma estrutura que fascina as crianças. As lojas de brinquedos, o parque, as cores e as luzes as atraem. O ser humano tem uma grande necessidade de aceitação, de pertencer a um grupo, e o ato de consumir seria uma forma de inserção social, ou seja, para vivenciar este sentimento de pertença, a criança “necessita” adquirir determinado brinquedo, certas marcas de tênis e roupas e até fazer alguns passeios que são interessantes para o seu grupo. Os pais e a escola podem ensinar a criança a consumir com consciência e responsabilidade. Considerando a qualidade do produto e as necessidades a fim de não desperdiçar e sim de economizar. Quando o pai é consumista, tem grande possibilidade de ter um filho também consumista. Se o pai é econômico, planeja e investe naquilo que é fundamental, consegue passar esses valores para o filho. [...]","D14 - Reconhecer as relações entre partes de um texto, identificando os recursos coesivos que contribuem para sua continuidade.","Nesse texto, no trecho “...as cores e as luzes as atraem. ” o termo ""as"" faz referência",b,9° ano,SPAECE,Simulado 01 SPAECE ,às crianças.,"['às cores.', 'às crianças.', 'às lojas.', 'às luzes.']"
Alvinho,"O Alvinho encarava um batente que não era mole. Se virava mais que charuto em boca de bêbado por uma grana muito mixuruca, que mal dava pra ele escorar os repuxos. Coisa que não é mole, hoje em dia, com a vida custando os olhos da cara como anda. Muito nego se abilola. Principalmente se o pinta é casado e tem montes de filhos pra sustentar. Às vezes, entra em bobeira e sai falando sozinho. E esse era o lance do Alvinho. Cheio de bronca com a sinuca de bico em que estava, ficava pelos botecos cavernosos e biroscas escamosas fazendo o maior quás-quás-quás da paróquia: — Estou na piorada. Sei que estou. Mas um dia vira o jogo. Tem que virar. Do jeito que está não pode ser. Vê eu? Mino linha de frente, me atucanando nessa zorra encardida. Tá direito? Tá, não. Eu, Alvinho boa cuca, cheio de embaixada, perdido aqui nessa joça. Entregue às traças. A perigo perpétuo. Um dia tem que mudar. E como esse papo que ele engrenava não dizia nada a ninguém, o jeito era ele mesmo continuar charlando: — Nasci pra ser tratado a pão-de-ló. E, no entanto, estou só comendo capim pela raiz. Não dá pedal. Um dia me arrumo. Claro que era conversa de bêbado. Nem o mais loque dos ouvintes botava fé. [...]","D14 - Reconhecer as relações entre partes de um texto, identificando os recursos coesivos que contribuem para sua continuidade.","Nesse texto, no trecho “E como esse papo que ele engrenava não dizia nada a ninguém...” o
termo ""ele"" substitui a palavra",a,9° ano,SPAECE,Simulado 01 SPAECE ,Alvinho.,"['Alvinho.', 'engrenava.', 'ninguém.', 'papo.']"
"Branca lembrança de uma infância
","Naquela época, o carreirinho que ia à igreja já estava branquinho de neve, como se tivesse chovido algodão sobre a mata ainda virgem. Os galhos dos pinheiros – até os mais fortes – quebravam devido ao peso da neve. Os barrancos ficavam todos cobertos por uma manta branca e suave, formando um verdadeiro escorregador. Fazíamos bonecos de neve com nariz de cenoura, braços de galhos secos e uma panela velha como chapéu. Foi a nossa maior diversão! Contrastando com a neve, estava o marrom carnado do pinhão no chão. Pinhão, tinha bastante! Por isso era pinhão no almoço, na janta... Como a comida era pouco diversificada, a gente dava graças quando tinha alguma coisa diferente. O pinhão dava um sabor a mais a nossas refeições! A gente sabia que o pinhão só dava no inverno, mas queria catar pinhão o ano todo. Ah, que saudades daquela época em que a gente fazia o sapecado! O pinhão quentinho e o chimarrão eram nossos tesouros, nossa tradição... [...]",D11 - Reconhecer os elementos que compõem uma narrativa e o conflito gerador.,O trecho abaixo que comprova que o narrador participa da história é:,c,9° ano,SPAECE,Simulado 01 SPAECE ,“Fazíamos bonecos de neve com nariz de cenoura...”,"['“Naquela época, o carreirinho que ia à igreja...”', '“Os barrancos ficavam todos cobertos...”', '“Fazíamos bonecos de neve com nariz de cenoura...”', '“Contrastando com a neve, estava o marrom carnado...”']"
O amigo-secreto,"A turma reuniu-se na sala enfeitada.  Martinha carregava um pacote enorme, cheio de laços, Suzana e Antônio conversavam animados. Mariana pediu para Juju começar a brincadeira. Cada um devia explicar antes por que escolhera o presente para seu amigo-secreto.  Quando Juju terminou de falar, um tênis, que mais parecia uma nave especial, foi parar nas mãos de Felipe. Este contou por que comprou o CD importado para o Luís. Que explicou por que escolheu a bermuda de surfista para o Bruno.  — Bruno, a turma gritou. — Agora é você!  Bruno pôs-se a falar:  Bom, pessoal, é o seguinte: na primeira semana de dezembro, já tarde da noite, lá em casa, ouvimos um grito de filme de terror. Todo mundo saltou da cama: “O que foi?”  Minha mãe apontou, soluçando: “A Ge-la-dei-ra! Ela que-brou!” [...] “Precisamos comprar uma nova imediatamente”.  “E o presente do amigo-secreto”, minha irmã lembrou mais que depressa.  “Bolem um presente criativo e que não custe nada”, falou meu pai.  — Foi aí que eu tive a ideia – continuou Bruno, abrindo a mochila e tirando de lá um pequeno pacote.  — Espero que meu amigo-secreto goste. Ele é o Rafa.  — Aí, Rafa! Vai lá! – gritou a turma.  Rafa começou a abrir o pacote. O silêncio era total.  — Não acredito que você guardou essa foto, cara! Que idade a gente tinha?  — Mostra! Mostra!  E a foto embrulhada de Bruno e de Rafa, quando tinham seis anos, foi passando de mão em mão. O maior sucesso.  — Puxa, Bruno. Só faltou uma coisa — Disse Rafa .  — O quê?  — Um abraço, cara. Gosto de você! Bom fim de ano!",D11 - Reconhecer os elementos que compõem uma narrativa e o conflito gerador.,O fato que desencadeou essa história foi,a,9° ano,SPAECE,Simulado 01 SPAECE ,Bruno ter que conseguir um presente criativo e barato para o amigo-secreto.,"['Bruno ter que conseguir um presente criativo e barato para o amigo-secreto.', 'Felipe ganhar um presente que mais parecia uma nave especial.', 'Martinha carregar um pacote enorme, cheio de laços.', 'Rafa abraçar e desejar um bom fim de ano ao seu amigo Bruno.']"
"A abelha gulosa
","A abelha era muito gulosa, de tal forma que passava o dia inteiro a beber o néctar das flores. Sua obrigação, como membro ativo da colmeia, era levar para a comunidade de abelhas o néctar necessário para o sustento diário de todas. Mas ela esquecia-se de tudo, tal era a obsessão de comer. — Abelhinha, não é correto o que você faz, disse-lhe uma de suas companheiras. Além de não cumprir a sua obrigação na colmeia, está prejudicando a si própria. Não vê, por acaso, como está ficando gorda? A abelha fazia-se de surda aos conselhos desse tipo e continuava no seu come-come. Engordou tanto, que aconteceu uma tragédia. A abelhinha regressou à colmeia, ao anoitecer. Tentou passar pela porta, mas não conseguiu. Estava gordíssima! Suas companheiras tentaram ajudá-la, mas foi tudo inútil e a abelhinha glutona teve que ficar lá fora, sujeita às intempéries. Na manhã seguinte, suas companheiras encontraram-na congelada. Não tinha conseguido resistir ao intenso frio da noite",D11 - Reconhecer os elementos que compõem uma narrativa e o conflito gerador.,"No desfecho dessa narrativa, a abelha",a,9° ano,SPAECE,Simulado 01 SPAECE ,acaba morrendo congelada.,"['acaba morrendo congelada.', 'consegue ficar curada da gula. ', 'continua sendo muito gulosa.\r', 'ouve o conselho das companheiras.\r']"
A Cidade dos Resmungos,"Era uma vez um lugar chamado Cidade dos Resmungos, onde todos resmungavam, resmungavam, resmungavam. No verão, resmungavam que estava muito quente. No inverno, que estava muito frio. Quando chovia, as crianças choramingavam porque não podiam sair. Quando fazia sol, reclamavam que não tinham o que fazer. Os vizinhos queixavam-se uns dos outros, os pais queixavam-se dos filhos, os irmãos das irmãs. Todos tinham um problema, e todos reclamavam que alguém deveria fazer alguma coisa. Um dia chegou à cidade um mascate carregando um enorme cesto às costas. Ao perceber toda aquela inquietação e choradeira, pôs o cesto no chão e gritou: — Ó cidadãos deste belo lugar! Os campos estão abarrotados de trigo, os pomares carregados de frutas. As cordilheiras são cobertas de florestas espessas, e os vales banhados por rios profundos. Jamais vi um lugar abençoado por tantas conveniências e tamanha abundância. Por que tanta insatisfação? Aproximem-se, e eu lhes mostrarei o caminho para a felicidade. [...] ele puxou uma corda comprida do cesto e a esticou entre dois postes na praça da cidade. Então, segurando o cesto diante de si, gritou: — Povo desta cidade! Aqueles que estiverem insatisfeitos escrevam seus problemas num pedaço de papel e ponham dentro deste cesto. Trocarei seus problemas por felicidade! A multidão se aglomerou ao seu redor. Ninguém hesitou diante da chance de se livrar dos problemas. Todo homem, mulher e criança da vila rabiscou sua queixa num pedaço de papel e jogou no cesto. Eles observaram o mascate pegar cada problema e pendurá-lo na corda. [...] Então ele disse: — Agora cada um de vocês deve retirar desta linha mágica o menor problema que puder encontrar. Todos correram para examinar os problemas. Procuraram, manusearam os pedaços de papel e ponderaram, cada qual tentando escolher o menor problema. Depois de algum tempo a corda estava vazia. Eis que cada um segurava o mesmíssimo problema que havia colocado no cesto. Cada pessoa havia escolhido o seu próprio problema, julgando ser ele o menor da corda. Daí por diante, o povo daquela cidade deixou de resmungar o tempo todo. E sempre que alguém sentia o desejo de resmungar ou reclamar, pensava no mascate e na sua corda mágica.",D11 - Reconhecer os elementos que compõem uma narrativa e o conflito gerador.,O fato que deu início a essa narrativa foi ,b,9° ano,SPAECE,Simulado 01 SPAECE ,as pessoas reclamarem o tempo todo.,"['as pessoas escreverem no papel seus problemas e pôr no cesto.', 'as pessoas reclamarem o tempo todo.', 'o mascate resolver todos os problemas das pessoas.', 'o povo da cidade dos resmungos parar de reclamar.']"
Acidente na escola,"Um menino de nove anos estava sentado na sua carteira. De repente, uma poça entre seus pés e a parte dianteira de sua calça molhada. Não sabia como isso tinha acontecido e achava que seu coração ia parar. Nunca tinha passado por nada semelhante. Quando descobrirem, os meninos nunca o deixarão em paz, e as meninas nunca mais vão falar com ele. Com o coração batendo forte, o menino abaixou a cabeça e rezou: — Querido Deus, isto é uma emergência! Eu necessito de ajuda, agora! Mais cinco minutos e serei um menino morto. Quando levantou os olhos, viu a professora chegando com um olhar que dizia que ele tinha sido descoberto. Enquanto a professora caminhava na sua direção, uma coleguinha, chamada Susie, passou na sua frente carregando um aquário cheio de água. Susie tropeçou na frente da professora e despejou, inexplicavelmente, toda a água no colo do menino. O menino fingiu ficar com raiva, mas, ao mesmo tempo, lá no fundo de seu coração, exclamou: — Obrigado, Senhor! De repente, em vez de ser motivo de ridículo e gozações, o menino virou centro da compaixão e das atenções de toda a turma. A professora levou-o apressadamente, para trocar de roupa e colocar a calça a secar. Todas as outras crianças, espontaneamente, se puseram a limpar o chão e a carteira do menino. Mas, o ridículo e as gozações caíram sobre a coitada Susie. Ela também tentou ajudar, mas as crianças a afastaram: — Olha o que você fez! Você é uma desajeitada! Finalmente, no fim das aulas, enquanto estavam esperando a chegada de seus pais, o menino viu Susie, aproximou-se dela, e cochichou no seu ouvido: — Você fez aquilo de propósito, não foi? Susie, também cochichando, e com um sorriso, confessou: — Eu também molhei minha calça uma vez",D11 - Reconhecer os elementos que compõem uma narrativa e o conflito gerador.,O clímax dessa narrativa acontece quando,d,9° ano,SPAECE,Simulado 01 SPAECE ,Susie derrama a água do aquário no colo do menino,"['o menino finge estar com raiva por Susie derramar água nele.', 'o menino vira o centro das atenções da turma.', 'Susie confessa que também molhou a calça uma vez', 'Susie derrama a água do aquário no colo do menino']"
Epitáfio,Devia ter amado mais Ter chorado mais Ter visto o sol nascer Devia ter arriscado mais [...] Ter feito o que eu queria fazer Queria ter aceitado As pessoas como elas são [...] O acaso vai me proteger Enquanto eu andar distraído [...] Devia ter complicado menos Trabalhado menos Ter visto o sol se pôr Devia ter me importado menos Com problemas pequenos Ter morrido de amor Queria ter aceitado A vida como ela é A cada um cabe alegrias E a tristeza que vier,D10 - Identificar o propósito comunicativo em diferentes gêneros.,"Nesse texto, há uma ideia de exagero nos versos:",c,9° ano,SPAECE,Simulado 01 SPAECE ,“Ter morrido de amor” ,"['“Devia ter amado mais” ', '“Ter visto o sol se pôr”', '“Ter morrido de amor” ', '“A cada um cabe alegrias”']"
-,"A palavra “café” vem do árabe qahhwah e significa “vinho”. Foi cultivado pela primeira vez pelo povo muçulmano, sendo por isso conhecido também como vinho da Arábia. As sensações de vigor e ânimo que o fruto proporciona foram descobertas pelo pastor etíope Caldi, que, após perceber que suas cabras andavam agitadas, viu que elas se alimentavam de folhas e grãos de um arbusto específico. Os monges que viviam na região colheram os frutos e prepararam um chá. A partir daí, passaram a consumir frequentemente a bebida para ficarem mais acordados nas noites de vigília e oração.  Seu cultivo tornou-se tão importante para o povo árabe, que era terminantemente proibido que seus grãos deixassem a região. Todo café negociado era previamente fervido para que não pudesse mais germinar. Apenas no século XVIII a planta ganhou a Europa, sendo cultivada na Holanda",D10 - Identificar o propósito comunicativo em diferentes gêneros.,Esse texto tem a finalidade de,d,9° ano,SPAECE,Simulado 01 SPAECE ,informar sobre a origem do café.,"['expor as características do café. ', 'falar sobre o cultivo de café no mundo.', 'incentivar o consumo de café.', 'informar sobre a origem do café.']"
Nova York proíbe venda de refrigerantes em copos grandes,"A prefeitura de Nova York proibiu [...] a venda de refrigerantes em copos com mais de 473 mililitros – equivalente a 16 onças, medida usada nos EUA – nas lanchonetes, restaurantes, estádios e salas de cinema, em uma tentativa de combater a obesidade. A Comissão de Saúde da prefeitura aprovou a proibição, que inclui todas as bebidas ricas em açúcar. Segundo o prefeito Michael Bloomberg, mais da metade dos adultos em Nova York (58%) é de obesos ou possui excesso de peso, e este problema também afeta 40% das crianças nas escolas públicas. O consumo de refrigerantes, geralmente mais baratos que a água mineral e cujos copos não são mais caros que os pequenos, é uma das causas identificadas do problema. [...] A iniciativa provocou críticas de moradores que a consideram uma intromissão exagerada do poder público em questões particulares. Representantes dos produtores de refrigerantes também se expressaram contrários. [...] “Ainda não é o fim”, afirmou em nota o grupo Nova-iorquinos pela Escolha das Bebidas, que é patrocinado pela indústria de refrigerantes. A associação reuniu mais de 250 mil assinaturas contra o projeto e considera mover um processo na justiça. “Continuaremos expressando nossa oposição a essa proibição e lutaremos pelo direito dos nova-iorquinos de tomar suas próprias decisões. E estaremos ao lado dos comerciantes que serão afetados por essas limitações arbitrárias”, dizia a nota, assinada por Eliot Hoff",D10 - Identificar o propósito comunicativo em diferentes gêneros.,Qual o objetivo desse texto?,c,9° ano,SPAECE,Simulado 01 SPAECE ,"Informar as pessoas.","['Convencer o leitor.', 'Fazer uma propaganda.', 'Informar as pessoas.\r', 'Incentivar o consumismo.']"
Patativa do Assaré,"Antônio Gonçalves da Silva, o Patativa do Assaré, nasceu na Serra de Santana, a 18 Km da cidade de Assaré, em 5 de março de 1909. Filho de Pedro Gonçalves da Silva e Maria Pereira da Silva, família pobre, perdeu o pai aos oito anos, passando a partir daí a trabalhar na roça para garantir o sustento da família. Logo que ingressou na escola, aos doze anos, passou a escrever poesia e produzir pequenos textos. [...] O nome “Patativa” surgiu devido à semelhança entre seu canto e o do pássaro Patativa, ave nordestina que possui um canto mavioso e singular, quando o jovem poeta tinha apenas vinte anos. Com um nome artístico, passou a viajar pela região cantando seus repentes e apresentando-se várias vezes na rádio Araripe. Patativa é considerado o gênio da literatura cearense [...].",D09 - Reconhecer gênero discursivo.,Esse texto é um exemplo de,a,9° ano,SPAECE,Simulado 01 SPAECE ,biografia.,"['biografia.', 'conto.', 'notícia.\r', 'propaganda.']"
Surfista é mordido no rosto por tubarão em Fernando de Noronha,"Um surfista foi mordido por um tubarão nesta quinta-feira (14), em Fernando de Noronha. Vinícius Cavalcanti, 31 anos, estava surfando na praia da Cacimba do Padre quando aconteceu o incidente. Ele foi levado de carro, pela esposa, ao Hospital São Lucas com ferimentos na face, no pescoço e na orelha. Ele chegou com sangramento intenso, mas com ""sinais vitais estáveis, lúcido e orientado"", de acordo com informações preliminares da unidade de saúde. Ainda segundo o hospital, ele está bem, estável, tranquilo e conversando. Vinícius é vendedor de açaí na Cacimba e aproveitou o final do expediente para pegar onda. Segundo relato da mulher do vendedor, Juliana Cavalcanti, o rapaz caiu em cima do tubarão e levou uma mordida. “Meu marido me contou que estava surfando, quando caiu e o tubarão o abocanhou. A mordida pegou no supercílio, orelha, no queixo e no pescoço. Sangrava muito"", conta.",D09 - Reconhecer gênero discursivo.,Esse texto pertence ao gênero,c,9° ano,SPAECE,Simulado 01 SPAECE ,"notícia.","['conto.', 'lenda.', 'notícia.\r', 'propaganda.']"
Canastra das velhinhas,"Duas velhinhas, bem velhinhas estão jogando sua canastra semanal. Uma delas olha para a outra e diz: — Por favor, não me leve a mal. Nós somos amigas há tanto tempo e agora eu não consigo me lembrar do seu nome, veja só a minha cabeça. Qual é o seu nome, querida? A outra olha fixamente para a amiga, por uns dois minutos, coça a testa e diz: — Você precisa dessa informação para quando?",D09 - Reconhecer gênero discursivo.,"Esse texto é um exemplo de",d,9° ano,SPAECE,Simulado 01 SPAECE ,piada.,"['charge', 'conto.', 'notícia.\r', 'piada.']"
Ah… a praia!,"Minha fascinação por ela é uma imensidão [...]. E pensar que é formada na mais tranquila e paciente espera. Foram necessários milhões de anos para podermos desfrutar de algumas horas do dia; no meu caso, de um bom feriado. Largo meus afazeres e presto somente atenção nela. O vento que vem de lá traz-me uma felicidade que não encontro nesse lado de cá. Mesmo que seja por pouco tempo, faço tudo para que esse tempo seja necessário, não para que desfrute de tudo que ela ofereça, e sim para que eu sempre sinta vontade de visitá-la. Sua voz é tão linda que tem concha que teima a imitá-la. Repare como ela é completa. Sinto o quente da areia, o frio da maré que chega. Oferece-me comida. Nunca me canso de falar dos ensinamentos da natureza. Tudo que vale a pena deve ser cultivado na medida certa do tempo. O perfeito é criado sem muita pressa, tornando-se duradouro. Que assim seja meu amor por ela. Quente quando está perto, frio quando a saudade aperta. Alimentado por tudo que está dentro dela. E que surja no tempo certo, para que possamos desfrutar na medida certa por um tempo indefinido. Para que no final eu possa prestar somente atenção nela.",D09 - Reconhecer gênero discursivo.,Esse texto é um exemplo de,d,9° ano,SPAECE,Simulado 01 SPAECE ,crônica.,"['artigo científico.', 'biografia.', 'carta.', 'crônica.']"
Surfista é mordido no rosto por tubarão em Fernando de Noronha,"Um surfista foi mordido por um tubarão nesta quinta-feira (14), em Fernando de Noronha. Vinícius Cavalcanti, 31 anos, estava surfando na praia da Cacimba do Padre quando aconteceu o incidente. Ele foi levado de carro, pela esposa, ao Hospital São Lucas com ferimentos na face, no pescoço e na orelha. Ele chegou com sangramento intenso, mas com ""sinais vitais estáveis, lúcido e orientado"", de acordo com informações preliminares da unidade de saúde. Ainda segundo o hospital, ele está bem, estável, tranquilo e conversando. Vinícius é vendedor de açaí na Cacimba e aproveitou o final do expediente para pegar onda. Segundo relato da mulher do vendedor, Juliana Cavalcanti, o rapaz caiu em cima do tubarão e levou uma mordida. “Meu marido me contou que estava surfando, quando caiu e o tubarão o abocanhou. A mordida pegou no supercílio, orelha, no queixo e no pescoço. Sangrava muito"", conta.",D07 - Diferenciar a informação principal das secundárias em um texto.,O trecho abaixo que contém a informação principal desse texto é:,a,9° ano,SPAECE,Simulado 01 SPAECE ,"“Um surfista foi mordido por um tubarão nesta quinta-feira (14), em Fernando de Noronha""","['“Um surfista foi mordido por um tubarão nesta quinta-feira (14), em Fernando de Noronha""', '“Ele foi levado de carro, pela esposa, ao Hospital São Lucas...” ', '“Segundo relato da mulher do vendedor [...] o rapaz caiu em cima do tubarão...”', '“A mordida pegou no supercílio, orelha, no queixo e no pescoço.” ']"
Nova York proíbe venda de refrigerantes em copos grandes,"A prefeitura de Nova York proibiu [...] a venda de refrigerantes em copos com mais de 473 mililitros – equivalente a 16 onças, medida usada nos EUA – nas lanchonetes, restaurantes, estádios e salas de cinema, em uma tentativa de combater a obesidade. A Comissão de Saúde da prefeitura aprovou a proibição, que inclui todas as bebidas ricas em açúcar. Segundo o prefeito Michael Bloomberg, mais da metade dos adultos em Nova York (58%) é de obesos ou possui excesso de peso, e este problema também afeta 40% das crianças nas escolas públicas. O consumo de refrigerantes, geralmente mais baratos que a água mineral e cujos copos não são mais caros que os pequenos, é uma das causas identificadas do problema. [...] A iniciativa provocou críticas de moradores que a consideram uma intromissão exagerada do poder público em questões particulares. Representantes dos produtores de refrigerantes também se expressaram contrários. [...] “Ainda não é o fim”, afirmou em nota o grupo Nova-iorquinos pela Escolha das Bebidas, que é patrocinado pela indústria de refrigerantes. A associação reuniu mais de 250 mil assinaturas contra o projeto e considera mover um processo na justiça. “Continuaremos expressando nossa oposição a essa proibição e lutaremos pelo direito dos nova-iorquinos de tomar suas próprias decisões. E estaremos ao lado dos comerciantes que serão afetados por essas limitações arbitrárias”, dizia a nota, assinada por Eliot Hoff",D07 - Diferenciar a informação principal das secundárias em um texto.,O trecho abaixo que contém a informação principal desse texto é:,a,9° ano,SPAECE,Simulado 01 SPAECE ,“...Nova York proibiu [...] a venda de refrigerantes em copos com mais de 473 mililitros...”,"['“...Nova York proibiu [...] a venda de refrigerantes em copos com mais de 473 mililitros...”', '“...mais da metade dos adultos em Nova York é de obesos ou possui excesso de peso...”', '“A iniciativa provocou críticas de moradores que a consideram uma intromissão...” ', '“A associação reuniu mais de 250 mil assinaturas contra o projeto...”']"
Brasil é o 4º maior produtor de lixo plástico do mundo e recicla apenas 1%,"O Brasil é o 4º maior produtor de lixo plástico do mundo, atrás apenas de Estados Unidos, China e Índia. O país também é um dos que menos recicla este tipo de lixo: apenas 1,2% é reciclado, ou seja, 145.043 toneladas. Os dados são do estudo feito pelo Fundo Mundial para a Natureza (WWF, sigla em inglês). O relatório “Solucionar a Poluição Plástica – Transparência e Responsabilização"" será apresentado na Assembleia das Nações Unidas para o Meio Ambiente (UNEA-4), que será realizada em Nairóbi, no Quênia, de 11 a 15 de março. Veja os números: • Brasil produz 11.355.220 milhões de toneladas de lixo plástico por ano • Cada brasileiro produz 1 kg de lixo plástico por semana • Somente 145.043 toneladas de lixo plástico são recicladas • 2,4 milhões de toneladas de plástico são descartadas de forma irregular • 7,7 milhões de toneladas ficam em aterros sanitários • Mais de 1 milhão de toneladas não é recolhida no país O Brasil é um dos países que menos recicla no mundo ficando atrás de Yêmen e Síria e bem abaixo da média mundial que é de 9%. Dentre os maiores produtos de lixo plástico, é o que menos recicla.",D07 - Diferenciar a informação principal das secundárias em um texto.,A informação principal desse texto está no trecho,a,9° ano,SPAECE,Simulado 01 SPAECE ,“O Brasil é o 4º maior produtor de lixo plástico do mundo...também é um dos que menos recicla este tipo de lixo,"['“O Brasil é o 4º maior produtor de lixo plástico do mundo...também é um dos que menos recicla este tipo de lixo', '“Os dados são do estudo feito pelo Fundo Mundial para a Natureza (WWF, sigla em inglês).” ', '“O relatório [...] será apresentado na Assembleia das Nações Unidas para o Meio Ambiente', '“... ficando atrás de Yêmen e Síria e bem abaixo da média mundial que é de 9%.""']"
Beber e comer ao mesmo tempo faz bem ou mal?,"Logo após o pedido de comida em um restaurante a pergunta do garçom sempre é: ""E para beber?"". Há quem não consiga comer sem um copo de suco, água ou até refrigerante por perto para ""ajudar"" na digestão. Mas, será que isso faz bem para a saúde? [...] Seja no café da manhã, com o tradicional café com pão, ou em lanches, almoços e jantares, a bebida acaba sendo uma companhia habitual às refeições. Porém, a nutricionista Sheila Basso explica que essa união pode não ser tão saudável, já que a alta ingestão de líquido durante a refeição pode prejudicar a digestão e até diminuir a absorção de nutrientes do organismo (biodisponibilidade). ""A digestão é um processo tanto químico, quanto físico, e se dá início na boca, quando os alimentos são triturados pelos dentes e os carboidratos digeridos pela enzima amilase salivar. Quando ingerimos grande quantidade de líquidos durante as refeições, essas enzimas podem acabar se diluindo ou, no caso dos refrigerantes, sucos ou bebidas ácidas, elas podem interferir no pH dessas moléculas e, consequentemente, dificultar a digestão"", explica a profissional.",D07 - Diferenciar a informação principal das secundárias em um texto.,Qual a informação principal desse texto?,d,9° ano,SPAECE,Simulado 01 SPAECE ,"“A digestão [...] se dá início na boca, quando os alimentos são triturados...” (","['“...a bebida acaba sendo uma companhia habitual às refeições.”', '“A alta ingestão de líquido durante a refeição pode prejudicar a digestão...” ', '“A digestão é um processo tanto químico, quanto físico...”', '“A digestão [...] se dá início na boca, quando os alimentos são triturados...” (']"
Baleia é encontrada morta com 40 quilos de plástico no estômago,"Uma baleia da espécie bicuda de Cuvier foi encontrada em Mabini, na costa das Filipinas, morta com 40 quilos de plástico em seu estômago. A informação foi divulgada pelos cientistas do grupo D'Bone Collector Museum, organização que visa educar as pessoas sobre a preservação do meio ambiente. O biólogo marino Darrell Blatchley, fundador da organização, disse em entrevista à rede americana ""CNN"" que a baleia morreu de desidratação e inanição e vomitou sangue antes de morrer. ""Eu não estava preparado para a quantidade de plástico"", disse Blatchley. ""Cerca de 40 quilos de sacas de arroz, sacolas de supermercado, sacolas de plantação de banana e sacolas plásticas em geral. Dezesseis sacas de arroz no total.""",D07 - Diferenciar a informação principal das secundárias em um texto.,A informação principal desse texto está no trecho:,a,9° ano,SPAECE,Simulado 01 SPAECE ,"“Uma baleia...foi encontrada...morta com 40 quilos de plástico em seu estômago""","['“Uma baleia...foi encontrada...morta com 40 quilos de plástico em seu estômago""', '“A informação foi divulgada pelos cientistas do grupo D\'Bone Collector Museum...""', '“Eu não estava preparado para a quantidade de plástico.”', '“Cerca de 40 quilos de sacas de arroz, sacolas de supermercado...” ']"
"Branca lembrança de uma infância
","Naquela época, o carreirinho que ia à igreja já estava branquinho de neve, como se tivesse chovido algodão sobre a mata ainda virgem. Os galhos dos pinheiros – até os mais fortes – quebravam devido ao peso da neve. Os barrancos ficavam todos cobertos por uma manta branca e suave, formando um verdadeiro escorregador. Fazíamos bonecos de neve com nariz de cenoura, braços de galhos secos e uma panela velha como chapéu. Foi a nossa maior diversão! Contrastando com a neve, estava o marrom carnado do pinhão no chão. Pinhão, tinha bastante! Por isso era pinhão no almoço, na janta... Como a comida era pouco diversificada, a gente dava graças quando tinha alguma coisa diferente. O pinhão dava um sabor a mais a nossas refeições! A gente sabia que o pinhão só dava no inverno, mas queria catar pinhão o ano todo. Ah, que saudades daquela época em que a gente fazia o sapecado! O pinhão quentinho e o chimarrão eram nossos tesouros, nossa tradição... [...]",D06 - Distinguir fato de opinião relativa ao fato.,Qual dos trechos abaixo revela uma opinião do autor?,c,9° ano,SPAECE,Simulado 01 SPAECE ,“Foi a nossa maior diversão!”,"['“...o carreirinho...já estava branquinho de neve...”', '“Os galhos dos pinheiros...quebravam...”', '“Foi a nossa maior diversão!”', '“...era pinhão no almoço, na janta...” ']"
Riqueza,"Qual a verdadeira riqueza desse mundo? No dicionário é sinônimo de abundância, ostentação e luxo. Mas acredito que esteja longe disso. Recentemente tive dois exemplos claros de que a riqueza de fato está contida em outra fonte. Vi um programa que mostrou a história de um senhor heptagenário que possui três empregos humildes, acorda as 4:00 para começar a rica jornada de trabalho, adorado por todos habitantes da pacata cidadezinha. Quer saber se é infeliz? Seu sorriso espontâneo a todo momento responde essa pergunta. Quer outro exemplo? Há alguns dias fui hospedado na casa de um grande amigo. Casa simples que acompanha uma família simples e linda. A todo momento sou questionado se estou sendo bem tratado. A todo momento recebo pedido de desculpas por qualquer falha na hospedagem. Para minha surpresa, encontro uma mesa farta sempre, e quando digo farta não significa nenhuma ostentação. Encontro também uma mãe autônoma que cria seus filhos com muita intuição e amor. Intuição que é expresso no coração bondoso de seus filhos; ajudado por um padrasto carinhoso e dedicado. Sou uma pessoa rica? Sou à medida que aprendo com o senhor heptagenário e choro com sua história de superação. Sou à medida que extraio dessa família todas as qualidades que preciso para ter uma família verdadeiramente rica de sentimentos e preceitos de vida. Quero viver dessa fonte de forma inesgotável.",D06 - Distinguir fato de opinião relativa ao fato.,O trecho abaixo que exprime uma opinião do autor é:,a,9° ano,SPAECE,Simulado 01 SPAECE ,"“Mas acredito que esteja longe disso.""","['“Mas acredito que esteja longe disso.""', '“Vi um programa que mostrou a história de um senhor...” ', '“Quer outro exemplo?” ', '“...recebo pedido de desculpas...” ']"
"A abelha gulosa
","A abelha era muito gulosa, de tal forma que passava o dia inteiro a beber o néctar das flores. Sua obrigação, como membro ativo da colmeia, era levar para a comunidade de abelhas o néctar necessário para o sustento diário de todas. Mas ela esquecia-se de tudo, tal era a obsessão de comer. — Abelhinha, não é correto o que você faz, disse-lhe uma de suas companheiras. Além de não cumprir a sua obrigação na colmeia, está prejudicando a si própria. Não vê, por acaso, como está ficando gorda? A abelha fazia-se de surda aos conselhos desse tipo e continuava no seu come-come. Engordou tanto, que aconteceu uma tragédia. A abelhinha regressou à colmeia, ao anoitecer. Tentou passar pela porta, mas não conseguiu. Estava gordíssima! Suas companheiras tentaram ajudá-la, mas foi tudo inútil e a abelhinha glutona teve que ficar lá fora, sujeita às intempéries. Na manhã seguinte, suas companheiras encontraram-na congelada. Não tinha conseguido resistir ao intenso frio da noite",D06 - Distinguir fato de opinião relativa ao fato.,"Nesse texto, há uma opinião no seguinte trecho:",a,9° ano,SPAECE,Simulado 01 SPAECE ,"“— Abelhinha, não é correto o que você faz...”","['“— Abelhinha, não é correto o que você faz...”', '“A abelha fazia-se de surda aos conselhos...” ', '“Suas companheiras tentaram ajudá-la...” ', '“...suas companheiras encontraram-na congelada.”']"
Eu não perco as esperanças nos jovens de hoje,"Às vezes, quando estou voando entre uma conferência e outra, vejo-me sentado perto de alguém que é muito conversador. Isso frequentemente é uma experiência agradável para mim, porque sou um inveterado observador do ser humano. Aprendo muito observando e ouvindo as pessoas que vejo todos os dias. [...] Infelizmente, há ocasiões em que sento perto de alguém que apenas deseja extravasar o seu mau humor ou impor as suas opiniões políticas...Em uma delas, fiquei sentado resignadamente, enquanto meu vizinho de poltrona começava a falar sobre a situação terrível do mundo, usando o clichê: — Você sabe como os jovens de hoje são... [...] Quando, aliviado, finalmente saí do avião e fui para o meu hotel, comprei o jornal local e fui jantar. Em uma página interna do jornal, estava um artigo que acho que deveria ter sido colocado na primeira página. Em uma cidadezinha de Indiana, havia um garoto de quinze anos que tinha um tumor cerebral. Ele estava sendo tratado com radioterapia e quimioterapia. Como resultado desses tratamentos, perdera todos os seus cabelos. Eu não sei quanto a vocês, mas sei como me teria sentido se aquilo tivesse acontecido comigo na sua idade – mortificado! Os colegas daquele jovem foram espontaneamente em seu socorro: todos os garotos da sua série pediram às suas mães que os deixassem raspar a cabeça para que Brian não fosse o único garoto careca na escola secundária. Ali, naquela página, estava a fotografia de uma mãe raspando a cabeça do filho, sob o olhar aprovador da família. Ao fundo, via-se um grupo de jovens igualmente carecas. Não, eu não perco as esperanças nos jovens de hoje",D06 - Distinguir fato de opinião relativa ao fato.,Qual dos trechos abaixo exprime uma opinião do autor?,a,9° ano,SPAECE,Simulado 01 SPAECE ,“Isso frequentemente é uma experiência agradável...”,"['“Isso frequentemente é uma experiência agradável...”', '“Isso frequentemente é uma experiência agradável...”', '“Ele estava sendo tratado com radioterapia...”', '“...Ali, naquela página, estava a fotografia de uma mãe...”']"
Beber e comer ao mesmo tempo faz bem ou mal?,"Logo após o pedido de comida em um restaurante a pergunta do garçom sempre é: ""E para beber?"". Há quem não consiga comer sem um copo de suco, água ou até refrigerante por perto para ""ajudar"" na digestão. Mas, será que isso faz bem para a saúde? [...] Seja no café da manhã, com o tradicional café com pão, ou em lanches, almoços e jantares, a bebida acaba sendo uma companhia habitual às refeições. Porém, a nutricionista Sheila Basso explica que essa união pode não ser tão saudável, já que a alta ingestão de líquido durante a refeição pode prejudicar a digestão e até diminuir a absorção de nutrientes do organismo (biodisponibilidade). ""A digestão é um processo tanto químico, quanto físico, e se dá início na boca, quando os alimentos são triturados pelos dentes e os carboidratos digeridos pela enzima amilase salivar. Quando ingerimos grande quantidade de líquidos durante as refeições, essas enzimas podem acabar se diluindo ou, no caso dos refrigerantes, sucos ou bebidas ácidas, elas podem interferir no pH dessas moléculas e, consequentemente, dificultar a digestão"", explica a profissional.",D06 - Distinguir fato de opinião relativa ao fato.,O trecho abaixo que revela uma opinião do autor é:,a,9° ano,SPAECE,Simulado 01 SPAECE ,“Há quem não consiga comer sem um copo de suco...”,"['“Há quem não consiga comer sem um copo de suco...”', '“A digestão é um processo tanto químico, quanto físico...” ', '“...os alimentos são triturados pelos dentes...”', '“...podem interferir no pH dessas moléculas e, consequentemente, dificultar a digestão""']"
Caçadora de gigantes,"Bárbara Thorson é uma garota rebelde e solitária que prefere o mundo de calabouços e dragões ao mundo real. Ao passar por uma série de maus tratos na escola, seu comportamento muda e a vida que sempre imaginou se torna real. Logo ela se vê enfrentando seus medos da pior maneira e fica obcecada com o que acredita ser sua missão: matar gigantes. PAÍS DE ORIGEM: BÉLGICA/CHINA/EUA/GRÃ-BRETANHA/ ANO DE PRODUÇÃO: 2018 GÊNERO: DRAMA, FANTASÍA, SUSPENSE DURAÇÃO: 106 CENSURA: 10",D05 - Identificar o tema ou assunto de um texto.,Esse texto fala sobre,c,9° ano,SPAECE,Simulado 01 SPAECE ,o resumo de um filme.,"['o elenco de um filme', 'o gênero dos filmes', 'o resumo de um filme.', 'os filmes dramáticos.']"
Do que é feito o iogurte?,"O iogurte é um alimento amplamente consumido por jovens e adultos, seja puro ou com açúcar, mel ou frutas. Apesar disso, muitas pessoas não sabem como esse produto é feito e imaginam apenas que há leite, açúcar e alguns frutos. O que muitos não sabem é que, além desses produtos, existem bactérias! [...] As bactérias também são importantes para a fabricação de alimentos, tais como os iogurtes, queijos, coalhadas e vinagres; na produção de insulina, que é usada no tratamento de diabetes, e até em tratamentos estéticos, como o Botox. [...] No que diz respeito ao iogurte, elas são usadas para transformar o açúcar encontrado no leite (lactose) em ácido lático, que é responsável por coagular o leite. Esse processo é conhecido como fermentação. Basicamente, duas bactérias são usadas no processo de fabricação de iogurtes, a Lactobacillus bulgaricus e a Streptococcus thermophilus. A primeira está mais relacionada com a cremosidade e o cheiro do iogurte, enquanto o Streptococcus thermophilus está mais relacionado com a fermentação.  O iogurte, além de saboroso, possui várias outras qualidades. Os lactobacilos usados em sua produção são importantes, por exemplo, contra doenças do intestino. Além disso, alguns estudos comprovam que o iogurte diminui o mau hálito e é uma boa fonte de cálcio, auxiliando, assim, no combate à osteoporose e à hipertensão (pressão alta). Sem falar que o iogurte é uma grande fonte de vitaminas",D05 - Identificar o tema ou assunto de um texto.,Esse texto fala principalmente sobre,d,9° ano,SPAECE,Simulado 01 SPAECE ,o modo como é produzido o iogurte.,"['as receitas produzidas a partir do iogurte.', 'o consumo de iogurte na alimentação dos jovens.', 'o leite e seus benefícios na saúde das pessoas.', 'o modo como é produzido o iogurte.']"
Onde judas perdeu as botas,"A expressão “onde Judas perdeu as botas” é usada para designar um lugar distante, desconhecido e inacessível. Existe uma história não comprovada a qual relata que após trair Jesus, Judas se enforcou em uma árvore sem nada nos pés, já que havia posto o dinheiro que ganhara por ter entregue o mestre dentro de suas botas. Ainda segundo o conto popular, quando os soldados viram que Judas estava sem seus sapatos, saíram desesperados em busca dos calçados e do dinheiro ali depositado (cerca de 30 moedas de ouro). No entanto, diz a lenda que ninguém achou, nem sequer ficou sabendo do paradeiro das botas de Judas. Foi por meio desta fantasiosa história que o termo “onde Judas perdeu as botas” surgiu e se transformou em uma expressão popular.",D05 - Identificar o tema ou assunto de um texto.,Qual é o assunto desse texto?,b,9° ano,SPAECE,Simulado 01 SPAECE ,A origem de uma expressão popular,"['A história da traição de Judas', 'A origem de uma expressão popular', 'O paradeiro das botas de Judas', 'O surgimento de parábolas bíblicas.']"
-,"Em época de Natal, os pais enchem as lojas para atender os desejos dos filhos [...]. Esta cena não é comum somente no mês de dezembro. Os excessos quanto aos pedidos das crianças acontecem frequentemente, e isto se deve à forte influência que o consumo exerce sobre as crianças. Uma forma de lidar com esse aspecto é a orientação que os pais podem oferecer o quanto antes, esclarecendo que o importante é a personalidade do indivíduo, e não aquilo que ele consome. [...] Os shoppings possuem uma estrutura que fascina as crianças. As lojas de brinquedos, o parque, as cores e as luzes as atraem. O ser humano tem uma grande necessidade de aceitação, de pertencer a um grupo, e o ato de consumir seria uma forma de inserção social, ou seja, para vivenciar este sentimento de pertença, a criança “necessita” adquirir determinado brinquedo, certas marcas de tênis e roupas e até fazer alguns passeios que são interessantes para o seu grupo. Os pais e a escola podem ensinar a criança a consumir com consciência e responsabilidade. Considerando a qualidade do produto e as necessidades a fim de não desperdiçar e sim de economizar. Quando o pai é consumista, tem grande possibilidade de ter um filho também consumista. Se o pai é econômico, planeja e investe naquilo que é fundamental, consegue passar esses valores para o filho. [...]",D05 - Identificar o tema ou assunto de um texto.,"Qual é o assunto principal desse texto?",a,9° ano,SPAECE,Simulado 01 SPAECE ,A influência do consumo na vida das crianças.,"['A influência do consumo na vida das crianças.', 'A responsabilidade dos pais e da escola sobre o consumo infantil.', 'O consumo como uma forma de inserção social.\r', 'O consumismo em época de Natal. ']"
"A invasão dos blábláblás
","O planeta é dividido entre as pessoas que falam no cinema – e as que não falam. É uma divisão recente. Por décadas, os falantes foram minoria. E uma minoria reprimida. Quando alguém abria a boca na sala escura, recebia logo um shhhhhhhhhhhhh. E voltava ao estado silencioso de onde nunca deveria ter saído. Todo pai ou mãe que honrava seu lugar de educador ensinava a seus filhos que o cinema era um lugar de reverência. [...] [...] Pertenço, desde sempre, às fileiras dos silenciosos. Anos atrás, nem imaginava que pudesse haver outro comportamento além do silêncio absoluto no cinema. Assim como não imagino alguém cochichando em qualquer lugar onde entramos com o compromisso de escutar. Não é uma questão de estilo, de gosto. Pertence ao campo do respeito, da ética. Cinema é a experiência da escuta [...] mas nós não falamos uns com os outros. No cinema, só quem fala são os atores do filme. Nós calamos para que eles possam falar. Nossa vida cala para que outra fale. Isso era cinema. Agora mudou. É estarrecedor, mas os blábláblás venceram. Tomaram conta das salas de cinema. E, sem nenhuma repressão, vão expulsando a todos que entram no cinema para assistir ao filme sem importunar ninguém. [...]",D05 - Identificar o tema ou assunto de um texto.,"Esse texto trata principalmente",b,9° ano,SPAECE,Simulado 01 SPAECE ,das pessoas que falam no cinema.,"['das mudanças ocorridas no ambiente cinematográfico.', 'das pessoas que falam no cinema.', 'dos filmes exibidos no cinema.\r', 'dos tipos de conversas ouvidas no cinema']"
Jogos eletrônicos para crianças,"Na era tecnológica em que vivemos, o mundo digital está integrado em nosso dia-a-dia. Os aparelhos eletrônicos são parte essencial da vida de todos, e entram cada vez mais cedo na vida das crianças. [...] Muito mais do que diversão, os jogos eletrônicos podem ser verdadeiros exercícios para o corpo e a mente. O destaque principal vai para o aprimoramento da coordenação motora: manipular o “joystick” melhora a coordenação motora fina, desenvolvendo a capacidade de movimentos delicados e sensíveis [...] Controlar um personagem dentro de uma realidade virtual é um constante exercício de lógica e de assimilação de novos padrões. Os videogames são uma verdadeira “academia para o cérebro”, e são campeões em aumentar a agilidade de raciocínio. Quem se dedica aos games treina o cérebro para pensar rápido e para lidar com adversidades instantâneas [...] É preciso ter olhos atentos para acompanhar tudo o que acontece na telinha – e é justamente por isso que os games são grandes exercícios de visão. Além de aguçar a visão e potencializar a capacidade cerebral de prestar atenção em vários eventos ao mesmo tempo.",D05 - Identificar o tema ou assunto de um texto.,O texto fala principalmente sobre,c,9° ano,SPAECE,Simulado 01 SPAECE ,"os benefícios dos jogos eletrônicos.","['a coordenação motora das crianças', 'o avanço da tecnologia no mundo moderno.', 'os benefícios dos jogos eletrônicos.\r', 'os males causados pelo uso de videogames.\r']"
-,"A expressão “chorar as pitangas”, usada no Brasil para designar o ato de chorar, lamentar ou reclamar se originou a partir de uma adaptação do antigo vocábulo português “chorar lágrimas de sangue”. Como pitanga é uma palavra de origem indígena que significa vermelho, os índios fizeram uma espécie de analogia entre a fruta e o sangue, concebendo assim a ideia por trás da expressão que conhecemos hoje em dia, isto é, de alguém que chora tanto até seus olhos ficarem avermelhados. No entanto, embora tal tese seja a mais provável para explicar a origem do termo, não é a única. Alguns alegam que o vocábulo ‘pitang’ na língua guarani significaria menino, criança, e que a expressão ‘chorar as pitangas’ teria surgido por meio de outra analogia: a de alguém chorando como criança, ou seja, demasiadamente.",D05 - Identificar o tema ou assunto de um texto.,Qual é o assunto desse texto?,a,9° ano,SPAECE,Simulado 01 SPAECE ,A origem do termo “chorar as pitangas”,"['A origem do termo “chorar as pitangas”', nan, 'As trocas culturais entre portugueses e indígenas.', 'O cultivo da pitanga pelo povo indígena.']"
Patativa do Assaré,"Antônio Gonçalves da Silva, o Patativa do Assaré, nasceu na Serra de Santana, a 18 Km da cidade de Assaré, em 5 de março de 1909. Filho de Pedro Gonçalves da Silva e Maria Pereira da Silva, família pobre, perdeu o pai aos oito anos, passando a partir daí a trabalhar na roça para garantir o sustento da família. Logo que ingressou na escola, aos doze anos, passou a escrever poesia e produzir pequenos textos. [...] O nome “Patativa” surgiu devido à semelhança entre seu canto e o do pássaro Patativa, ave nordestina que possui um canto mavioso e singular, quando o jovem poeta tinha apenas vinte anos. Com um nome artístico, passou a viajar pela região cantando seus repentes e apresentando-se várias vezes na rádio Araripe. Patativa é considerado o gênio da literatura cearense [...].",D03 - Inferir o sentido da palavra ou expressão.,"Nesse texto, no trecho “...que possui um canto mavioso e singular...” o termo ""mavioso"" tem o mesmo sentido de",a,9° ano,SPAECE,Simulado 01 SPAECE ,agradável. ,"['agradável. ', 'fraco', 'irritante.', 'tímido.']"
"Dia da mentira
","Você já caiu em alguma brincadeirinha do Dia da Mentira? Sim? A prática de contar mentiras em um dia específico, por mais bizarras que sejam, é algo muito comum entre crianças. No entanto, os adultos também parecem adorar inventar uma lorota aqui ou ali. Quer um exemplo? Em 1957, a respeitadíssima rede de televisão britânica BBC mostrou uma matéria sobre determinadas árvores na Suíça que produziam macarrão. Dá pra acreditar? De fato, o Dia da Mentira surgiu no século XVI, na França, e foi fruto de um grande malentendido. Até tal século, os franceses seguiam o calendário Juliano. Conforme o mesmo, a comemoração do Ano Novo ocorreria no primeiro dia de Abril. Porém em 1564, o rei Carlos IX estabeleceu que a França deveria seguir o calendário Gregoriano, no qual o novo ano se iniciaria já em 1º de janeiro, como ocorre hoje em dia. O problema foi que alguns franceses não aceitaram a mudança. Além disso, naquela época as notícias andavam lentamente, pois não havia meios de rápida comunicação. Desta forma, muitas pessoas sequer ficaram sabendo da alteração estabelecida pelo rei.[...]",D03 - Inferir o sentido da palavra ou expressão.,"Nesse texto, no trecho “Você já caiu em alguma brincadeirinha...” a palavra ""caiu"" tem o sentido de",d,9° ano,SPAECE,Simulado 01 SPAECE ,ser enganado.,"['desabar.', 'escorregar.', 'se divertir.', 'ser enganado.']"
Eu não perco as esperanças nos jovens de hoje,"Às vezes, quando estou voando entre uma conferência e outra, vejo-me sentado perto de alguém que é muito conversador. Isso frequentemente é uma experiência agradável para mim, porque sou um inveterado observador do ser humano. Aprendo muito observando e ouvindo as pessoas que vejo todos os dias. [...] Infelizmente, há ocasiões em que sento perto de alguém que apenas deseja extravasar o seu mau humor ou impor as suas opiniões políticas...Em uma delas, fiquei sentado resignadamente, enquanto meu vizinho de poltrona começava a falar sobre a situação terrível do mundo, usando o clichê: — Você sabe como os jovens de hoje são... [...] Quando, aliviado, finalmente saí do avião e fui para o meu hotel, comprei o jornal local e fui jantar. Em uma página interna do jornal, estava um artigo que acho que deveria ter sido colocado na primeira página. Em uma cidadezinha de Indiana, havia um garoto de quinze anos que tinha um tumor cerebral. Ele estava sendo tratado com radioterapia e quimioterapia. Como resultado desses tratamentos, perdera todos os seus cabelos. Eu não sei quanto a vocês, mas sei como me teria sentido se aquilo tivesse acontecido comigo na sua idade – mortificado! Os colegas daquele jovem foram espontaneamente em seu socorro: todos os garotos da sua série pediram às suas mães que os deixassem raspar a cabeça para que Brian não fosse o único garoto careca na escola secundária. Ali, naquela página, estava a fotografia de uma mãe raspando a cabeça do filho, sob o olhar aprovador da família. Ao fundo, via-se um grupo de jovens igualmente carecas. Não, eu não perco as esperanças nos jovens de hoje",D03 - Inferir o sentido da palavra ou expressão.,"Nesse texto, no trecho “...usando o clichê...” o termo ""clichê"" significa",b,9° ano,SPAECE,Simulado 01 SPAECE ,uma demonstração de mau humor,"['uma demonstração de mau humor', 'uma demonstração de mau humor', 'uma frase pouco utilizada.', 'uma situação desconfortável']"
Dois amigos e um chato,"Os dois estavam tomando um cafezinho no boteco da esquina, antes de partirem para as suas respectivas repartições. Um tinha um nome fácil: era o Zé. O outro tinha um nome desses de dar cãibra em língua [...]: era o Flaudemíglio. Acabado o café o Zé perguntou: — Vais pra cidade? — Vou – respondeu Flaudemíglio, acrescentando: – Mas vou pegar o 434, que vai pela Lapa. Eu tenho que entregar uma urinazinha de minha mulher no laboratório [...] olhou para a fila do 474, que ia direto pro centro e, por isso, era a fila mais piruada. Tinha gente às pampas — Vens comigo? – quis saber Flaudemíglio. — Não — disse o Zé: – Eu estou atrasado e vou pegar um direto ao centro. — Então tá – concordou Flaudemíglio, olhando para a outra esquina e, vendo que já vinha o que passava pela Lapa: – Chi! Lá vem o meu... – e correu para o ponto de parada, fazendo sinal para o ônibus parar. Foi aí que, segurando o guarda-chuva, um embrulho e mais o vidrinho da urinazinha, foi aí que o Flaudemíglio se atrapalhou e deixou cair algo no chão. [...] O motorista [...] já ia botando o carro em movimento, não dando tempo ao passageiro para apanhar o que caíra. Flaudemíglio só teve tempo de berrar para o amigo: — Zé, caiu minha carteira de identidade. Apanha e me entrega logo mais. O 434 seguiu e Zé atravessou a rua, para apanhar a carteira do outro. Já estava chegando perto quando um cidadão magrelo e antipático e, ainda por cima, com um sorriso [...], apanhou a carteira de Flaudemíglio. — Por favor, cavalheiro, esta carteira é de um amigo meu – disse o Zé estendendo a mão. Mas o que tinha um sorriso [...] não entregou. Examinou a carteira e depois perguntou: — Como é o nome do seu amigo? — Flaudemíglio – respondeu o Zé. — Flaudemíglio de quê? – insistiu o chato. Mas o Zé deu-lhe um safanão e tomou-lhe a carteira, dizendo: — Ora, quem acerta Flaudemíglio não precisa acertar mais nada!",D03 - Inferir o sentido da palavra ou expressão.,"Nesse texto, a expressão “Tinha gente às pampas.” significa que tinha gente",b,9° ano,SPAECE,Simulado 01 SPAECE ,demais.,"['bonita.', 'demais.', 'esperta.', 'estranha.']"
Surfista é mordido no rosto por tubarão em Fernando de Noronha,"Um surfista foi mordido por um tubarão nesta quinta-feira (14), em Fernando de Noronha. Vinícius Cavalcanti, 31 anos, estava surfando na praia da Cacimba do Padre quando aconteceu o incidente. Ele foi levado de carro, pela esposa, ao Hospital São Lucas com ferimentos na face, no pescoço e na orelha. Ele chegou com sangramento intenso, mas com ""sinais vitais estáveis, lúcido e orientado"", de acordo com informações preliminares da unidade de saúde. Ainda segundo o hospital, ele está bem, estável, tranquilo e conversando. Vinícius é vendedor de açaí na Cacimba e aproveitou o final do expediente para pegar onda. Segundo relato da mulher do vendedor, Juliana Cavalcanti, o rapaz caiu em cima do tubarão e levou uma mordida. “Meu marido me contou que estava surfando, quando caiu e o tubarão o abocanhou. A mordida pegou no supercílio, orelha, no queixo e no pescoço. Sangrava muito"", conta.",D01 - Localizar informação explícita.,"De acordo com o texto, o que Vinícius estava fazendo quando o tubarão o abocanhou?",c,9° ano,SPAECE,Simulado 01 SPAECE ,Surfando.,"['Dirigindo.', 'Repousando.', 'Surfando.', 'Trabalhando.']"
Onde judas perdeu as botas,"A expressão “onde Judas perdeu as botas” é usada para designar um lugar distante, desconhecido e inacessível. Existe uma história não comprovada a qual relata que após trair Jesus, Judas se enforcou em uma árvore sem nada nos pés, já que havia posto o dinheiro que ganhara por ter entregue o mestre dentro de suas botas. Ainda segundo o conto popular, quando os soldados viram que Judas estava sem seus sapatos, saíram desesperados em busca dos calçados e do dinheiro ali depositado (cerca de 30 moedas de ouro). No entanto, diz a lenda que ninguém achou, nem sequer ficou sabendo do paradeiro das botas de Judas. Foi por meio desta fantasiosa história que o termo “onde Judas perdeu as botas” surgiu e se transformou em uma expressão popular.",D01 - Localizar informação explícita.,"De acordo com o texto, o que os soldados fizeram quando viram que Judas estava sem seus sapatos?",d,9° ano,SPAECE,Simulado 01 SPAECE ,Saíram desesperados em busca dos calçados.,"['Afastaram-se tranquilamente do local.', 'Esperaram Judas falar onde estava os calçados', 'Ficaram esperando alguém trazer os sapatos.', 'Saíram desesperados em busca dos calçados.']"
Isotônico pode dar cárie,"Ele repõe sais minerais e glicose, é verdade. Mas o isotônico, aquela bebida colorida consagrada pela geração academia, também pode causar danos à saúde da boca. Um estudo da Universidade de Nova York, nos Estados Unidos, revelou que o consumo destemperado do produto causa erosão do esmalte dos dentes, abrindo alas para cáries e deterioração dentária. “O dente perde mais minerais do que deveria por causa de um desequilíbrio químico provocado pelo ácido cítrico presente no isotônico”, explica o cirurgiãodentista Rodrigo Bueno, consultor da Associação Brasileira de Odontologia. “Por isso, a bebida deve ser consumida de quatro em quatro horas, que é o tempo necessário para que a saliva neutralize a acidez bucal.” Nesse intervalo, procure beber apenas água se estiver praticando alguma atividade física.",D01 - Localizar informação explícita.,"De acordo com o texto, o isotônico deve ser consumido",b,9° ano,SPAECE,Simulado 01 SPAECE ,de quatro em quatro horas.,"['de duas em duas horas.', 'de quatro em quatro horas.', 'em todas as refeições.\r', 'na academia.']"
-,"Comovente É linda a história de Felipe. O autor retrata as dificuldades de uma criança em lidar com uma série de tragédias pessoais. As dúvidas, os medos, as injustiças e todo o carrossel de emoções que assola a vida de Felipe, são bem trabalhados nesta obra de Walcyr Carrasco. A leitura é rápida, a linguagem é acessível para adolescentes e a mensagem traduz sabedoria e simplicidade.",D01 - Localizar informação explícita.,"De acordo com o texto, a leitura do livro “O anjo linguarudo” é",d,9° ano,SPAECE,Simulado 01 SPAECE ,rápida,"['contraditória', 'inacessível', 'monótona', 'rápida']"
Beber e comer ao mesmo tempo faz bem ou mal?,"Logo após o pedido de comida em um restaurante a pergunta do garçom sempre é: ""E para beber?"". Há quem não consiga comer sem um copo de suco, água ou até refrigerante por perto para ""ajudar"" na digestão. Mas, será que isso faz bem para a saúde? [...] Seja no café da manhã, com o tradicional café com pão, ou em lanches, almoços e jantares, a bebida acaba sendo uma companhia habitual às refeições. Porém, a nutricionista Sheila Basso explica que essa união pode não ser tão saudável, já que a alta ingestão de líquido durante a refeição pode prejudicar a digestão e até diminuir a absorção de nutrientes do organismo (biodisponibilidade). ""A digestão é um processo tanto químico, quanto físico, e se dá início na boca, quando os alimentos são triturados pelos dentes e os carboidratos digeridos pela enzima amilase salivar. Quando ingerimos grande quantidade de líquidos durante as refeições, essas enzimas podem acabar se diluindo ou, no caso dos refrigerantes, sucos ou bebidas ácidas, elas podem interferir no pH dessas moléculas e, consequentemente, dificultar a digestão"", explica a profissional.",D01 - Localizar informação explícita.,"De acordo com o texto, a digestão tem início no (a)",a,9° ano,SPAECE,Simulado 01 SPAECE ,boca,"['boca', 'esôfago', 'estômago', 'intestino']"
