titulo_do_texto,texto,descritor,comando,resposta_item,ano,tipo,origem,resposta,opcoes
O cômodo vazio,"Um homem acorda num cômodo vazio. [...] Confuso, tateia ao redor de si a fim de encontrar algo. Sem achar nada além do chão [...], põe-se sentado e olha para os lados: quatro paredes, encardidas, lhe guardam, silenciosas, num quadrilátero. Olha para cima: há um teto, no mesmo estado das paredes. Botando-se de gatinhas, teima em vasculhar o piso, agora indo além de onde despertou, seguindo por todos os lugares e cantos. [...] Nada. Desalentado, encara o teto. [...] Dá alguns pulos com os braços esticados, já sabendo que não daria certo, mas insiste mesmo assim, renovando seu desgosto. Angustiado, [...] senta-se no chão e leva as mãos à cabeça. Sua testa está escorregadia de suor, e fecha os olhos para pensar melhor. “Ora, este é um cômodo. E está vazio. Se estou nele... ... entrei por algum lugar.” Concluindo o óbvio, abre os olhos e vasculha novamente os arredores. Sente vergonha de si quando repara que havia uma porta numa das paredes, o tempo todo. Apalpa [...] os bolsos vazios: nada de chave. “Como saio?” Levanta-se e vai até a porta. Gira a maçaneta. “Está aberta!” Sai do cômodo e segue seu caminho, como já devia ter feito desde o começo desta estória.",D23 - Identificar os níveis de linguagem e/ou as marcas linguísticas que evidenciam locutor e/ou interlocutor.,"Nesse texto, no trecho “... põe-se sentado e olha para os lados...” a linguagem utilizada é",c,7° ano,SPAECE,Avaliação paraná,padrão.,"['científica.', 'coloquial.\r', 'padrão.', 'regional.']"
sapo-cururu,"ZOOL Denominação comum aos anfíbios anuros do gênero Bufo, da família dos bufonídeos, de pele áspera e seca, com inúmeras verrugas e glândulas de veneno localizados na parte posterior dos olhos; cururu. 2 Sapo de grande porte (Bufo marinus), da família dos bufonídeos, encontrado no sul dos Estados Unidos da América e no México, na América Central e no norte da América do Sul, de coloração amarelada, com manchas amarronzadas e verrugas vermelhas. É bastante usado para o combate de pragas agrícolas em várias partes do mundo; aguá, cururu, sapo-gigante, sapo-jururu, xuê-açu, xuê-guaçu.",D23 - Identificar os níveis de linguagem e/ou as marcas linguísticas que evidenciam locutor e/ou interlocutor.,"Nesse texto, no trecho “... anfíbios anuros do gênero Bufo, da família dos bufonídeos,...” a
linguagem utilizada é",b,7° ano,SPAECE,Avaliação paraná,científica.,"['arcaica.', 'científica.', 'formal.', 'regional.']"
"Aquele velho pote
","Aquele velho pote no canto da sala reporta­me a momentos únicos, vividos no Sítio Novo, onde meus avós e tios moravam, aos primos queridos que corriam junto comigo pela casa e terreiros de chão batido… Ouço o tchibum… do copo de cabo longo, pegando água geladinha dentro do pote de barro, que está todo úmido por fora porque o seu interior encontra­se gelado. Água sorvida com muito prazer, tirada com corda e carretel do poço fundo, que faz eco quando a criançada grita… Água abençoada que mata a sede da meninada suada, que corre sem parar e não cansa. As divagações surgem a qualquer tempo… a infância volta depois de cinquenta anos, a minha memória é uma caixinha com um HD em perfeito estado, e em um segundo a corrida memorial me alcança. Um pote no canto da sala e a festa de lembranças acontece. Tchibum!",D23 - Identificar os níveis de linguagem e/ou as marcas linguísticas que evidenciam locutor e/ou interlocutor.,"Nesse texto, o trecho “... reporta-­me a momentos únicos...” é um exemplo de linguagem",c,7° ano,SPAECE,Avaliação paraná,formal.,"['científica.', 'científica.', 'formal.', 'regional.']"
"LEI No 12.965, DE 23 DE ABRIL DE 2014","Art. 1o Esta Lei estabelece princípios, garantias, direitos e deveres para o uso da internet no Brasil e determina as diretrizes para atuação da União, dos Estados, do Distrito Federal e dos Municípios em relação à matéria. Art. 2o A disciplina do uso da internet no Brasil tem como fundamento o respeito à liberdade de expressão, bem como: I – o reconhecimento da escala mundial da rede; II – os direitos humanos, o desenvolvimento da personalidade e o exercício da cidadania em meios digitais; III – a pluralidade e a diversidade; IV – a abertura e a colaboração; V – a livre iniciativa, a livre concorrência e a defesa do consumidor; e VI – a finalidade social da rede. [...]",D23 - Identificar os níveis de linguagem e/ou as marcas linguísticas que evidenciam locutor e/ou interlocutor.,A linguagem utilizada nesse texto é comum em,c,7° ano,SPAECE,Avaliação paraná,textos normativos.,"['bate-papos na internet.', 'conversas entre amigos.', 'textos normativos.', 'registros arcaicos.']"
"Filhote de onça­parda é encontrado em Loanda, no noroeste do Paraná","Um filhote de onça­parda foi encontrado na área rural de Loanda, no noroeste do Paraná, na noite deste sábado (19). O animal estava nas proximidades de uma plantação de cana e foi recolhido por um trabalhador rural. De acordo com a Polícia Ambiental, a oncinha é recém­nascida e, provavelmente, tem menos do que uma semana de vida. Sem nenhum ferimento, ela foi encaminhada neste domingo (20) para a fazenda Green Farm, no Mato Grosso do Sul, onde poderá receber os cuidados necessários. A Polícia Ambiental orienta que os filhotes de animais selvagens não sejam retirados imediatamente do local em que são encontrados, pois a mãe pode voltar para buscá­los. O Puma concolor, comumente conhecido como onça­parda, puma, suçuarana ou leão­baio, é o segundo maior felino do Brasil e está amplamente distribuído pelo país. [...] Por ser ilegal manter ou cuidar de espécies selvagens sem licença e até mesmo perigoso se aproximar de alguns deles, entrar em contato com os órgãos responsáveis é o primeiro passo que deve ser seguido caso alguém se depare com um animal selvagem. [...]",D23 - Identificar os níveis de linguagem e/ou as marcas linguísticas que evidenciam locutor e/ou interlocutor.,"Nesse texto, o trecho “O Puma concolor, comumente conhecido como onçaparda,...” é um exemplo de linguagem",b,7° ano,SPAECE,Avaliação paraná,científica.,"['arcaica.', 'científica.', 'informal.', 'regional.']"
Inda quero a amarelinha,"Quero “roubar a bandeira” quero pular a corda, quero ser o “boca de forno”, quero brincar de “quente ou frio” antes que o dia fique morno... Mas deixar a brincadeira sem pisar o pé na grama, inda sair sem dar um pio? – “Vamentrar” – disse mainha, “Tomar banho, escovar dente!” Pode crer [...], gente E eu nem morta vou pra cama!",D23 - Identificar os níveis de linguagem e/ou as marcas linguísticas que evidenciam locutor e/ou interlocutor.,"Nesse texto, nos versos “inda sair sem dar um pio? / – ‘Vamentrar’ – disse mainha,” a linguagem utilizada é",a,7° ano,SPAECE,Avaliação paraná,falada em grupos de amigos.,"['falada em grupos de amigos.', 'própria de uma profissão.', 'utilizada em telejornais.', 'utilizada nos livros de Ciências.']"
Praias onde vale a pena curtir o verão,"Está chegando o momento mais aguardado do ano. É quando os estudos dão uma trégua, o trabalho fica para depois e as únicas coisas importantes para fazer são curtir o sol, praticar esportes e aproveitar a paisagem. Para onde ir? Os 9.198 quilômetros do litoral brasileiro abrigam lugares paradisíacos, onde o banho de mar e a areia branquinha são uma tentação para quem passou 11 meses do ano vendo o mar a distância. Mas é preciso ser realista. Há pedaços da costa perdidos para as férias. “Em geral, a condição do litoral brasileiro é ruim para os banhos de mar”, confirma Luiz Roberto Tommasi, um dos maiores especialistas em poluição marinha do país, que há anos avalia as condições das praias. Diante da imensidão azul, pode parecer que o quadro não é assim tão grave. Afinal, o mar deveria diluir a sujeira toda deixada pelos turistas concentrados nesta época do ano. Mas o excesso de esgoto não se manifesta apenas pelo cheiro desagradável, a cor escura da água e o lixo generalizado. O esgoto mata o plâncton que produz o oxigênio e carrega bactérias nocivas e materiais que não são degradados. Entra na cadeia alimentar marinha e contamina os peixes. [...] A poluição das praias não é causada apenas pelo esgoto e a sujeira deixada pelos banhistas mal-educados. O petróleo que vaza dos navios, por exemplo, causa danos ecológicos que perduram durante anos. Mas é um problema localizado. A poluição mais grave do litoral brasileiro é provocada pelo saneamento deficiente. Apenas 4,8% da população das cidades costeiras é atendida pela rede de esgoto. As consequências na qualidade da água do mar são percebidas por meio de exames do nível de coliformes fecais. As medições periódicas indicam se a praia está contaminada por esgoto [...]. Muitos jornais costumam dar os resultados desses exames, principalmente no verão. Mas os interessados também podem acompanhar a situação de sua praia favorita pela internet [...].",D23 - Identificar os níveis de linguagem e/ou as marcas linguísticas que evidenciam locutor e/ou interlocutor.,"No texto, no trecho “O esgoto mata o plâncton que produz o oxigênio [...]. Entra na cadeia alimentar marinha...” as palavras ""plâncton"", ""oxigênio"" e ""cade alimentar"" são representativas da linguagem",a,7° ano,SPAECE,Avaliação paraná,científica.,"['científica.', 'culta.', 'culta.', 'regional.']"
Etapa Lindeiros dos Jogos de Aventura e Natureza inicia nesta sexta-feira,"Começa nesta sexta-feira (26) a Etapa Lindeiros dos Jogos de Aventura e Natureza do Paraná (Jans). A competição será disputada em sete municípios com 10 modalidades em disputa até domingo (28). Marechal Cândido Rondon, Pato Bragado, Entre Rios do Oeste, Guaíra, Mercedes, 5 Terra Roxa e Missal serão as sedes do evento, recebendo competições de vôlei de praia, [...] canoagem de velocidade, pesca, futevôlei, skate, [...] e o futebol das estrelas. Para o diretor de Inovação da Superintendência do Esporte, Tiago Campos, o retorno dos jogos representa mais do que a volta das competições esportivas. “Teremos muitas atrações como o campeonato de pesca e a canoagem de velocidade em Entre Rios do Oeste. 10 Vamos fomentar o turismo dos municípios com modalidades de terra, água e ar, mostrando as características dos Jogos de Aventura e Natureza”, disse. [...] JANS – A primeira edição dos Jans aconteceu em 2019 e se destacou por ser um projeto inovador que uniu a prática esportiva, o turismo e a natureza em um evento itinerante, que beneficiou a população paranaense esportivamente e economicamente. Os Jogos de 15 Aventura e Natureza são realizados pelo Governo do Paraná por meio da Superintendência Geral do Esporte, com o apoio dos municípios-sede.",D21 - Reconhecer o efeito decorrente do emprego de recursos estilísticos e morfossintáticos.,"Nesse texto, no trecho “A competição será disputada em sete municípios...” o verbo
""será"" produz o sentido de",a,7° ano,SPAECE,Avaliação paraná,apontar ação que ainda irá acontecer.,"['apontar ação que ainda irá acontecer.', 'mostrar fatos que estão em andamento.', 'revelar ordem dada pelo autor.', 'sinalizar acontecimentos concluídos.']"
Papinha? Que nada!,"O que é, o que é: vem da fêmea, é nutritivo e alimenta os filhotes. Leite? Que nada: pele de mãe. Esse parece ser o alimento que uma grande parte das espécies de cobras-cegas (também conhecidas como cecílias) consome ao nascer. Uma delas, aliás, é brasileira, como descobriram cientistas do nosso país. Trata-se da Siphonops annulatus. Como a africana Boulengerula taitanus, essa espécie – que parece uma grande minhoca – é um anfíbio e vive no subsolo. Saber por que esses bichos, que estão em continentes diferentes, têm a mesma forma de alimentar seus filhotes é o desafio dos cientistas. [...] Existem espécies de cobra-cega que são ovíparas – isto é, que põem ovos – e espécies de cobra-cega que são víviparas – ou seja, que não põem ovos e têm filhotes que já nascem com a forma dos adultos. O curioso hábito de os filhotes comerem a pele da própria mãe parece ser a principal diferença entre as espécies ovíparas e as vivíparas. [...] Para arrancar a pele da mãe, os filhotes de S. annulatus contam também com dentes especiais, que têm a forma semelhante a pequenas colheres. Porém, não pense que a fêmea fica sem a camada da pele para sempre. À medida que os filhotes vão se alimentando, essa pele vai se renovando, mais ou menos a cada três dias. Depois de um mês e meio, quando termina a nutrição da ninhada, a pele se regenera totalmente, voltando à cor cinza escuro.",D21 - Reconhecer o efeito decorrente do emprego de recursos estilísticos e morfossintáticos.,"Nesse texto, o prefixo “re-” na palavra “renovando” foi usado para",b,7° ano,SPAECE,Avaliação paraná,indicar repetição.,"['apontar aproximação.', 'indicar repetição.', 'marcar anterioridade.', 'sugerir movimento.\r']"
"Filhote de onça­parda é encontrado em Loanda, no noroeste do Paraná","Um filhote de onça­parda foi encontrado na área rural de Loanda, no noroeste do Paraná, na noite deste sábado (19). O animal estava nas proximidades de uma plantação de cana e foi recolhido por um trabalhador rural. De acordo com a Polícia Ambiental, a oncinha é recém­nascida e, provavelmente, tem menos do que uma semana de vida. Sem nenhum ferimento, ela foi encaminhada neste domingo (20) para a fazenda Green Farm, no Mato Grosso do Sul, onde poderá receber os cuidados necessários. A Polícia Ambiental orienta que os filhotes de animais selvagens não sejam retirados imediatamente do local em que são encontrados, pois a mãe pode voltar para buscá­los. O Puma concolor, comumente conhecido como onça­parda, puma, suçuarana ou leão­baio, é o segundo maior felino do Brasil e está amplamente distribuído pelo país. [...] Por ser ilegal manter ou cuidar de espécies selvagens sem licença e até mesmo perigoso se aproximar de alguns deles, entrar em contato com os órgãos responsáveis é o primeiro passo que deve ser seguido caso alguém se depare com um animal selvagem. [...]",D21 - Reconhecer o efeito decorrente do emprego de recursos estilísticos e morfossintáticos.,"Nesse texto, no trecho “Por ser ilegal manter ou cuidar de espécies selvagens...” o prefixo ""i"" na palavra ""ilegal"" produz o sentido de
",a,7° ano,SPAECE,Avaliação paraná,apontar negação.,"['apontar negação.', 'indicar duplicidade.', 'marcar anterioridade.', 'sugerir repetição.']"
"Aquele velho pote
","Aquele velho pote no canto da sala reporta­me a momentos únicos, vividos no Sítio Novo, onde meus avós e tios moravam, aos primos queridos que corriam junto comigo pela casa e terreiros de chão batido… Ouço o tchibum… do copo de cabo longo, pegando água geladinha dentro do pote de barro, que está todo úmido por fora porque o seu interior encontra­se gelado. Água sorvida com muito prazer, tirada com corda e carretel do poço fundo, que faz eco quando a criançada grita… Água abençoada que mata a sede da meninada suada, que corre sem parar e não cansa. As divagações surgem a qualquer tempo… a infância volta depois de cinquenta anos, a minha memória é uma caixinha com um HD em perfeito estado, e em um segundo a corrida memorial me alcança. Um pote no canto da sala e a festa de lembranças acontece. Tchibum!",D21 - Reconhecer o efeito decorrente do emprego de recursos estilísticos e morfossintáticos.,"Nesse texto, na palavra “meninada” o sufixo ""ada"" na palavra ""meninada"" produz o sentido de",b,7° ano,SPAECE,Avaliação paraná,indicar grupo.,"['demonstrar tamanho.\r', 'indicar grupo.', 'marcar ação.', 'sugerir deboche.']"
Penso e passo,Quando penso que uma palavra pode mudar tudo não fico mudo MUDO quando penso que um passo descobre um mundo não paro PASSO e assim que passo e mudo um novo mundo nasce na palavra que penso,D21 - Reconhecer o efeito decorrente do emprego de recursos estilísticos e morfossintáticos.,"No inicio do texto, a oposição da palavra ""Mudo"" sugere",a,7° ano,SPAECE,Avaliação paraná,mudança de atitude.,"['mudança de atitude.', 'semelhança de ideias', 'surgimento de uma ideia.', 'reflexão sobre a vida.']"
Empresa traz peixe fresco a Curitiba e gera renda extra para pescadores artesanais,"Foi durante a faculdade que o estudante de oceanografia da Universidade Federal do Paraná, Bryan Muller, 30, percebeu as dificuldades enfrentadas no dia a dia pelos pescadores artesanais em Matinhos e Pontal do Paraná. O gargalo principal está na comercialização dos pescados: como conseguir que os atravessadores paguem um preço justo aos pescadores? “Os pequenos pescadores não têm estrutura para estocar grandes quantidades de pescado e não têm acesso a canais de venda direta, por isso sempre dependeram dos atravessadores”, explica Muller. [...] Em setembro de 2018, a situação [...] desses produtores levou o estudante a criar a Olha o Peixe!, uma empresa com um olho no negócio e outro no impacto sobre pessoas e meio ambiente. Ao vender seus produtos para a Olha o Peixe!, os pescadores recebem valores bem acima dos praticados pelo mercado. Segundo Bryan, em alguns casos, a renda mensal dos pescadores aumentou em até 200%. Do preço para o consumidor final, 60% do dinheiro vai para o pescador, o restante para a empresa. [...] “A importância do projeto é também criar uma nova cultura entre os consumidores e fazer um contraponto à enorme indústria de tilápia e salmão”, diz Bryan. A zootecnista, Regina Nicodemo Cândido, 57, virou cliente assídua no final do ano passado. “Acho legal apoiar os pescadores. De longe não podemos fazer muita coisa, mas pequenos gestos podem fazer a diferença”, avalia. [...]","D20 - Identificar o efeito de sentido decorrente do uso da pontuação e de outras notações.
","Nesse texto, no trecho “... levou o estudante a criar a Olha o Peixe!,...” o ponto de
exclamação produz o sentido de",b,7° ano,SPAECE,Avaliação paraná,indicar entusiasmo.,"['expressar raiva.', 'indicar entusiasmo.', 'marcar deboche.', 'reforçar espanto.']"
O cômodo vazio,"Um homem acorda num cômodo vazio. [...] Confuso, tateia ao redor de si a fim de encontrar algo. Sem achar nada além do chão [...], põe-se sentado e olha para os lados: quatro paredes, encardidas, lhe guardam, silenciosas, num quadrilátero. Olha para cima: há um teto, no mesmo estado das paredes. Botando-se de gatinhas, teima em vasculhar o piso, agora indo além de onde despertou, seguindo por todos os lugares e cantos. [...] Nada. Desalentado, encara o teto. [...] Dá alguns pulos com os braços esticados, já sabendo que não daria certo, mas insiste mesmo assim, renovando seu desgosto. Angustiado, [...] senta-se no chão e leva as mãos à cabeça. Sua testa está escorregadia de suor, e fecha os olhos para pensar melhor. “Ora, este é um cômodo. E está vazio. Se estou nele... ... entrei por algum lugar.” Concluindo o óbvio, abre os olhos e vasculha novamente os arredores. Sente vergonha de si quando repara que havia uma porta numa das paredes, o tempo todo. Apalpa [...] os bolsos vazios: nada de chave. “Como saio?” Levanta-se e vai até a porta. Gira a maçaneta. “Está aberta!” Sai do cômodo e segue seu caminho, como já devia ter feito desde o começo desta estória.","D20 - Identificar o efeito de sentido decorrente do uso da pontuação e de outras notações.
","Nesse texto, no trecho “Se estou nele...” as reticências produzem o sentido de",b,7° ano,SPAECE,Avaliação paraná,mostrar uma reflexão por parte do personagem. ,"['indicar que o personagem esqueceu o que ia falar.\r', 'mostrar uma reflexão por parte do personagem. ', 'provocar dúvida no leitor.', 'revelar a indecisão do autor']"
Maria Castanha,"O céu estava cinzento e quase nunca aparecia o sol, mas enquanto não chovia iam brincar no jardim. Um jardim muito grande e bonito, com uma grade pintada de verde a toda volta, de modo que não havia perigo de os automóveis entrarem e atropelarem os meninos que corriam e brincavam à vontade, de muitas maneiras: uns andavam nos baloiços¹ e nos escorregas, [...] outros metiam os pés por entre as folhas secas e faziam-nas estalar – crac, crac – debaixo das botas, outros corriam de braços abertos atrás dos pombos, que se levantavam e fugiam, também de asas abertas. Era bom ir ao jardim. E mesmo sem haver sol, os meninos sentiam os pés quentinhos e ficavam com as bochechas encarnadas² de tanto correr e saltar. Uma vez apareceu no jardim uma menina diferente: não tinha bochechas encarnadas, mas uma carinha redonda, castanha, com dois grandes olhos escuros e brilhantes. – Como te chamas? – Perguntaram-lhe. – Maria. Às vezes chamam-me Maria Castanha. – Que engraçado, Maria Castanha! Queres brincar? – Quero. Foram brincar ao jogo do apanhar. A Maria Castanha corria mais do que todos. – Quem me apanha? Ninguém me apanha! – Ninguém apanha a Maria Castanha! [...]","D20 - Identificar o efeito de sentido decorrente do uso da pontuação e de outras notações.
","No trecho “– Que engraçado, Maria Castanha!” o ponto de exclamação produz o sentido de",d,7° ano,SPAECE,Avaliação paraná,reforçar a admiração dos meninos pelo nome da menina.,"['demonstrar a agitação da brincadeira das crianças.', 'marcar o susto da menina ao encontrar os meninos.', 'mostrar o medo dos automóveis sentido pelas crianças.', 'reforçar a admiração dos meninos pelo nome da menina.']"
A Viagem,"Um dia eu acordei com alguém me chamando. Eram João e Maria, me dando chocolates, caramelos e sonhos da casa de doces da bruxa. Pouco depois, Pinóquio me apresentou Gepeto. Os três porquinhos me mostraram pelos do lobo. Nesse momento, acordei e vi que estava no meu quarto. Um livro de capa verde no chão me lembrou que estava lendo contos de fada. Mas me senti como se tivesse sido teletransportado. Foi uma viagem inesquecível. Venha fazê­la comigo!","D20 - Identificar o efeito de sentido decorrente do uso da pontuação e de outras notações.
","Nesse texto, no trecho “Venha fazê-la comigo!”, o ponto de exclamação produz o sentido de",c,7° ano,SPAECE,Avaliação paraná,reforçar um convite.,"['apontar um lamento.', 'indicar deboche.', 'reforçar um convite.', 'revelar admiração.']"
De bem com a vida,"Filó, a joaninha, acordou cedo. – Que lindo dia! Vou aproveitar para visitar minha tia. [...] Filó colocou seu vestido amarelo de bolinhas pretas, passou batom cor-de-rosa, calçou os sapatinhos de verniz, pegou o guarda-chuva preto e saiu pela floresta: plecht, plecht... Andou, andou... e logo encontrou Loreta, a borboleta. – Que lindo dia! – E pra que esse guarda-chuva preto, Filó? – É mesmo! – pensou a joaninha. E foi para casa deixar o guardachuva. De volta à floresta: – Sapatinhos de verniz? Que exagero! – disse o sapo Tatá. Hoje nem tem festa na floresta. – É mesmo! – pensou a joaninha. E foi para casa trocar os sapatinhos. De volta à floresta: – Batom cor-de-rosa? Que esquisito! – disse Téo, o grilo falante. – É mesmo! – disse a joaninha. E foi para casa tirar o batom. – Vestido amarelo com bolinhas pretas? Que feio! Por que não usa o vermelho? – disse a aranha Filomena. – É mesmo! – pensou Filó. E foi para casa trocar de vestido. Cansada de tanto ir e voltar, Filó resmungava pelo caminho. O Sol estava tão quente que a joaninha resolveu desistir do passeio. Chegando em casa, ligou para tia Matilde. – Titia, vou deixar a visita para outro dia. – O que aconteceu, Filó? – Ah! Tia Matilde! Acordei cedo, me arrumei bem bonita e saí andando pela floresta. Mas no caminho... – Lembre-se, Filozinha... gosto de você do jeitinho que você é. Venha amanhã, estarei te esperando com um almoço bem gostoso. No dia seguinte, Filó acordou de bem com a vida. Colocou seu vestido amarelo de bolinhas pretas, amarrou a fita na cabeça, passou batom cor-de-rosa, calçou seus sapatinhos de verniz, pegou o guardachuva preto, saiu andando apressadinha pela floresta, plecht, plecht, plecht... e só parou para descansar no colo gostoso da tia Matilde.","D20 - Identificar o efeito de sentido decorrente do uso da pontuação e de outras notações.
",No trecho “– Que lindo dia!” o ponto de exclamação foi utilizado para,b,7° ano,SPAECE,Avaliação paraná,expressar a emoção da joaninha em relação ao dia.,"['destacar o fato de que a joaninha acordou cedo.', 'expressar a emoção da joaninha em relação ao dia.', 'mostrar a alegria da joaninha em se arrumar.', 'ressaltar a felicidade da joaninha ao visitar a tia']"
O pardal que queria ser águia,"“Minhocas! Eca! Isso é comida para bebês!”, Tuco, o pequeno pardal, nunca deixa de irritar seus amigos. Um dia, ele vai visitar sua mãe e diz: “Eu, mais tarde, vou me tornar uma águia dourada!”, “Mas, querido, mais tarde você vai continuar sendo o que já é: um pequeno pardal” – explica-lhe a mãe. “Não, eu vou ser uma ave de rapina poderosa! Você vai ver! Além do mais, hoje à noite no jantar, vou comer um carneiro que eu mesmo vou pegar.” Ele voa sobre o campo próximo e começa a pairar sobre um rebanho de ovelhas. Vê uma bem gorda e crava suas unhas nas costas dela. “Quem está aí nas minhas costas?” – pergunta a ovelha. “Sou eu, o Tuco! Você está presa! Eu capturei você!” – disse com sua voz baixinha. “Quem é você? Eu não consigo nem vê-lo” – perguntou a ovelha, se divertindo. “Você é minha prisioneira agora!” – diz Tuco. Mas, de repente, ele escorrega e cai entre as pernas da ovelha. Ela inclina-se até ele: “Oh, oh! Vejam só, uma águia dourada!” E ela pega o pequeno pardal entre os dentes e o carrega de volta para sua mãe, dizendo: “Estou trazendo de volta a sua terrível águia.”. Ele nem consegue olhar para a mãe. Essa foi a primeira e única aventura de Tuco, a águia dourada!","D20 - Identificar o efeito de sentido decorrente do uso da pontuação e de outras notações.
","No trecho “‘Eu não consigo nem vê-lo’ – perguntou a ovelha, se divertindo.” o travessão foi utilizado para",d,7° ano,SPAECE,Avaliação paraná,"marcar um comentário do narrador.","['destacar a opinião do autor', 'indicar a fala de uma personagem.', 'iniciar um parágrafo do texto', 'marcar um comentário do narrador.\r']"
Cabelos brancos,"Vivo meus dias em busca de calor, sabor e melodia. Sabe quando você encontra algo ou alguém que não te deixa sentir mais frio? Penso que isso torna tudo mais doce e mágico e te faz escutar dentro da sua cabeça voada uma música boba e romântica onde tudo cria algum sentido. Pois é, justo naquele momento onde tudo parecia tão confuso. Você acaba caindo na real com um tapinha na testa. E assim vai criando a consciência de que está em uma dessas furadas onde os supostos apaixonados sempre são vistos como verdadeiros babões. Mas às vezes o ser humano tem que entrar em uma dessas furadas para ter do que se lembrar. Viver algo desejável, vivenciável e imprevisível. Penso o quanto seria chato ter previsões de um ideológico futuro, sendo que o legal de um relacionamento são as surpresas que ele pode nos oferecer. Não é mesmo? Desenhar, sonhar e esperar algo que você deseja pode ser satisfatório. Mas e quando esse desenho sai do papel ainda melhor que seus rabiscos e detalhes? Não seria incrível? Você se surpreende, a vida nos surpreende. [...]",D20 - Identificar o efeito de sentido decorrente do uso da pontuação e de outras notações.,"Nesse texto, no trecho: “Não é mesmo?” o ponto de interrogação produz o sentido de",c,7° ano,SPAECE,Avaliação paraná,dialogar com o leitor.,"['negar uma ideia.', 'indicar desânimo.', 'dialogar com o leitor.', 'expressar um desejo;']"
Praias onde vale a pena curtir o verão,"Está chegando o momento mais aguardado do ano. É quando os estudos dão uma trégua, o trabalho fica para depois e as únicas coisas importantes para fazer são curtir o sol, praticar esportes e aproveitar a paisagem. Para onde ir? Os 9.198 quilômetros do litoral brasileiro abrigam lugares paradisíacos, onde o banho de mar e a areia branquinha são uma tentação para quem passou 11 meses do ano vendo o mar a distância. Mas é preciso ser realista. Há pedaços da costa perdidos para as férias. “Em geral, a condição do litoral brasileiro é ruim para os banhos de mar”, confirma Luiz Roberto Tommasi, um dos maiores especialistas em poluição marinha do país, que há anos avalia as condições das praias. Diante da imensidão azul, pode parecer que o quadro não é assim tão grave. Afinal, o mar deveria diluir a sujeira toda deixada pelos turistas concentrados nesta época do ano. Mas o excesso de esgoto não se manifesta apenas pelo cheiro desagradável, a cor escura da água e o lixo generalizado. O esgoto mata o plâncton que produz o oxigênio e carrega bactérias nocivas e materiais que não são degradados. Entra na cadeia alimentar marinha e contamina os peixes. [...] A poluição das praias não é causada apenas pelo esgoto e a sujeira deixada pelos banhistas mal-educados. O petróleo que vaza dos navios, por exemplo, causa danos ecológicos que perduram durante anos. Mas é um problema localizado. A poluição mais grave do litoral brasileiro é provocada pelo saneamento deficiente. Apenas 4,8% da população das cidades costeiras é atendida pela rede de esgoto. As consequências na qualidade da água do mar são percebidas por meio de exames do nível de coliformes fecais. As medições periódicas indicam se a praia está contaminada por esgoto [...]. Muitos jornais costumam dar os resultados desses exames, principalmente no verão. Mas os interessados também podem acompanhar a situação de sua praia favorita pela internet [...].",D20 - Identificar o efeito de sentido decorrente do uso da pontuação e de outras notações.,"No texto, no trecho “‘Em geral, a condição do litoral brasileiro é ruim para os banhos de mar...’” as aspas foram usadas para",b,7° ano,SPAECE,Avaliação paraná,indicar a fala de uma pessoa.,"['destacar o uso de expressão irônica. ', 'indicar a fala de uma pessoa.', 'introduzir um comentário do autor.', 'marcar um trecho importante.']"
"Débora Juchem, 33 anos","Prezada Índigo: Com imensa alegria informo que recebi teus livros. Quando comecei a ler, só larguei ao chegar no final!!! Com certeza, os leitores gaúchos ficarão mais alegres com tuas produções!! Tua maneira de escrever é realmente envolvente e cativa o leitor!! Parecia que eu estava dentro da história SENSACIONAL!!! Um abraço do tamanho do Rio Grande!",D19 – Reconhecer o efeito de sentido decorrente da escolha de uma determinada palavra ou expressão.,"Nesse texto, a palavra “SENSACIONAL” foi escrita com letras maiúsculas para",d,7° ano,SPAECE,Avaliação paraná,reforçar elogio.,"['indicar espanto.', 'marcar uma ironia.', 'mostrar uma ordem.', 'reforçar elogio.']"
Gatos detestam portas fechadas; veterinários explicam por quê,"Você sabia que os gatos odeiam portas fechadas? De acordo com especialistas, esses animais curiosos não gostam de pensar que não sabem o que tem por trás daquele ambiente. Segundo a veterinária Gabby Wild, você não consegue dizer para um gato o que fazer. “Então, quando fechamos uma porta para eles, eles naturalmente querem ter acesso ao que podem perceber como seu próprio território ou investigar o desconhecido”, disse ela [...]. A Dra. Wild acrescentou que os gatos podem não ser grandes fãs de portas fechadas por uma série de razões que remontam à sua natureza investigativa e territorial. “Eles podem detectar outros gatos, cheirar algo atraente ou desejar objetos, de comida a brinquedos, passando por humanos que coçam as costas, do outro lado da porta”, afirmou. [...]",D19 – Reconhecer o efeito de sentido decorrente da escolha de uma determinada palavra ou expressão.,"No texto, no trecho “... investigar o desconhecido...”, a palavra ""investigar"" produz o sentido de",b,7° ano,SPAECE,Avaliação paraná,explicitar que os gatos gostam de explorar novos ambientes.,"['demonstrar que os especialistas estavam fazendo uma pesquisa.', 'explicitar que os gatos gostam de explorar novos ambientes.', 'indicar que os gatos querem permanecer escondidos.', 'mostrar que os especialistas costumam lidar com mistérios.']"
O cômodo vazio,"Um homem acorda num cômodo vazio. [...] Confuso, tateia ao redor de si a fim de encontrar algo. Sem achar nada além do chão [...], põe-se sentado e olha para os lados: quatro paredes, encardidas, lhe guardam, silenciosas, num quadrilátero. Olha para cima: há um teto, no mesmo estado das paredes. Botando-se de gatinhas, teima em vasculhar o piso, agora indo além de onde despertou, seguindo por todos os lugares e cantos. [...] Nada. Desalentado, encara o teto. [...] Dá alguns pulos com os braços esticados, já sabendo que não daria certo, mas insiste mesmo assim, renovando seu desgosto. Angustiado, [...] senta-se no chão e leva as mãos à cabeça. Sua testa está escorregadia de suor, e fecha os olhos para pensar melhor. “Ora, este é um cômodo. E está vazio. Se estou nele... ... entrei por algum lugar.” Concluindo o óbvio, abre os olhos e vasculha novamente os arredores. Sente vergonha de si quando repara que havia uma porta numa das paredes, o tempo todo. Apalpa [...] os bolsos vazios: nada de chave. “Como saio?” Levanta-se e vai até a porta. Gira a maçaneta. “Está aberta!” Sai do cômodo e segue seu caminho, como já devia ter feito desde o começo desta estória.",D19 – Reconhecer o efeito de sentido decorrente da escolha de uma determinada palavra ou expressão.,Nesse texto a expressão “segue seu caminho” produz o efeito de,a,7° ano,SPAECE,Avaliação paraná,indicar que o homem andou para fora do cômodo.,"['indicar que o homem andou para fora do cômodo.', 'mostrar que o homem esqueceu onde estava.\r', 'revelar que o homem ficou irritado ao acordar.', 'sugerir que o homem perseguiu alguém.']"
"Lili, uma Cocker Companheira","""Dim-dom!"" - Oba! Temos visitas! - disse a minha dona. Eu sou a cachorrinha Lili, e sou uma Cocker. Eu gosto quando chegam visitas aqui em Depois, é só retirar o excesso com algodão seco. Sou bem gulosa e, se minha dona não me controlar, como um montão. Por falar em comida, já me deu uma fominha! Desculpa aí, pessoal, mas vou ver se já está na hora da minha ração. Tchauzinho! 5 casa. Faço amizades com muita facilidade, mas sem ficar pulando ou pedindo carinho para os visitantes. Bom, a não ser que eles me convidem para fazer isso. Na verdade, sou muito alegre, gosto de brincar e de dar longos passeios. Tenho bastante energia para essas coisas. Mas também sou flexível. Posso simplesmente ser uma companheira tranquila ao lado da minha dona. Vai depender do que ela quiser que eu faça no momento. Há algo importante que você precisa saber sobre mim. Minhas orelhas compridas abafam os ouvidos, assim eles acumulam mais cera, umidade e sujeira. Por isso, você precisa limpar meus ouvidos com algodão umedecido em óleo de amêndoa",D19 – Reconhecer o efeito de sentido decorrente da escolha de uma determinada palavra ou expressão.,"Nesse texto, a expressão “Dim-Dom” foi usada para indicar",c,7° ano,SPAECE,Avaliação paraná,a campainha tocando.,"['a barriga da cachorrinha roncando.', 'a cachorrinha latindo.', 'a campainha tocando.', 'a conversa dos visitantes da casa.']"
Cabelos brancos,"Vivo meus dias em busca de calor, sabor e melodia. Sabe quando você encontra algo ou alguém que não te deixa sentir mais frio? Penso que isso torna tudo mais doce e mágico e te faz escutar dentro da sua cabeça voada uma música boba e romântica onde tudo cria algum sentido. Pois é, justo naquele momento onde tudo parecia tão confuso. Você acaba caindo na real com um tapinha na testa. E assim vai criando a consciência de que está em uma dessas furadas onde os supostos apaixonados sempre são vistos como verdadeiros babões. Mas às vezes o ser humano tem que entrar em uma dessas furadas para ter do que se lembrar. Viver algo desejável, vivenciável e imprevisível. Penso o quanto seria chato ter previsões de um ideológico futuro, sendo que o legal de um relacionamento são as surpresas que ele pode nos oferecer. Não é mesmo? Desenhar, sonhar e esperar algo que você deseja pode ser satisfatório. Mas e quando esse desenho sai do papel ainda melhor que seus rabiscos e detalhes? Não seria incrível? Você se surpreende, a vida nos surpreende. [...]",D19 – Reconhecer o efeito de sentido decorrente da escolha de uma determinada palavra ou expressão.,"Nesse texto, a palavra “voada” produz sentido de",d,7° ano,SPAECE,Avaliação paraná,sugerir que o narrador é distraído.,"['apontar que o narrador faz muitas viagens.', 'indicar que o narrador sente\xadse orgulhoso.', 'mostrar que o narrador é impaciente.', 'sugerir que o narrador é distraído.']"
O celular está destruindo nossa memória,"O Instagram recebe 95 milhões de fotos por dia. São 1.100 novas imagens no sistema a cada segundo. Isso sem falar nos outros bilhões de cliques armazenados na memória dos celulares e que nunca verão a luz do dia. [...] As câmeras digitais acabaram com a limitação de poses. [...] Só tem um problema: esse hábito pode estar acabando com as nossas vidas – pelo menos com a forma como nos lembramos das nossas vidas. E pode estar distorcendo nossas personalidades também. [...] Quando você vive com uma câmera fotográfica de capacidade virtualmente infinita no bolso, a tendência é que você se preocupe mais em registrar momentos do que em prestar atenção neles. Aí complica. “Prestar atenção é fundamental para codificar informações na memória”, diz a italiana Giuliana Mazzoni, professora de psicologia da Universidade de Hull, no Reino Unido. Por via das dúvidas, vale lembrar: sua memória talvez agradeça se você parar e dar uma boa olhada no que vai fotografar antes de efetivamente apertar o botão. [...]",D19 – Reconhecer o efeito de sentido decorrente da escolha de uma determinada palavra ou expressão.,"Nesse texto, no trecho: “... e que nunca verão a luz do dia.”  a expressão ""nunca verão a luz do dia"" produz o sentido de",a,7° ano,SPAECE,Avaliação paraná,"apontar que algumas fotos tiradas com o celular não são publicadas.","['apontar que algumas fotos tiradas com o celular não são publicadas.\r', 'demonstrar a prática de tirar fotografias noturnas com o celular.', 'refletir sobre a má qualidade das fotografias tiradas com o celular.', 'revelar que as fotos tiradas com o celular não são valorizadas.']"
Dinossauros no shopping,"Passear pelo shopping pode ser divertido, principalmente num dia de chuva, em que não dá para brincar lá fora. Encontramos cinemas com filmes bacanas, lanches gostosos, dinossauros… Opa! Achou estranho? Pois saiba que a exposição Era T-Rex levou um monte de parentes meus para shoppings em Niterói e São Paulo. A aventura começa com um filme 5D, tecnologia que une os movimentos do cinema 3D com cheiros, ventania e até esguichos de água para contar a história de um filhote de Tyranosaurus rex que se perde da mãe. Depois, o passeio continua com uma visita a réplicas de diversas espécies que se mexem de verdade, emitem sons e têm tamanho real. Quem visitar a exposição vai ver uma fêmea maiassaura cuidando de seu filhote, um apatossauro com 22 metros de comprimento e até tocar o angaturama, um dinossauro que viveu aqui no Brasil. A viagem no tempo não para por aí. No final, você vai encontrar um tanque de areia cheio de fósseis para descobrir. Eu e Diná já fomos correndo visitar nossos parentes e, apesar de sentirmos falta de algumas espécies, adoramos. Se você mora em São Paulo e quer conhecer a exposição, é preciso correr: ela só fica por lá até 29 de julho. Já em Niterói, ela vai até outubro.","D17 - Reconhecer o sentido das relações lógico-discursivas marcadas por conjunções,
advérbios etc","No trecho “... brincar lá fora.” a palavra ""lá"" indica",b,7° ano,SPAECE,Avaliação paraná,lugar.,"['causa.', 'lugar.', 'modo.', 'tempo.']"
O pardal que queria ser águia,"“Minhocas! Eca! Isso é comida para bebês!”, Tuco, o pequeno pardal, nunca deixa de irritar seus amigos. Um dia, ele vai visitar sua mãe e diz: “Eu, mais tarde, vou me tornar uma águia dourada!”, “Mas, querido, mais tarde você vai continuar sendo o que já é: um pequeno pardal” – explica-lhe a mãe. “Não, eu vou ser uma ave de rapina poderosa! Você vai ver! Além do mais, hoje à noite no jantar, vou comer um carneiro que eu mesmo vou pegar.” Ele voa sobre o campo próximo e começa a pairar sobre um rebanho de ovelhas. Vê uma bem gorda e crava suas unhas nas costas dela. “Quem está aí nas minhas costas?” – pergunta a ovelha. “Sou eu, o Tuco! Você está presa! Eu capturei você!” – disse com sua voz baixinha. “Quem é você? Eu não consigo nem vê-lo” – perguntou a ovelha, se divertindo. “Você é minha prisioneira agora!” – diz Tuco. Mas, de repente, ele escorrega e cai entre as pernas da ovelha. Ela inclina-se até ele: “Oh, oh! Vejam só, uma águia dourada!” E ela pega o pequeno pardal entre os dentes e o carrega de volta para sua mãe, dizendo: “Estou trazendo de volta a sua terrível águia.”. Ele nem consegue olhar para a mãe. Essa foi a primeira e única aventura de Tuco, a águia dourada!","D17 - Reconhecer o sentido das relações lógico-discursivas marcadas por conjunções,
advérbios etc","No trecho “‘Você é minha prisioneira agora!’” a palavra ""agora"" indica ideia de",d,7° ano,SPAECE,Avaliação paraná,tempo.,"['causa. ', 'lugar.', 'modo.', 'tempo.']"
"Lili, uma Cocker Companheira","“Dim­dom!” – Oba! Temos visitas! – disse a minha dona. Eu sou a cachorrinha Lili, e sou uma Cocker. Eu gosto quando chegam visitas aqui em casa. Faço amizades com muita facilidade, mas sem ficar pulando ou pedindo carinho para os visitantes. Bom, a não ser que eles me convidem para fazer isso. Na verdade, sou muito alegre, gosto de brincar e de dar longos passeios. Tenho bastante energia para essas coisas. Mas também sou flexível. Posso simplesmente ser uma companheira tranquila ao lado da minha dona. Vai depender do que ela quiser que eu faça no momento. Há algo importante que você precisa saber sobre mim. Minhas orelhas compridas abafam os ouvidos, assim eles acumulam mais cera, umidade e sujeira. Por isso, você precisa limpar meus ouvidos com algodão umedecido em óleo de amêndoa. Depois, é só retirar o excesso com algodão seco. Sou bem gulosa e, se minha dona não me controlar, como um montão. Por falar em comida, já me deu uma fominha! Desculpa aí, pessoal, mas vou ver se já está na hora da minha ração. Tchauzinho!","D17 - Reconhecer o sentido das relações lógico-discursivas marcadas por conjunções,
advérbios etc","Nesse texto, no trecho: “Tenho bastante energia para essas coisas.” o termo ""bastante"" estabelece relação de",b,7° ano,SPAECE,Avaliação paraná,intensidade.,"['comparação.', 'intensidade.', 'proporção.', 'causa.']"
-,"As festas juninas são celebradas ao longo do mês de junho. Sua origem foram as festas pagãs, com fogueiras e queimas de fogos [...]. Elas começaram nos campos e plantações originando os trajes típicos de caipiras e sinhazinhas, com casamento de roça, discurso do padrinho, as capelinhas decoradas, etc. Com o passar do tempo, as festividades foram tomando um cunho religioso. Pela tradição, a festa junina consiste em celebrar os bons resultados da colheita [...]. As festas juninas estão enraizadas de arte popular com suas influências próprias das regiões, cheias de pureza, ingenuidade, poesia e inspiração. [...]","D17 - Reconhecer o sentido das relações lógico-discursivas marcadas por conjunções,
advérbios etc",O trecho desse texto que apresenta uma ideia de tempo é:,a,7° ano,SPAECE,Avaliação paraná,“As festas juninas são celebradas ao longo do mês de junho.”. ,"['“As festas juninas são celebradas ao longo do mês de junho.”. ', '“... foram as festas pagãs, com fogueiras e queimas de fogos”.\r', '“Elas começaram nos campos e plantações originando os trajes típicos...”. ', ' “... as festividades foram tomando um cunho religioso.”.\r']"
As lembranças vão na mala,"Puft! Fui atingida por toneladas e toneladas de fotos e álbuns de fotografia. É, quando mamãe dizia para arrumar esse armário, ela estava realmente falando sério. Em meio a tantas e tantas fotos, uma me chamou a atenção. Depois de muito observá-la, conseguia sentir até mesmo a areia no meu pé, o cheirinho do mar, o barulho das ondas quebrando, os adultos conversando, as crianças brincando... Ah! As crianças... Essa risada gostosa, tão sutil e ao mesmo tempo estridente, tão sincera... E esse rostinho de quem vai aprontar alguma? Esse olhar sapeca brilhando na direção do mar, da areia, de tudo e todos, como se examinasse cada detalhe de um novo mundo com uma perspectiva totalmente diferente. E lá ia eu, deixando meu calmo e tranquilo mundo paralelo para ir atrás de uma miniatura de gente que corria em meio às gargalhadas pela praia lotada, em direção ao mar, para meu desespero e da minha mãe, é claro. Calma e tranquilidade não combinavam com a situação, então “desci do salto” e perdi a compostura. Saí pela praia gritando por meu irmão, para que voltasse o mais rápido possível, porém, isso não poderia ser conseguido com facilidade. [...] É... nossas viagens nunca foram de plena leveza e descanso e a falta de medo e noção dos perigos do Rafa, meu irmão, sempre foram os principais motivos para tais situações, mas sempre tornaram as viagens tão memoráveis e inesquecíveis ao ponto de deixar-me sorrindo como boba ao olhar fotos como esta. Momentos que me fazem sentir falta de cada gargalhada, brincadeira e, claro, de todas as maratonas atrás desse homenzinho de nossa família!","D14 - Reconhecer as relações entre partes de um texto, identificando os recursos coesivos que contribuem para sua continuidade.","Nesse texto, no trecho “... uma me chamou a atenção.” a palavra ""uma"" se refere à",b,7° ano,SPAECE,Avaliação paraná,foto.,"['criança.', 'foto.', 'mamãe.', ' risada.']"
-,"[...] Querida CHC, é um prazer estar escrevendo esta carta! A revista é ótima, muito informativa e interessante! Gostei em especial da matéria “Uma ajuda dos Urubus”, pois ela tem como objetivo, além de localizar os lixões, conscientizar os moradores sobre como o despejo incorreto do lixo pode causar danos ambientais e à saúde da população. Essa ideia ajudaria a ter um grande avanço de consciência na sociedade, e geraria uma melhor condição ao meio ambiente. Conheci a revista através de uma aula de português, porém, agora sempre que tenho um tempo livre leio alguma matéria por interesse próprio, pois sei que ficarei bem informada. Meus parabéns a todos da revista CHC, que conseguem passar tantas informações interessantes e importantes de maneira descontraída. [...]","D14 - Reconhecer as relações entre partes de um texto, identificando os recursos coesivos que contribuem para sua continuidade.","Nesse texto, no trecho “... pois ela tem como objetivo...”  o termo ""ela"" refere-se a",d,7° ano,SPAECE,Avaliação paraná,matéria.,"['aula.', 'carta.', 'ideia.', 'matéria.']"
O celular está destruindo nossa memória,"O Instagram recebe 95 milhões de fotos por dia. São 1.100 novas imagens no sistema a cada segundo. Isso sem falar nos outros bilhões de cliques armazenados na memória dos celulares e que nunca verão a luz do dia. [...] As câmeras digitais acabaram com a limitação de poses. [...] Só tem um problema: esse hábito pode estar acabando com as nossas vidas – pelo menos com a forma como nos lembramos das nossas vidas. E pode estar distorcendo nossas personalidades também. [...] Quando você vive com uma câmera fotográfica de capacidade virtualmente infinita no bolso, a tendência é que você se preocupe mais em registrar momentos do que em prestar atenção neles. Aí complica. “Prestar atenção é fundamental para codificar informações na memória”, diz a italiana Giuliana Mazzoni, professora de psicologia da Universidade de Hull, no Reino Unido. Por via das dúvidas, vale lembrar: sua memória talvez agradeça se você parar e dar uma boa olhada no que vai fotografar antes de efetivamente apertar o botão. [...]","D14 - Reconhecer as relações entre partes de um texto, identificando os recursos coesivos que contribuem para sua continuidade.","Nesse texto, no trecho “... prestar atenção neles.” o termo ""neles"" retoma",d,7° ano,SPAECE,Avaliação paraná,momentos.,"['milhões.', 'cliques.', 'celulares.', 'momentos.']"
O que são os dinossauros?,"Há muitos e muitos anos, viveu um extraordinário grupo de animais chamado dinossauros. Eles sobreviveram por aproximadamente 150 milhões de anos e desapareceram da Terra da forma mais misteriosa já vista. Muitos deles eram gigantes e alguns deles não eram maiores que uma galinha. Alguns eram mansos e comiam somente plantas; outros tinham dentes afiados e comiam carne. Alguns dinossauros eram répteis1  assim como os lagartos. Eles tinham a pele escamosa e botavam ovos. Mas ao contrário do lagarto, que era pequeno, com pernas curtas, os dinossauros tinham longos pescoços em cima de seus corpos, o que significava que eles podiam se movimentar muito mais facilmente. Muitos outros répteis viveram na era dos dinossauros, nadando no mar e voando no céu, mas os dinossauros viveram apenas em terra. Hoje, nós sabemos sobre eles porque seus ossos [...] foram preservados em rochas como fósseis2","D14 - Reconhecer as relações entre partes de um texto, identificando os recursos coesivos que contribuem para sua continuidade.","No texto, no trecho “Eles sobreviveram por aproximadamente 150 milhões de anos...” a palavra ""Eles"" está no lugar de",a,7° ano,SPAECE,Avaliação paraná,dinossauros.,"['dinossauros.', 'répteis.', 'lagartos.', 'fósseis.']"
O que é água?,"A água é uma substância química. Um elemento da natureza, transparente, sem sabor e odor, composto por dois gases: duas partes de hidrogênio (símbolo H) e uma parte de oxigênio (símbolo O). Sua fórmula química é H2 O. A água pode ser doce ou salgada. A água do mar é salgada porque os rios carregam para o mar cloro e sódio que se desprendem na erosão das rochas dos seus leitos. Como os rios recebem mais água doce das chuvas do que evaporam, sua água continua doce. Com o mar é diferente: ele perde mais água por meio da evaporação do que ganha com a chuva. Assim, como o sal não evapora com a água, essa substância vai se acumulando e se concentrando no mar. A repetição desse fenômeno durante centenas de milhões de anos aumentou a concentração de cloreto de sódio nos oceanos, tornando-os salgados como são hoje. A água pode se apresentar em diversos estados: líquido, sólido (gelo) e gasoso (vapor d’água).","D14 - Reconhecer as relações entre partes de um texto, identificando os recursos coesivos que contribuem para sua continuidade.","No trecho “... essa substância vai se acumulando...” a expressão ""essa substância"" está no lugar da palavra ",d,7° ano,SPAECE,Avaliação paraná,sal.,"['água', 'cloro.', 'sódio.', 'sal.']"
O pardal que queria ser águia,"“Minhocas! Eca! Isso é comida para bebês!”, Tuco, o pequeno pardal, nunca deixa de irritar seus amigos. Um dia, ele vai visitar sua mãe e diz: “Eu, mais tarde, vou me tornar uma águia dourada!”, “Mas, querido, mais tarde você vai continuar sendo o que já é: um pequeno pardal” – explica-lhe a mãe. “Não, eu vou ser uma ave de rapina poderosa! Você vai ver! Além do mais, hoje à noite no jantar, vou comer um carneiro que eu mesmo vou pegar.” Ele voa sobre o campo próximo e começa a pairar sobre um rebanho de ovelhas. Vê uma bem gorda e crava suas unhas nas costas dela. “Quem está aí nas minhas costas?” – pergunta a ovelha. “Sou eu, o Tuco! Você está presa! Eu capturei você!” – disse com sua voz baixinha. “Quem é você? Eu não consigo nem vê-lo” – perguntou a ovelha, se divertindo. “Você é minha prisioneira agora!” – diz Tuco. Mas, de repente, ele escorrega e cai entre as pernas da ovelha. Ela inclina-se até ele: “Oh, oh! Vejam só, uma águia dourada!” E ela pega o pequeno pardal entre os dentes e o carrega de volta para sua mãe, dizendo: “Estou trazendo de volta a sua terrível águia.”. Ele nem consegue olhar para a mãe. Essa foi a primeira e única aventura de Tuco, a águia dourada!",D11 - Reconhecer os elementos que compõem uma narrativa e o conflito gerador.,O que fez com que essa história acontecesse?,c,7° ano,SPAECE,Avaliação paraná,Tuco querer ser uma águia,"['Tuco caçar um carneiro.\r', 'Tuco irritar os seus amigos.', 'Tuco querer ser uma águia', 'Tuco visitar sua mãe.']"
As lembranças vão na mala,"Puft! Fui atingida por toneladas e toneladas de fotos e álbuns de fotografia. É, quando mamãe dizia para arrumar esse armário, ela estava realmente falando sério. Em meio a tantas e tantas fotos, uma me chamou a atenção. Depois de muito observá-la, conseguia sentir até mesmo a areia no meu pé, o cheirinho do mar, o barulho das ondas quebrando, os adultos conversando, as crianças brincando... Ah! As crianças... Essa risada gostosa, tão sutil e ao mesmo tempo estridente, tão sincera... E esse rostinho de quem vai aprontar alguma? Esse olhar sapeca brilhando na direção do mar, da areia, de tudo e todos, como se examinasse cada detalhe de um novo mundo com uma perspectiva totalmente diferente. E lá ia eu, deixando meu calmo e tranquilo mundo paralelo para ir atrás de uma miniatura de gente que corria em meio às gargalhadas pela praia lotada, em direção ao mar, para meu desespero e da minha mãe, é claro. Calma e tranquilidade não combinavam com a situação, então “desci do salto” e perdi a compostura. Saí pela praia gritando por meu irmão, para que voltasse o mais rápido possível, porém, isso não poderia ser conseguido com facilidade. [...] É... nossas viagens nunca foram de plena leveza e descanso e a falta de medo e noção dos perigos do Rafa, meu irmão, sempre foram os principais motivos para tais situações, mas sempre tornaram as viagens tão memoráveis e inesquecíveis ao ponto de deixar-me sorrindo como boba ao olhar fotos como esta. Momentos que me fazem sentir falta de cada gargalhada, brincadeira e, claro, de todas as maratonas atrás desse homenzinho de nossa família!",D11 - Reconhecer os elementos que compõem uma narrativa e o conflito gerador.,"Nesse texto, a pessoa que conta a história",c,7° ano,SPAECE,Avaliação paraná,é o personagem principal.,"['é alguém que observa os fatos de maneira emotiva.', 'é alguém que observa os fatos de maneira imparcial.', 'é o personagem principal.', 'é um personagem secundário.']"
Azulândia,"Os últimos dias não tinham sido fáceis para o Rei Lívio e para a sua amada esposa, a rainha Olga. Diariamente, chegavam ao palácio notícias de que os encantos do reino começavam a desaparecer a um ritmo alucinante e de forma misteriosa. Primeiro haviam desaparecido as borboletas e as libélulas, logo em seguida, as hortênsias azuis que adornavam as bermas dos caminhos. Não muito depois, os habitantes da Azulândia deixaram de ver, pela manhã, gotas de orvalho. Temia-se que, em pouco tempo, desaparecessem os regatos de água cristalina, as robustas e centenárias árvores, o canto dos pássaros… A catástrofe total seria no dia em que as nuvens, o Sol, a Lua, as estrelas e o arco-íris deixassem de oferecer luz e cor à ilha.",D11 - Reconhecer os elementos que compõem uma narrativa e o conflito gerador.,O fato que deu origem a essa história foi,c,7° ano,SPAECE,Avaliação paraná,o desaparecimento dos encantos do reino de forma misteriosa,"['a alegria dos homens ao verem que as bermas dos caminhos estavam bordadas.', 'a procura por homens que ainda conservassem a bondade no coração.', 'o desaparecimento dos encantos do reino de forma misteriosa', 'o retorno dos homens ao palácio para uma grande festa no salão.']"
No silêncio,"Um fazendeiro descobriu que tinha perdido o relógio no celeiro, muito valioso e de grande valor sentimental. Após extensa procura em vão, ele recorreu à ajuda de um grupo de crianças e prometeu uma valiosa recompensa para quem encontrasse o seu relógio. Quando o fazendeiro estava prestes a desistir, um menino lhe pediu uma chance para procurar, já que todos os outros não conseguiram. Por que não? Seria uma tentativa a mais. Então, o fazendeiro autorizou o menino a entrar no celeiro. Depois de um tempo, o menino saiu com o relógio em sua mão!!! Todos ficaram espantados. Então o fazendeiro perguntou: “Como conseguiu encontrar?” O menino respondeu: “Eu não fiz nada a não ser ficar sentado no chão. No silêncio, eu escutei o tique-taque do relógio e apenas olhei para a direção certa.” [...]",D11 - Reconhecer os elementos que compõem uma narrativa e o conflito gerador.,"Nesse texto, o narrador",d,7° ano,SPAECE,Avaliação paraná," não faz parte dos fatos, porém sabe de tudo o que acontece com os personagens.","['faz parte da história, contando algo que aconteceu com ele mesmo.', 'faz parte do acontecimento, sendo um personagem secundário da narrativa.', 'não faz parte das ações, mas tenta promover uma reflexão no leitor.', ' não faz parte dos fatos, porém sabe de tudo o que acontece com os personagens.\r']"
De bem com a vida,"Filó, a joaninha, acordou cedo. – Que lindo dia! Vou aproveitar para visitar minha tia. [...] Filó colocou seu vestido amarelo de bolinhas pretas, passou batom cor-de-rosa, calçou os sapatinhos de verniz, pegou o guarda-chuva preto e saiu pela floresta: plecht, plecht... Andou, andou... e logo encontrou Loreta, a borboleta. – Que lindo dia! – E pra que esse guarda-chuva preto, Filó? – É mesmo! – pensou a joaninha. E foi para casa deixar o guardachuva. De volta à floresta: – Sapatinhos de verniz? Que exagero! – disse o sapo Tatá. Hoje nem tem festa na floresta. – É mesmo! – pensou a joaninha. E foi para casa trocar os sapatinhos. De volta à floresta: – Batom cor-de-rosa? Que esquisito! – disse Téo, o grilo falante. – É mesmo! – disse a joaninha. E foi para casa tirar o batom. – Vestido amarelo com bolinhas pretas? Que feio! Por que não usa o vermelho? – disse a aranha Filomena. – É mesmo! – pensou Filó. E foi para casa trocar de vestido. Cansada de tanto ir e voltar, Filó resmungava pelo caminho. O Sol estava tão quente que a joaninha resolveu desistir do passeio. Chegando em casa, ligou para tia Matilde. – Titia, vou deixar a visita para outro dia. – O que aconteceu, Filó? – Ah! Tia Matilde! Acordei cedo, me arrumei bem bonita e saí andando pela floresta. Mas no caminho... – Lembre-se, Filozinha... gosto de você do jeitinho que você é. Venha amanhã, estarei te esperando com um almoço bem gostoso. No dia seguinte, Filó acordou de bem com a vida. Colocou seu vestido amarelo de bolinhas pretas, amarrou a fita na cabeça, passou batom cor-de-rosa, calçou seus sapatinhos de verniz, pegou o guardachuva preto, saiu andando apressadinha pela floresta, plecht, plecht, plecht... e só parou para descansar no colo gostoso da tia Matilde.",D11 - Reconhecer os elementos que compõem uma narrativa e o conflito gerador.,"Qual é a personagem principal desse texto?",c,7° ano,SPAECE,Avaliação paraná,A joaninha Filó.,"['A aranha Filomena.', 'A borboleta Loreta', 'A joaninha Filó.', 'A tia Matilde']"
O Espelho Mágico,"O rapaz […] saiu pelo mundo para ganhar a vida. Ia por um caminho quando viu uma pedra tapando a boca de um formigueiro e as formigas lutando para arredá-la. O moço, que tinha bom coração, abaixou-se e tirou a pedra com cuidado para não matar as formigas. Quando acabou, uma formiguinha falou: - Se você se encontrar em dificuldades, diga: Valha-me o Rei das Formigas. O rapaz seguiu sua estrada e adiante encontrou um carneiro com uma pata enganchada num arame. Soltou o bichinho. O carneiro disse: - Quando você tiver uma dificuldade, diga: Valha-me o Rei dos Carneiros! Lá mais longe o rapaz viu um peixe dentro duma poça d’água rasa, quase se acabando. [...] O moço tirou-o da poça […]. - Quando você tiver uma dificuldade, diga: Valha-me o Rei dos Peixes. […] Chegando no reinado, o rapaz soube que a princesa tinha um espelho mágico que mostrava todas as cousas escondidas. O espelho só tinha forças de meia-noite até o primeiro cantar do galo. Quem se escondesse, e a princesa não descobrisse, casava com ela […]. O rapaz foi se oferecer para essa aventura. Na primeira noite […] disse: Valha-me o Rei dos Carneiros! […] - Monte nas minhas costas! – O rapaz montou e o carneiro largou-se correndo […]. Deitou o rapaz na gruta e encheu os arredores de carneiros, uns por cima dos outros, que ninguém via outra cousa afora carneiro. À meia-noite a moça puxou o espelho e procurou o rapaz […] e o espelho mostrou o rapaz deitado no chão, coberto de carneiros. […] O rapaz apelou para o peixe. Foi à beira-mar e chamou: Valha-me o Rei dos Peixes! […] O Rei dos Peixes mandou um tubarão engolir o rapaz e uma baleia engolir o tubarão e foi para o fundo do mar. Na meia-noite, a princesa foi consultar o espelho. […] descobriu onde o rapaz estava dormindo. […] a princesa ficou com pena dele e pediu ao rei para deixar o moço experimentar uma vez mais. O rapaz ficou contente e foi valer-se do Rei das Formigas. Esse ouviu a conversa toda e disse: - […] Eu vou virar você numa formiga [...] À meia-noite a princesa procurou o rapaz em toda parte, virou e mexeu, e nada de ver onde ele estava dormindo. Passouse a hora das forças do espelho encantado e ela não viu cousa alguma. Amanheceu o dia e o rapaz voltou a ser gente e veio perguntar onde tinha dormido. - Não sei onde você dormiu! Onde foi? - Não digo enquanto não me casar com você! Fizeram o casamento com muita festa e só depois de casado é que o moço disse onde tinha passado a sua última noite de solteiro.",D11 - Reconhecer os elementos que compõem uma narrativa e o conflito gerador.,A personagem principal dessa história é,d,7° ano,SPAECE,Avaliação paraná,"o rapaz.","['o carneiro.', 'o espelho.', 'o peixe.', 'o rapaz.\r']"
"Entusiasmos no primeiro dia de aulas na Orquestra Cidadã – Meninos
do Ipojuca","Esta terça-feira (16) foi o primeiro dia de aula na sede Orquestra Criança Cidadã –Meninos do Ipojuca, no distrito de Camela. A garotada compareceu com muita expectativa e entusiasmo à nova rotina diária. A programação conta com cursos de teoria musical e de instrumentos de cordas, reforço escolar, aulas de informática, além de atendimento psicológico e pedagógico e três refeições diárias [...]. O núcleo funcionará nos horários da manhã e da tarde de segunda a sexta-feira e aos sábados com o ensaio geral. O prédio [...] conta com 15 salas de aulas, miniauditório, telecentro, sala de acompanhamento pedagógico, sala para atendimento psicossocial, banheiros e refeitório. O coordenador pedagógico e maestro da Orquestra em Camela, Márcio Pereira, acredita que os alunos terão facilidade no aprendizado. “Estou muito feliz, além de ensinar a garotada, estou passando por um aprendizado, tenho a certeza que daqui sairão excelentes músicos, como o que acontece com os ‘Meninos do Coque’”, ressaltou Pereira. Ao final do ano, durante o ciclo natalino, a Orquestra Cidadã do Ipojuca pretende realizar um pequeno concerto na localidade.",D07 - Diferenciar a informação principal das secundárias em um texto.,A informação principal desse texto está no trecho,a,7° ano,SPAECE,Avaliação paraná,“Esta terça-feira (16) foi o primeiro dia de aula na sede Orquestra Criança Cidadã...”,"['“Esta terça-feira (16) foi o primeiro dia de aula na sede Orquestra Criança Cidadã...”', '“O núcleo funcionará nos horários da manhã e da tarde de segunda a sexta-feira...”. ', '“... Márcio Pereira, acredita que os alunos terão facilidade no aprendizado.”.', '“... a Orquestra Cidadã do Ipojuca pretende realizar um pequeno concerto....”. ']"
"A ideia é repassar para as mães assistidas pelo programa como cultivar uma horta saudável em
pequenos espaços","Parceria entre o programa Mãe Coruja do Ipojuca e Secretaria de Agricultura desenvolve, quinzenalmente, a ação do Horta no Quintal. A programação oferecida, desde o final do ano passado, tem o objetivo de estimular a produção de hortaliças para o consumo da família. O ninho Mãe Coruja do Ipojuca-sede recebeu, na tarde desta quinta-feira (10), mães e futuras mamães do Programa para entender o passo a passo do cultivo de hortaliças em casa. A didática foi repassada pelo técnico em Agropecuária da Secretaria de Agricultura, Antenor Gomes, que destacou o processo como fácil, prático e gratificante. “Basta usar o que temos ao nosso redor de material reciclável, como garrafa pet, baldes e caqueiras velhas. Materiais que causam danos ao meio ambiente se tornam aliados nessa atividade”, declarou Gomes. [...]",D07 - Diferenciar a informação principal das secundárias em um texto.,A informação principal do texto está em:,a,7° ano,SPAECE,Avaliação paraná,“Aprogramação oferecida [...] tem o objetivo de estimular a produção de hortaliças para o consumo da família.”. ,"['“Aprogramação oferecida [...] tem o objetivo de estimular a produção de hortaliças para o consumo da família.”. ', '“Adidática foi repassada pelo técnico em Agropecuária da Secretaria deAgricultura,Antenor Gomes,...”. ', '“‘Basta usar o que temos ao nosso redor de material reciclável,...’”.', '“‘Materiais que causam danos ao meio ambiente se tornam aliados...’”.']"
Praias onde vale a pena curtir o verão,"Está chegando o momento mais aguardado do ano. É quando os estudos dão uma trégua, o trabalho fica para depois e as únicas coisas importantes para fazer são curtir o sol, praticar esportes e aproveitar a paisagem. Para onde ir? Os 9.198 quilômetros do litoral brasileiro abrigam lugares paradisíacos, onde o banho de mar e a areia branquinha são uma tentação para quem passou 11 meses do ano vendo o mar a distância. Mas é preciso ser realista. Há pedaços da costa perdidos para as férias. “Em geral, a condição do litoral brasileiro é ruim para os banhos de mar”, confirma Luiz Roberto Tommasi, um dos maiores especialistas em poluição marinha do país, que há anos avalia as condições das praias. Diante da imensidão azul, pode parecer que o quadro não é assim tão grave. Afinal, o mar deveria diluir a sujeira toda deixada pelos turistas concentrados nesta época do ano. Mas o excesso de esgoto não se manifesta apenas pelo cheiro desagradável, a cor escura da água e o lixo generalizado. O esgoto mata o plâncton que produz o oxigênio e carrega bactérias nocivas e materiais que não são degradados. Entra na cadeia alimentar marinha e contamina os peixes. [...] A poluição das praias não é causada apenas pelo esgoto e a sujeira deixada pelos banhistas mal-educados. O petróleo que vaza dos navios, por exemplo, causa danos ecológicos que perduram durante anos. Mas é um problema localizado. A poluição mais grave do litoral brasileiro é provocada pelo saneamento deficiente. Apenas 4,8% da população das cidades costeiras é atendida pela rede de esgoto. As consequências na qualidade da água do mar são percebidas por meio de exames do nível de coliformes fecais. As medições periódicas indicam se a praia está contaminada por esgoto [...]. Muitos jornais costumam dar os resultados desses exames, principalmente no verão. Mas os interessados também podem acompanhar a situação de sua praia favorita pela internet [...].",D07 - Diferenciar a informação principal das secundárias em um texto.,Qual trecho apresenta a informação principal do texto?,d,7° ano,SPAECE,Avaliação paraná,"“‘Em geral, a condição do litoral brasileiro é ruim’...”.","['“Está chegando o momento mais aguardado do ano.”.', '“É quando os estudos dão uma trégua, o trabalho fica para depois...”. ', '“Os 9.198 quilômetros do litoral brasileiro abrigam lugares paradisíacos,...”.', '“‘Em geral, a condição do litoral brasileiro é ruim’...”.']"
Etapa Lindeiros dos Jogos de Aventura e Natureza inicia nesta sexta-feira,"Começa nesta sexta-feira (26) a Etapa Lindeiros dos Jogos de Aventura e Natureza do Paraná (Jans). A competição será disputada em sete municípios com 10 modalidades em disputa até domingo (28). Marechal Cândido Rondon, Pato Bragado, Entre Rios do Oeste, Guaíra, Mercedes, 5 Terra Roxa e Missal serão as sedes do evento, recebendo competições de vôlei de praia, [...] canoagem de velocidade, pesca, futevôlei, skate, [...] e o futebol das estrelas. Para o diretor de Inovação da Superintendência do Esporte, Tiago Campos, o retorno dos jogos representa mais do que a volta das competições esportivas. “Teremos muitas atrações como o campeonato de pesca e a canoagem de velocidade em Entre Rios do Oeste. 10 Vamos fomentar o turismo dos municípios com modalidades de terra, água e ar, mostrando as características dos Jogos de Aventura e Natureza”, disse. [...] JANS – A primeira edição dos Jans aconteceu em 2019 e se destacou por ser um projeto inovador que uniu a prática esportiva, o turismo e a natureza em um evento itinerante, que beneficiou a população paranaense esportivamente e economicamente. Os Jogos de 15 Aventura e Natureza são realizados pelo Governo do Paraná por meio da Superintendência Geral do Esporte, com o apoio dos municípios-sede.",D07 - Diferenciar a informação principal das secundárias em um texto.,A informação principal desse texto está no trecho:,a,7° ano,SPAECE,Avaliação paraná,“Começa nesta sexta-feira (26) a Etapa Lindeiros dos Jogos de Aventura e Natureza do Paraná...”.,"['“Começa nesta sexta-feira (26) a Etapa Lindeiros dos Jogos de Aventura e Natureza do Paraná...”.', 'Marechal Cândido Rondon, Pato Bragado, Entre Rios do Oeste, Guaíra, Mercedes, Terra Roxa e Missal serão as sedes do evento...”.', '“‘Teremos muitas atrações como o campeonato de pesca e a canoagem de velocidade em Entre Rios do Oeste.’”. ', '“A primeira edição dos Jans aconteceu em 2019 e se destacou por ser um projeto inovador que uniu a prática esportiva, o turismo e a natureza...”. ']"
Unidos no desejo por um futuro melhor – É possível,"Com a proposta de [...] construir novas relações partindo de ideias de sustentabilidade, desenvolvendo novas narrativas para a humanidade se reconectar à teia da vida, os escritores e ativistas ambientais André Carvalhal, Fe Cortez, Giovanna Nader e Yamê Reis se reúnem para lançar seus respectivos livros numa ação conjunta no dia 11 de dezembro, às 14h, nos jardins do Museu da República durante a edição da Junta Local [...]. Lançados [...] de forma não-presencial, os títulos [...] terão sua primeira sessão de autógrafos. [...] Para André Carvalhal, que lançou seu livro no início deste ano e já está na segunda impressão, é primordial acontecer este encontro. “O ritual de lançamento de um livro é algo muito importante. Não só porque marca a sua chegada no mercado, mas também porque é o momento de celebrar com as pessoas que fizeram parte e estar perto das pessoas que são o motivo do livro existir: os leitores. [...]”, comemora. [...] Giovanna Nader afirma que está emocionada com o fato de lançar o livro entre amigos [...]. “Lançar meu livro com grandes amigos e autores de livros [...] é muito emocionante. [...] Feliz em fazer isso com toda essa gente”, finaliza.",D07 - Diferenciar a informação principal das secundárias em um texto.,A informação principal desse texto está no trecho:,b,7° ano,SPAECE,Avaliação paraná,"“... os escritores e ativistas ambientais André Carvalhal, Fe Cortez, Giovanna Nader e Yamê Reis se reúnem para lançar seus respectivos livros numa ação conjunta...”. ","['“... construir novas relações partindo de ideias de sustentabilidade, desenvolvendo novas narrativas para a humanidade...”. ', '“... os escritores e ativistas ambientais André Carvalhal, Fe Cortez, Giovanna Nader e Yamê Reis se reúnem para lançar seus respectivos livros numa ação conjunta...”. ', '“... terão sua primeira sessão de autógrafos.”.', '“... lançou seu livro no início deste ano e já está na segunda impressão...”.']"
O clima está esquentando!,"Você sabe o que é uma estufa? É uma caixa ou casinha de vidro usada por jardineiros e botânicos1 , onde se criam plantas que precisam de bastante calor para crescer. O vidro permite que o sol aqueça o ar dentro da estufa, que, por ser fechada, mantém esse calor. Mas, e se o planeta inteiro ficasse preso dentro de uma estufa? Na verdade, isso já acontece. [...] O problema é o tão falado aquecimento global, provocado pelo aumento exagerado do efeito estufa. [...] O resultado não é só um calorzinho: o desequilíbrio do clima provoca o aumento de tempestades, seca em algumas regiões e enchentes em outras. [...] E como cada um de nós pode colaborar para evitar as mudanças climáticas provocadas pelo aquecimento global? A preocupação com o ambiente está ligada a hábitos simples, como produzir menos lixo, usar menos o carro (que tal um passeio de bicicleta?) e reciclar materiais, porque tudo consome energia de alguma maneira para ser fabricado. Evitar o desperdício de água doce também é importante, pois ela tende a ficar mais escassa com a mudança do clima. O futuro depende de novas atitudes de todos.",D07 - Diferenciar a informação principal das secundárias em um texto.,Qual a informação principal desse texto?,c,7° ano,SPAECE,Avaliação paraná,"Os fatores que levam ao aquecimento global.","['A importância de andar mais de bicicleta.', 'A necessidade de preservação da água doce.\r', 'Os fatores que levam ao aquecimento global.\r', 'Os governantes que elaboraram um tratado.']"
A origem do sorvete,"Para se refrescar do calor, os persas tomavam um sumo de frutas bem doce e gelado. Os egípcios também fabricavam os seus gelados há 3 mil anos, enquanto os árabes misturavam sumo de fruta com gelo. Na China, o leite era uma mercadoria cara. Por isso, a sobremesa predileta da nobreza era uma pasta, feita de leite e arroz, que era colocada na neve para solidificar. O principal problema era armazenar neve para o verão em rudimentares câmaras frigoríficas subterrâneas, com grossas paredes de pedra. Na Idade Média, quando os chineses já faziam gelados, adicionando a neve ao leite, Marco Polo (1254-1324), o explorador veneziano, levou o gelado para a Itália. Dali, os famosos sumos de fruta congelados alcançaram a França e logo depois o resto do mundo. No século XVI, o italiano Bernardo Buontalenti inventou o gelado à base de leite, mais macio e nutritivo. Na primeira metade do século seguinte, um outro italiano, Procópio Coltelli, criou a máquina de fazer gelados.",D07 - Diferenciar a informação principal das secundárias em um texto.,Qual é a informação principal desse texto?,c,7° ano,SPAECE,Avaliação paraná,A origem do sorvete no mundo.,"['A criação da máquina de fazer gelados.', 'A importação de produtos chineses.', 'A origem do sorvete no mundo.', 'A sobremesa predileta da nobreza.']"
Empresa traz peixe fresco a Curitiba e gera renda extra para pescadores artesanais,"Foi durante a faculdade que o estudante de oceanografia da Universidade Federal do Paraná, Bryan Muller, 30, percebeu as dificuldades enfrentadas no dia a dia pelos pescadores artesanais em Matinhos e Pontal do Paraná. O gargalo principal está na comercialização dos pescados: como conseguir que os atravessadores paguem um preço justo aos pescadores? “Os pequenos pescadores não têm estrutura para estocar grandes quantidades de pescado e não têm acesso a canais de venda direta, por isso sempre dependeram dos atravessadores”, explica Muller. [...] Em setembro de 2018, a situação [...] desses produtores levou o estudante a criar a Olha o Peixe!, uma empresa com um olho no negócio e outro no impacto sobre pessoas e meio ambiente. Ao vender seus produtos para a Olha o Peixe!, os pescadores recebem valores bem acima dos praticados pelo mercado. Segundo Bryan, em alguns casos, a renda mensal dos pescadores aumentou em até 200%. Do preço para o consumidor final, 60% do dinheiro vai para o pescador, o restante para a empresa. [...] “A importância do projeto é também criar uma nova cultura entre os consumidores e fazer um contraponto à enorme indústria de tilápia e salmão”, diz Bryan. A zootecnista, Regina Nicodemo Cândido, 57, virou cliente assídua no final do ano passado. “Acho legal apoiar os pescadores. De longe não podemos fazer muita coisa, mas pequenos gestos podem fazer a diferença”, avalia. [...]",D06 - Distinguir fato de opinião relativa ao fato.,"Nesse texto, há uma opinião no trecho:",d,7° ano,SPAECE,Avaliação paraná," “‘Acho legal apoiar os pescadores. De longe não podemos fazer muita coisa, mas pequenos gestos podem fazer a diferença’,...”.","['“... Bryan Muller [...] percebeu as dificuldades enfrentadas no dia a dia pelos pescadores artesanais...”.', '“‘Os pequenos pescadores não têm estrutura para estocar grandes quantidades de pescado e não têm acesso a canais de venda direta,...’”.', '“... a situação [...] desses produtores levou o estudante a criar a Olha o Peixe!,...”.', ' “‘Acho legal apoiar os pescadores. De longe não podemos fazer muita coisa, mas pequenos gestos podem fazer a diferença’,...”.']"
Clifford: O Gigante Cão Vermelho é lançado no Brasil,"Atingindo em cheio a nostalgia dos fãs, Clifford: O Gigante Cão Vermelho acaba de estrear nos cinemas brasileiros. O filme mistura comédia e aventura em uma trama para toda a família, baseada na série de livros infantis de Norman Bridwell. Com Clifford, crianças e adultos podem se divertir, dar muitas risadas e, é claro, se emocionar. [...] Clifford: O Gigante Cão Vermelho acompanha a história de Emily, uma garota de 12 anos que ganha um cachorrinho vermelho de um mágico criador de animais. O que a protagonista não esperava era que, no dia seguinte, cãozinho vermelho se tornaria um gigante de três metros – tudo isso dentro de um pequeno apartamento em Nova York. Como a mãe de Emily está em uma viagem de negócios, a garota conta com a ajuda do atrapalhado Tio Casey em uma aventura divertida pelas ruas da cidade. [...]",D06 - Distinguir fato de opinião relativa ao fato.,"No texto, há uma opinião no trecho:",d,7° ano,SPAECE,Avaliação paraná,“... em uma aventura divertida pelas ruas da cidade.”.,"[' “... acompanha a história de Emily,...”', '“... ganha um cachorrinho vermelho...”.', '“... a mãe de Emily está em uma viagem de negócios...”.', '“... em uma aventura divertida pelas ruas da cidade.”.']"
-,"Olá, revista CHC. Tenho 11 anos e estudo na escola Marechal Floriano. Eu estava lendo uma das duas matérias, ela se chama Chá de sumiço e fala que as pessoas estão destruindo as florestas e fazendo os animais entrarem em extinção. Eu gostei da matéria, pois ela serve de aviso para algumas pessoas. Até mais!",D06 - Distinguir fato de opinião relativa ao fato.,"Nesse texto, o trecho que apresenta uma opinião é:",d,7° ano,SPAECE,Avaliação paraná,"“Eu gostei da matéria, pois ela serve de aviso...”.","['“... estudo na escola Marechal Floriano.”', '“Eu estava lendo uma das duas matérias,...”', '“... fala que as pessoas estão destruindo as florestas...”.', '“Eu gostei da matéria, pois ela serve de aviso...”.\r']"
Esquadrão trovão,Flora Oliveira Ontem à noite vi o filme chamado Thunderforce1 [...]. A duração do filme é de uma hora e 47 minutos. As duas atrizes no filme são Melissa McCarthy e Octavia Spencer. O filme é uma comédia muito engraçada. É sobre as duas atrizes tentando salvar a sua cidade de nascimento. Thunderforce é um filme perfeito para famílias porque além de ser engraçado tem um pouco de tudo. [...],D06 - Distinguir fato de opinião relativa ao fato.,"Nesse texto, há um fato no trecho:",a,7° ano,SPAECE,Avaliação paraná,“... à noite vi o filme chamado Thunderforce...”.,"['“... à noite vi o filme chamado Thunderforce...”.', '“O filme é uma comédia muito engraçada.”.', '“Thunderforce é um filme perfeito para famílias...”.', '“... além de ser engraçado tem um pouco de tudo.”.']"
Água cidadã,"A gente tem um monte de direitos, os animais também têm, mas e a água, será que ela tem direitos também? Tem sim, e graças à ONU! A Organização das Nações Unidas criou um documento chamado Declaração Universal dos Direitos da Água! Ele tem 10 parágrafos, todos explicando como ela é importante para o nosso planeta! O primeiro item diz, logo de cara, que a água é patrimônio do planeta, e que cada povo e cada nação são responsáveis por ela! Já o parágrafo 7 diz claramente que a água não deve ser desperdiçada, nem poluída e nem envenenada! Puxa, seria legal se todo mundo respeitasse essa declaração, né?",D06 - Distinguir fato de opinião relativa ao fato.,O trecho desse texto que apresenta uma opinião do autor é:,d,7° ano,SPAECE,Avaliação paraná,"“Puxa, seria legal se todo mundo respeitasse essa declaração, né?”.","[' “A gente tem um monte de direitos, os animais também têm,...”.', '“A Organização das Nações Unidas criou um documento...”. \r', '“O primeiro item diz, logo de cara, que a água é patrimônio do planeta,...”.', '“Puxa, seria legal se todo mundo respeitasse essa declaração, né?”.']"
De bem com a vida,"Filó, a joaninha, acordou cedo. – Que lindo dia! Vou aproveitar para visitar minha tia. [...] Filó colocou seu vestido amarelo de bolinhas pretas, passou batom cor-de-rosa, calçou os sapatinhos de verniz, pegou o guarda-chuva preto e saiu pela floresta: plecht, plecht... Andou, andou... e logo encontrou Loreta, a borboleta. – Que lindo dia! – E pra que esse guarda-chuva preto, Filó? – É mesmo! – pensou a joaninha. E foi para casa deixar o guardachuva. De volta à floresta: – Sapatinhos de verniz? Que exagero! – disse o sapo Tatá. Hoje nem tem festa na floresta. – É mesmo! – pensou a joaninha. E foi para casa trocar os sapatinhos. De volta à floresta: – Batom cor-de-rosa? Que esquisito! – disse Téo, o grilo falante. – É mesmo! – disse a joaninha. E foi para casa tirar o batom. – Vestido amarelo com bolinhas pretas? Que feio! Por que não usa o vermelho? – disse a aranha Filomena. – É mesmo! – pensou Filó. E foi para casa trocar de vestido. Cansada de tanto ir e voltar, Filó resmungava pelo caminho. O Sol estava tão quente que a joaninha resolveu desistir do passeio. Chegando em casa, ligou para tia Matilde. – Titia, vou deixar a visita para outro dia. – O que aconteceu, Filó? – Ah! Tia Matilde! Acordei cedo, me arrumei bem bonita e saí andando pela floresta. Mas no caminho... – Lembre-se, Filozinha... gosto de você do jeitinho que você é. Venha amanhã, estarei te esperando com um almoço bem gostoso. No dia seguinte, Filó acordou de bem com a vida. Colocou seu vestido amarelo de bolinhas pretas, amarrou a fita na cabeça, passou batom cor-de-rosa, calçou seus sapatinhos de verniz, pegou o guardachuva preto, saiu andando apressadinha pela floresta, plecht, plecht, plecht... e só parou para descansar no colo gostoso da tia Matilde.",D06 - Distinguir fato de opinião relativa ao fato.,"O trecho desse texto que apresenta uma opinião é:",a,7° ano,SPAECE,Avaliação paraná,“– Batom cor-de-rosa? Que esquisito!”. ,"['“– Batom cor-de-rosa? Que esquisito!”. ', '“E foi para casa trocar de vestido.”.', '“... Filó resmungava pelo caminho.”', '“Venha amanhã, estarei te esperando...”']"
"A ideia é repassar para as mães assistidas pelo programa como cultivar uma horta saudável em
pequenos espaços
","Parceria entre o programa Mãe Coruja do Ipojuca e Secretaria de Agricultura desenvolve, quinzenalmente, a ação do Horta no Quintal. A programação oferecida, desde o final do ano passado, tem o objetivo de estimular a produção de hortaliças para o consumo da família. O ninho Mãe Coruja do Ipojuca-sede recebeu, na tarde desta quinta-feira (10), mães e futuras mamães do Programa para entender o passo a passo do cultivo de hortaliças em casa. A didática foi repassada pelo técnico em Agropecuária da Secretaria de Agricultura, Antenor Gomes, que destacou o processo como fácil, prático e gratificante. “Basta usar o que temos ao nosso redor de material reciclável, como garrafa pet, baldes e caqueiras velhas. Materiais que causam danos ao meio ambiente se tornam aliados nessa atividade”, declarou Gomes. [...]",D06 - Distinguir fato de opinião relativa ao fato.,"No texto, há uma opinião no trecho:",c,7° ano,SPAECE,Avaliação paraná,"“... Antenor Gomes, que destacou o processo como fácil, prático e gratificante.”. ","['“Parceria entre o programa Mãe Coruja do Ipojuca e Secretaria de Agricultura desenvolve,...”.', '“A programação oferecida, desde o final do ano passado, tem o objetivo de estimular...”.', '“... Antenor Gomes, que destacou o processo como fácil, prático e gratificante.”. ', '“‘Basta usar o que temos ao nosso redor de material reciclável,... ’”.']"
Praias onde vale a pena curtir o verão,"Está chegando o momento mais aguardado do ano. É quando os estudos dão uma trégua, o trabalho fica para depois e as únicas coisas importantes para fazer são curtir o sol, praticar esportes e aproveitar a paisagem. Para onde ir? Os 9.198 quilômetros do litoral brasileiro abrigam lugares paradisíacos, onde o banho de mar e a areia branquinha são uma tentação para quem passou 11 meses do ano vendo o mar a distância. Mas é preciso ser realista. Há pedaços da costa perdidos para as férias. “Em geral, a condição do litoral brasileiro é ruim para os banhos de mar”, confirma Luiz Roberto Tommasi, um dos maiores especialistas em poluição marinha do país, que há anos avalia as condições das praias. Diante da imensidão azul, pode parecer que o quadro não é assim tão grave. Afinal, o mar deveria diluir a sujeira toda deixada pelos turistas concentrados nesta época do ano. Mas o excesso de esgoto não se manifesta apenas pelo cheiro desagradável, a cor escura da água e o lixo generalizado. O esgoto mata o plâncton que produz o oxigênio e carrega bactérias nocivas e materiais que não são degradados. Entra na cadeia alimentar marinha e contamina os peixes. [...] A poluição das praias não é causada apenas pelo esgoto e a sujeira deixada pelos banhistas mal-educados. O petróleo que vaza dos navios, por exemplo, causa danos ecológicos que perduram durante anos. Mas é um problema localizado. A poluição mais grave do litoral brasileiro é provocada pelo saneamento deficiente. Apenas 4,8% da população das cidades costeiras é atendida pela rede de esgoto. As consequências na qualidade da água do mar são percebidas por meio de exames do nível de coliformes fecais. As medições periódicas indicam se a praia está contaminada por esgoto [...]. Muitos jornais costumam dar os resultados desses exames, principalmente no verão. Mas os interessados também podem acompanhar a situação de sua praia favorita pela internet [...].",D06 - Distinguir fato de opinião relativa ao fato.,O texto apresenta uma opinião no trecho:,a,7° ano,SPAECE,Avaliação paraná,"“... as únicas coisas importantes para fazer são curtir o sol, praticar esportes e aproveitar a paisagem.”","['“... as únicas coisas importantes para fazer são curtir o sol, praticar esportes e aproveitar a paisagem.”', '“... o mar deveria diluir a sujeira toda deixada pelos turistas concentrados nesta época do ano.”.', '“A poluição mais grave do litoral brasileiro é provocada pelo saneamento deficiente.”.', '“Muitos jornais costumam dar os resultados desses exames, principalmente no verão.”. ']"
“Como será?” recebe o cantor Lenine para falar de música e sustentabilidade,"Na véspera do Dia das Crianças, Sandra Annenberg recebe no estúdio um palhaço, ao lado de quem – em meio a muita mágica, malabarismo, equilibrismo e piadas – vai chamar o quadro Hoje É Dia de... Circo. Em homenagem aos pequenos, o apresentador Alexandre Henderson reúne as mais diversas curiosidades sobre o mundo do picadeiro. Enquanto um neurologista explica o que acontece no cérebro humano quando assistimos aos números mais emocionantes e engraçados, a Intrépida Trupe mostra todas as inovações na arte circense e o Projeto Circo Social prova como ela é capaz de mudar vidas. [...] No estúdio, o cantor e compositor Lenine fala sobre seus Encontros Socioambientais – Música e Sustentabilidade numa Nota Só, ação inédita que visitou 12 projetos pelo Brasil. “– A arte é um instrumento de aproximação poderoso por uma sociedade mais justa. Gosto de acreditar que a minha música vai além do que meramente canto” –, afirma. Lenine, botânico autodidata, vai ainda contar sobre sua paixão por orquídeas e tocar um de seus grandes sucessos no encerramento do programa. Uma das iniciativas visitadas pela turnê, o Mantas do Brasil (em Santos, SP), focado na preservação e na pesquisa científica da raia manta gigante, ganha destaque. [...]",D05 - Identificar o tema ou assunto de um texto.,"Qual é o assunto desse texto?",d,7° ano,SPAECE,Avaliação paraná,As atrações de um programa de TV.,"['A carreira musical do cantor Lenine.\r', 'A comemoração do Dia das Crianças', ' As ações de preservação da natureza', 'As atrações de um programa de TV.']"
"Afinal, no espaço faz frio ou calor?
","Normalmente, as temperaturas de ventos solares e nuvens de gases interestelares costumam assustar, pois chegam à casa de milhares de graus Celsius – e às vezes, milhões! Em contrapartida, a radiação cósmica de fundo tem uma temperatura estimada de -270 ºC. Portanto, se tivéssemos termômetros espalhados pelo espaço sideral, como temos nas grandes avenidas do nosso país, eles registrariam temperaturas que estão entre esses dois intervalos extremos, dependendo da região. Com exceção de nuvens muito densas e próximas às estrelas, a maior parte dos gases no espaço é rarefeito demais para chegar a aquecer qualquer coisa: não existem moléculas o suficiente para que elas se agitem e acabem transferindo calor para outros corpos. Mesmo os ventos solares não são quentes como pensamos: eles atingem espaçonaves com partículas ionizadas e carregadas de energia (calor), mas a taxa de colisão é um quadrilhão de vezes menor do que a de moléculas de gases na atmosfera da Terra. Sendo assim, a radiação acaba sendo o único mecanismo de transferência de calor no espaço. [...]",D05 - Identificar o tema ou assunto de um texto.,Qual é o assunto desse texto?,b,7° ano,SPAECE,Avaliação paraná,A temperatura no espaço.,"['A radiação no espaço.\r', 'A temperatura no espaço.', 'As espaçonaves atingidas por ventos no espaço.', 'Os equipamentos espalhados pelo espaço.']"
Eleição para prefeitura é decidida no cara ou coroa nas Filipinas,"Autoridades eleitorais das Filipinas desempataram no cara ou coroa um raro empate em uma eleição para prefeito nesta sexta-feira (17). Sue Cudilla foi proclamada nova prefeita da cidade de Araceli, na província de Palawan, após vencer um lance de moedas melhor de três. Ela escolheu coroa e venceu Noel Beronio. Ambos receberam 3.495 votos na eleição, realizada na segunda-feira (13). Eles concordaram desempatar na moeda, embora a legislação previsse o desempate através do sorteio com papéis tirados de uma urna.",D05 - Identificar o tema ou assunto de um texto., Qual é o tema desse texto?,b,7° ano,SPAECE,Avaliação paraná,A forma de desempate de uma eleição nas Filipinas.,"['A diferente legislação da província de Palawan.\r', 'A forma de desempate de uma eleição nas Filipinas.', 'A função das autoridades eleitorais das Filipinas.', 'A quantidade de eleitores da cidade de Araceli.']"
A Viagem,"Um dia eu acordei com alguém me chamando. Eram João e Maria, me dando chocolates, caramelos e sonhos da casa de doces da bruxa. Pouco depois, Pinóquio me apresentou Gepeto. Os três porquinhos me mostraram pelos do lobo. Nesse momento, acordei e vi que estava no meu quarto. Um livro de capa verde no chão me lembrou que estava lendo contos de fada. Mas me senti como se tivesse sido teletransportado. Foi uma viagem inesquecível. Venha fazê­la comigo!",D05 - Identificar o tema ou assunto de um texto.,O assunto desse texto é,d,7° ano,SPAECE,Avaliação paraná,uma viagem ao mundo da leitura.,"['uma visita à doceria.', 'o despertar dos personagens.', 'o teletransporte de João e Maria', 'uma viagem ao mundo da leitura.']"
"Lili, uma Cocker Companheira","“Dim­dom!” – Oba! Temos visitas! – disse a minha dona. Eu sou a cachorrinha Lili, e sou uma Cocker. Eu gosto quando chegam visitas aqui em casa. Faço amizades com muita facilidade, mas sem ficar pulando ou pedindo carinho para os visitantes. Bom, a não ser que eles me convidem para fazer isso. Na verdade, sou muito alegre, gosto de brincar e de dar longos passeios. Tenho bastante energia para essas coisas. Mas também sou flexível. Posso simplesmente ser uma companheira tranquila ao lado da minha dona. Vai depender do que ela quiser que eu faça no momento. Há algo importante que você precisa saber sobre mim. Minhas orelhas compridas abafam os ouvidos, assim eles acumulam mais cera, umidade e sujeira. Por isso, você precisa limpar meus ouvidos com algodão umedecido em óleo de amêndoa. Depois, é só retirar o excesso com algodão seco. Sou bem gulosa e, se minha dona não me controlar, como um montão. Por falar em comida, já me deu uma fominha! Desculpa aí, pessoal, mas vou ver se já está na hora da minha ração. Tchauzinho!",D05 - Identificar o tema ou assunto de um texto.,"O tema desse texto é",a,7° ano,SPAECE,Avaliação paraná,o comportamento da cachorrinha Lili.,"['o comportamento da cachorrinha Lili.', 'o cuidado que se deve ter com uma Cocker.', 'a característica física de uma cachorrinha.', 'a alegria da cachorrinha ao receber visitas.']"
Água cidadã,"A gente tem um monte de direitos, os animais também têm, mas e a água, será que ela tem direitos também? Tem sim, e graças à ONU! A Organização das Nações Unidas criou um documento chamado Declaração Universal dos Direitos da Água! Ele tem 10 parágrafos, todos explicando como ela é importante para o nosso planeta! O primeiro item diz, logo de cara, que a água é patrimônio do planeta, e que cada povo e cada nação são responsáveis por ela! Já o parágrafo 7 diz claramente que a água não deve ser desperdiçada, nem poluída e nem envenenada! Puxa, seria legal se todo mundo respeitasse essa declaração, né?",D05 - Identificar o tema ou assunto de um texto.,O assunto desse texto é ,a,7° ano,SPAECE,Avaliação paraná,"a Declaração Universal dos Direitos da Água.","['a Declaração Universal dos Direitos da Água.\r', 'a Organização das Nações Unidas', 'o direito do cidadão.', 'o respeito aos animais.']"
Dinossauros no shopping,"Passear pelo shopping pode ser divertido, principalmente num dia de chuva, em que não dá para brincar lá fora. Encontramos cinemas com filmes bacanas, lanches gostosos, dinossauros… Opa! Achou estranho? Pois saiba que a exposição Era T-Rex levou um monte de parentes meus para shoppings em Niterói e São Paulo. A aventura começa com um filme 5D, tecnologia que une os movimentos do cinema 3D com cheiros, ventania e até esguichos de água para contar a história de um filhote de Tyranosaurus rex que se perde da mãe. Depois, o passeio continua com uma visita a réplicas de diversas espécies que se mexem de verdade, emitem sons e têm tamanho real. Quem visitar a exposição vai ver uma fêmea maiassaura cuidando de seu filhote, um apatossauro com 22 metros de comprimento e até tocar o angaturama, um dinossauro que viveu aqui no Brasil. A viagem no tempo não para por aí. No final, você vai encontrar um tanque de areia cheio de fósseis para descobrir. Eu e Diná já fomos correndo visitar nossos parentes e, apesar de sentirmos falta de algumas espécies, adoramos. Se você mora em São Paulo e quer conhecer a exposição, é preciso correr: ela só fica por lá até 29 de julho. Já em Niterói, ela vai até outubro.",D05 - Identificar o tema ou assunto de um texto.,Qual é o tema desse texto?,a,7° ano,SPAECE,Avaliação paraná,A exposição Era T-Rex nos shoppings em Niterói e São Paulo.,"['A exposição Era T-Rex nos shoppings em Niterói e São Paulo.', 'A tecnologia 5D utilizada nos cinemas e exposições.', 'As atividades nos passeios pelo shopping em dia de chuva.', 'As espécies de dinossauros que viveram no Brasil.']"
-,"As festas juninas são celebradas ao longo do mês de junho. Sua origem foram as festas pagãs, com fogueiras e queimas de fogos [...]. Elas começaram nos campos e plantações originando os trajes típicos de caipiras e sinhazinhas, com casamento de roça, discurso do padrinho, as capelinhas decoradas, etc. Com o passar do tempo, as festividades foram tomando um cunho religioso. Pela tradição, a festa junina consiste em celebrar os bons resultados da colheita [...]. As festas juninas estão enraizadas de arte popular com suas influências próprias das regiões, cheias de pureza, ingenuidade, poesia e inspiração. [...]",D05 - Identificar o tema ou assunto de um texto.,Qual é o assunto desse texto?,c,7° ano,SPAECE,Avaliação paraná,A origem das festas juninas.,"['A importância das fogueiras.', 'A necessidade da boa colheita. ', 'A origem das festas juninas.', 'A preparação para o casamento.']"
Confusões do Seu José,"Seu José foi ao mercado comprar pra semana inteira pegou de tudo um pouco até uma enorme pereira Sem pensar como pagar continuou a gastança abacaxi, melancia e morango não era hora de fazer poupança Chegou na fila do caixa já meio de cabeça baixa não sabia onde estava o dinheiro teria esquecido no banheiro? Procurou por todo lado remexeu daqui e dali do bolso saiu tanta coisa pandeiro, alicate e jabuti Mas onde estava o dinheiro isso todos queriam saber de repente ele lembrou assim meio sem querer Deu um sorriso amarelo e levantou o boné sabia que tinha o dinheiro [...] O que ninguém esperava foi o que se viu então tinha 10 notas dobradas somando quase um milhão [...] Foi logo explicando o José O melhor é se prevenir Guardar na careca ou no pé.",D03 - Inferir o sentido da palavra ou expressão.,"No trecho “Deu um sorriso amarelo” a expressão ""sorriso amarelo"" indica que o homem sorriu",b,7° ano,SPAECE,Avaliação paraná,sem graça.,"['sem motivo.', 'sem graça.', 'debochado.', 'aberto.']"
"Lili, uma Cocker Companheira","“Dim­dom!” – Oba! Temos visitas! – disse a minha dona. Eu sou a cachorrinha Lili, e sou uma Cocker. Eu gosto quando chegam visitas aqui em casa. Faço amizades com muita facilidade, mas sem ficar pulando ou pedindo carinho para os visitantes. Bom, a não ser que eles me convidem para fazer isso. Na verdade, sou muito alegre, gosto de brincar e de dar longos passeios. Tenho bastante energia para essas coisas. Mas também sou flexível. Posso simplesmente ser uma companheira tranquila ao lado da minha dona. Vai depender do que ela quiser que eu faça no momento. Há algo importante que você precisa saber sobre mim. Minhas orelhas compridas abafam os ouvidos, assim eles acumulam mais cera, umidade e sujeira. Por isso, você precisa limpar meus ouvidos com algodão umedecido em óleo de amêndoa. Depois, é só retirar o excesso com algodão seco. Sou bem gulosa e, se minha dona não me controlar, como um montão. Por falar em comida, já me deu uma fominha! Desculpa aí, pessoal, mas vou ver se já está na hora da minha ração. Tchauzinho!",D01 - Localizar informação explícita.,"Nesse texto, segundo a cachorrinha Lili, é importante saber que ela",d,7° ano,SPAECE,Avaliação paraná,tem orelhas compridas que abafam os ouvidos.,"['faz amizade com facilidade.', 'pode ser uma companheira tranquila.\r', 'gosta quando chegam visitas em casa.', 'tem orelhas compridas que abafam os ouvidos.']"
Tartaruga,"Quem pensa que sabe tudo sobre tartarugas está muito enganado! Apesar de muita gente saber que elas têm o corpo dentro de uma carapaça que as protegem, ainda há muito mais para aprender. A carapaça que protege as tartarugas é uma espécie de “casa”. Quando dormem ou quando têm medo, conseguem esconder dentro da carapaça, ao mesmo tempo, a cabeça, os membros e a cauda, o que é um ótimo meio de defesa. [...] As tartarugas em geral e as marinhas em especial formam um grupo antigo. Apareceram milhões de anos antes dos primeiros seres humanos pisarem a Terra. São quase uns “dinossauros”! Mesmo as tartarugas marinhas têm pulmões e para respirar precisam de vir fora da água. Mas por serem répteis têm uma coisa chamada “brânquia cloacal” que as ajudam a manter­se muito tempo debaixo da água. [...] Sabia que as tartarugas podem chegar aos 150 anos? Por isso é que existe a lenda de que os piratas desenhavam os mapas dos tesouros nas suas carapaças. Elas estavam mesmo ali à mão: os piratas tinham os seus esconderijos ao pé das Caraíbas e na Ásia, precisamente onde as tartarugas passam mais tempo.",D01 - Localizar informação explícita.,"De acordo com o texto, as tartarugas marinhas",c,7° ano,SPAECE,Avaliação paraná,podem viver por até 150 anos.,"['eram dinossauros.', 'respiram dentro da água.', 'podem viver por até 150 anos.', 'foram animais de estimação dos piratas.']"
“Como será?” recebe o cantor Lenine para falar de música e sustentabilidade,"Na véspera do Dia das Crianças, Sandra Annenberg recebe no estúdio um palhaço, ao lado de quem – em meio a muita mágica, malabarismo, equilibrismo e piadas – vai chamar o quadro Hoje É Dia de... Circo. Em homenagem aos pequenos, o apresentador Alexandre Henderson reúne as mais diversas curiosidades sobre o mundo do picadeiro. Enquanto um neurologista explica o que acontece no cérebro humano quando assistimos aos números mais emocionantes e engraçados, a Intrépida Trupe mostra todas as inovações na arte circense e o Projeto Circo Social prova como ela é capaz de mudar vidas. [...] No estúdio, o cantor e compositor Lenine fala sobre seus Encontros Socioambientais – Música e Sustentabilidade numa Nota Só, ação inédita que visitou 12 projetos pelo Brasil. “– A arte é um instrumento de aproximação poderoso por uma sociedade mais justa. Gosto de acreditar que a minha música vai além do que meramente canto” –, afirma. Lenine, botânico autodidata, vai ainda contar sobre sua paixão por orquídeas e tocar um de seus grandes sucessos no encerramento do programa. Uma das iniciativas visitadas pela turnê, o Mantas do Brasil (em Santos, SP), focado na preservação e na pesquisa científica da raia manta gigante, ganha destaque. [...]",D01 - Localizar informação explícita.,"De acordo com esse texto, o cantor Lenine tem uma paixão",b,7° ano,SPAECE,Avaliação paraná,pelo malabarismo.,"['pelo circo.', 'pelo malabarismo.', 'por orquídeas.', 'por piadas.']"
-,"As festas juninas são celebradas ao longo do mês de junho. Sua origem foram as festas pagãs, com fogueiras e queimas de fogos [...]. Elas começaram nos campos e plantações originando os trajes típicos de caipiras e sinhazinhas, com casamento de roça, discurso do padrinho, as capelinhas decoradas, etc. Com o passar do tempo, as festividades foram tomando um cunho religioso. Pela tradição, a festa junina consiste em celebrar os bons resultados da colheita [...]. As festas juninas estão enraizadas de arte popular com suas influências próprias das regiões, cheias de pureza, ingenuidade, poesia e inspiração. [...]",D01 - Localizar informação explícita.,"De acordo com esse texto, pela tradição, a festa junina consiste em",a,7° ano,SPAECE,Avaliação paraná,celebrar a boa colheita. ,"['celebrar a boa colheita. ', 'fazer uma fogueira.', 'influenciar a arte das regiões.', 'vestir roupas típicas de caipira.']"
"Entusiasmos no primeiro dia de aulas na Orquestra Cidadã – Meninos
do Ipojuca","Esta terça-feira (16) foi o primeiro dia de aula na sede Orquestra Criança Cidadã –Meninos do Ipojuca, no distrito de Camela. A garotada compareceu com muita expectativa e entusiasmo à nova rotina diária. A programação conta com cursos de teoria musical e de instrumentos de cordas, reforço escolar, aulas de informática, além de atendimento psicológico e pedagógico e três refeições diárias [...]. O núcleo funcionará nos horários da manhã e da tarde de segunda a sexta-feira e aos sábados com o ensaio geral. O prédio [...] conta com 15 salas de aulas, miniauditório, telecentro, sala de acompanhamento pedagógico, sala para atendimento psicossocial, banheiros e refeitório. O coordenador pedagógico e maestro da Orquestra em Camela, Márcio Pereira, acredita que os alunos terão facilidade no aprendizado. “Estou muito feliz, além de ensinar a garotada, estou passando por um aprendizado, tenho a certeza que daqui sairão excelentes músicos, como o que acontece com os ‘Meninos do Coque’”, ressaltou Pereira. Ao final do ano, durante o ciclo natalino, a Orquestra Cidadã do Ipojuca pretende realizar um pequeno concerto na localidade.",D01 - Localizar informação explícita.,"De acordo com esse texto, o núcleo funcionará aos sábados com ",c,7° ano,SPAECE,Avaliação paraná,ensaio geral.,"['aulas de informática.', 'cursos de música.\r', 'ensaio geral.', 'reforço escolar.']"
