titulo_do_texto,texto,descritor,comando,resposta_item,resposta,opcoes,ano,tipo,origem
Entenda como se forma um arco-íris!,"O arco colorido surge quando os raios de luz do Sol passam através das gotinhas de água que ficam suspensas no ar. A luz solar parece branca, mas é formada por muitas cores. Ao passar pelas gotinhas e se refletir nelas, a luz se decompõe e se divide em sete cores. Aí vemos um arco com faixas nas cores violeta, anil, azul, verde, amarelo, laranja e vermelho. [...] Quando observar um arco-íris no céu, lembre-se de como ele é raro e aproveite o visual. Geralmente, ele dura poucos minutos, já que o caminho colorido some quando o Sol muda de posição [...]. Faça o seu! Você vai precisar de: - 1 folha de papel em branco; - 1 copo com água; - 1 lanterna pequena e de luz branca intensa. Escolha um local com pouca claridade ou uma sala escura. Coloque o papel em frente ao copo com água. Acenda a lanterna do outro lado do copo, projetando a luz no papel. Você vai ver um arco-íris no papel. O que acontece: o copo com água faz com a luz da lanterna exatamente o que as gotinhas de água fazem com a luz do Sol, ou seja, separa as cores da luz.",D23 - Identificar os níveis de linguagem e/ou as marcas linguísticas que evidenciam locutor e/ou interlocutor.,"A linguagem utilizada no trecho “Quando observar um arco-íris no céu, lembre-se de como ele é raro e aproveite o visual.” é predominante",c,formal.,"['científica.', 'coloquial.\r', 'formal.', 'regional.']",6° ano,SPAECE,Avaliação paraná
Tomar banho depois de comer faz mal?,"Na verdade, não é indicado tomar banho de imersão, frio, depois das refeições. Durante a digestão, a circulação sanguínea na região do aparelho digestivo é mais intensa, visando absorver os nutrientes do bolo alimentar. Se tomamos banho de imersão, tipo numa piscina, esse mesmo sangue que deveria cumprir tal função vai para o tecido epitelial para manter o corpo aquecido. É o mesmo efeito de correr ou praticar outro exercício físico que aumenta os batimentos cardíacos depois de comer, por isso temos a famosa congestão. Não, não faz mal… Banho no chuveiro não, mas se for um banho de piscina, praia ou até mesmo uma banheira faz sim... Se você cobre todo o seu corpo de água, o sangue que está concentrado trabalhando na sua digestão tende a diminuir os pulsos e daí você sabe né?! Já o banho de chuveiro não faz mal, pois a água está correndo e não comprimindo a sua respiração como a água de uma piscina, por exemplo. O único risco do banho de chuveiro é o choque térmico, por exemplo, entrar com o corpo quente debaixo de água fria, do mesmo jeito pode acontecer na piscina…",D23 - Identificar os níveis de linguagem e/ou as marcas linguísticas que evidenciam locutor e/ou interlocutor.,"No trecho “... diminuir os pulsos e daí você sabe, né?!” o autor faz uso da linguagem que",d,se fala no dia a dia.,"['é falada em uma região do país. ', 'é utilizada em uma profissão.', 'se aprende na escola. ', 'se fala no dia a dia.\r']",6° ano,SPAECE,Avaliação paraná
Blog da Galera: Minha aventura para ver o show do Paul McCartney,"Isabella Vieira, da Galera CAPRICHO, foi atrás do beatle, que está no Brasil, em outra cidade! Por Isabella Otto 16 out 2017, 19h27 Tu curte Rock, bebê?*(risos) E aí, galera!? Aqui quem fala é a Bella Vieira e vim contar como foi minha experiência de conferir o show do Paul McCartney que rolou na última sexta-feira, 13, no Beira-Rio, em Porto Alegre. Apesar do tempo fechado e da garoa chata, o estádio lotou! O Beatle, mesmo setentão (Paul tem 75 anos), interagiu, rebolou e falou muito português com os fãs. A apresentação foi simplesmente extraordinária, alegre e emocionante! Na minha opinião, o mais legal foi ver várias gerações cantando e se emocionando juntas. Foi a prova de que música não tem mesmo prazo de validade… Apesar de ficar duas horas na fila [...] e de ter viajado só para conferir a apresentação (moro em Passo Fundo, no Rio Grande do Sul), o músico não deixou nada a desejar e mostrou para todos que ainda tem disposição de sobra com suas quase três horas de show! Se você quiser ir atrás de um artista em outra cidade, veja se conhece algum amigo de confiança que possa te dar um suporte. E aí, já viajou atrás do seu ídolo? Como foi a experiência? Beijos, @vieiraisabellaa",D23 - Identificar os níveis de linguagem e/ou as marcas linguísticas que evidenciam locutor e/ou interlocutor.,"Nesse texto, no trecho “E aí, galera!? Aqui quem fala é a Bella Vieira...” a linguagem utilizada é comum em",a,conversas entre amigos.,"['conversas entre amigos.\r', 'discursos políticos.', 'entrevistas de empregos.', 'reuniões de negócios.']",6° ano,SPAECE,Avaliação paraná
Lagosta “algodão­doce”: o que explica essa coloração rara?,"Um grupo de pescadores dos EUA1 , teve uma encantadora surpresa. Acostumados a fisgar os mais variados tipos de frutos do mar, eles mal podiam acreditar no que viam: uma lagosta azul cintilante. “Estávamos medindo e escolhendo lagostas e, de repente, esse brilho surgiu em uma das redes”, disse Bill Coppersmith em entrevista. [...] o crustáceo é avistado uma vez a cada quatro ou cinco anos. “É a primeira vez que vejo um pessoalmente”, disse Murrell. “Você coloca sob uma luz diferente, e é incrível. Ela realmente começa a brilhar.”. A razão para esse efeito “furta­cor” é provavelmente uma mutação genética 2 . No entanto, biólogos marinhos não descartam a possibilidade de haver relação com a alimentação do animal.",D23 - Identificar os níveis de linguagem e/ou as marcas linguísticas que evidenciam locutor e/ou interlocutor.,"Nesse texto, o trecho: “No entanto, biólogos marinhos não descartam a possibilidade de haver relação com a alimentação do animal. [...]” é um exemplo de linguagem",d,formal,"['coloquial.', 'técnica.', 'antiga.', 'formal']",6° ano,SPAECE,Avaliação paraná
-,"Beto Oi! Meu nome é Beto e vivo na Zoolândia, um lugar animal! Às vezes sou um pouco distraído, mas meus amigos Gisa, Hugo, Joca e Madá estão sempre por perto para me ajudar. Com eles, sempre vivo aventuras e entro em algumas confusões. Outro dia, quase derrubei uma prateleira da seção de cristais de uma loja de departamentos! Se não fosse o Hugo, nem sei o que teria acontecido! Mas, se existe algo em que presto muita atenção, é no sentimento dos outros. Não gosto de magoar quem quer que seja.",D23 - Identificar os níveis de linguagem e/ou as marcas linguísticas que evidenciam locutor e/ou interlocutor.,"Nesse texto, no trecho “... vivo na Zoolândia, um lugar animal!”, a expressão ""um lugar animal"" é um exemplo de linguagem",b,informal.,"['científica.', 'informal.', 'padrão.', 'regional.']",6° ano,SPAECE,Avaliação paraná
-,"Aniversário da lagartixa Olha quem foi convidado O gambá, a cobra e o cágado A mocinha ficou foi metida... Logo chegou a vizinha Correu lá na cozinha Fez um prato caprichado E foi lhe fazer um agrado... O banquete não pode faltar Carne, legumes e guaraná O camaleão ajudou a comprar Mas não pode participar... A lagartixa só resmungava Ninguém na sua festa chegava Iria trancar a porta Quem chegasse mandaria ir embora... Os convidados demoraram a chegar A lagartixa ficou aborrecida O calango coitado Escorregou na descida Com a perna machucada Foi se deitar no telhado... Mas logo a turma chegou A lagartixa se animou Vieram a cabra, a vaca e a galinha Mas os convidados que ela queria Nenhum aparecia...",D23 - Identificar os níveis de linguagem e/ou as marcas linguísticas que evidenciam locutor e/ou interlocutor.,"Nesse texto, o trecho “Vieram a cabra, a vaca e a galinha”, na última estrofe, é um exemplo de linguagem",c,padrão.,"['científica.', 'informal.', 'padrão.', 'regional.']",6° ano,SPAECE,Avaliação paraná
"Orquestra Criança Cidadã Meninos do Ipojuca ensaia para primeira apresentação
Concerto vai acontecer no dia 23 de dezembro em frente à sede do Projeto","Dois meses depois da inauguração do núcleo Orquestra Criança Cidadã Meninos do Ipojuca, as 100 crianças do Projeto estão empenhadas ensaiando para sua primeira apresentação que vai acontecer no dia 23 de dezembro para os moradores do Distrito de Camela e convidados. O evento vai acontecer em frente à sede do projeto, [...] centro de Camela. O projeto da Orquestra em Camela é fruto de uma parceria entre a Associação Beneficente Criança Cidadã (ABCC), ONG gestora da Orquestra, e a Prefeitura do Ipojuca [...]. Os alunos, que têm entre 8 e 16 anos, têm aula de segunda a sexta e ensaio com todos os alunos juntos aos sábado. “A dedicação dos jovens é geral. Não existe falta [...]. O grupo é bastante comprometido e eles mostram que estão gostando do que fazem.”, comemorou o músico e coordenador pedagógico do Projeto, Márcio Pereira.",D23 - Identificar os níveis de linguagem e/ou as marcas linguísticas que evidenciam locutor e/ou interlocutor.,A linguagem utilizada nesse texto é,b,formal.,"['científica.', 'formal.', 'informal.', 'regional.']",6° ano,SPAECE,Avaliação paraná
Inda quero a amarelinha,"Quero “roubar a bandeira” quero pular a corda, quero ser o “boca de forno”, quero brincar de “quente ou frio” antes que o dia fique morno... Mas deixar a brincadeira sem pisar o pé na grama, inda sair sem dar um pio? – “Vamentrar” – disse mainha, “Tomar banho, escovar dente!” Pode crer [...], gente E eu nem morta vou pra cama!",D23 - Identificar os níveis de linguagem e/ou as marcas linguísticas que evidenciam locutor e/ou interlocutor.,"Nesse texto, nos versos “inda sair sem dar um pio?/ – ‘Vamentrar’ – disse mainha,” a linguagem utilizada é",a,falada em grupos de amigos.,"['falada em grupos de amigos. ', 'própria de uma profissão.\r', 'utilizada em telejornais.', 'utilizada nos livros de Ciências.\r']",6° ano,SPAECE,Avaliação paraná
O cômodo vazio,"Um homem acorda num cômodo vazio. [...] Confuso, tateia ao redor de si a fim de encontrar algo. Sem achar nada além do chão [...], põe-se sentado e olha para os lados: quatro paredes, encardidas, lhe guardam, silenciosas, num quadrilátero. Olha para cima: há um teto, no mesmo estado das paredes. Botando-se de gatinhas, teima em vasculhar o piso, agora indo além de onde despertou, seguindo por todos os lugares e cantos. [...] Nada. Desalentado, encara o teto. [...] Dá alguns pulos com os braços esticados, já sabendo que não daria certo, mas insiste mesmo assim, renovando seu desgosto. Angustiado, [...] senta-se no chão e leva as mãos à cabeça. Sua testa está escorregadia de suor, e fecha os olhos para pensar melhor. “Ora, este é um cômodo. E está vazio. Se estou nele... ... entrei por algum lugar.” Concluindo o óbvio, abre os olhos e vasculha novamente os arredores. Sente vergonha de si quando repara que havia uma porta numa das paredes, o tempo todo. Apalpa [...] os bolsos vazios: nada de chave. “Como saio?” Levanta-se e vai até a porta. Gira a maçaneta. “Está aberta!” Sai do cômodo e segue seu caminho, como já devia ter feito desde o começo desta estória.",D23 - Identificar os níveis de linguagem e/ou as marcas linguísticas que evidenciam locutor e/ou interlocutor.,"Nesse texto, no trecho “... põe-se sentado e olha para os lados...” a linguagem utilizada é",c,padrão.,"['científica.', 'coloquial.\r', 'padrão.', 'regional.']",7° ano,SPAECE,Avaliação paraná
sapo-cururu,"ZOOL Denominação comum aos anfíbios anuros do gênero Bufo, da família dos bufonídeos, de pele áspera e seca, com inúmeras verrugas e glândulas de veneno localizados na parte posterior dos olhos; cururu. 2 Sapo de grande porte (Bufo marinus), da família dos bufonídeos, encontrado no sul dos Estados Unidos da América e no México, na América Central e no norte da América do Sul, de coloração amarelada, com manchas amarronzadas e verrugas vermelhas. É bastante usado para o combate de pragas agrícolas em várias partes do mundo; aguá, cururu, sapo-gigante, sapo-jururu, xuê-açu, xuê-guaçu.",D23 - Identificar os níveis de linguagem e/ou as marcas linguísticas que evidenciam locutor e/ou interlocutor.,"Nesse texto, no trecho “... anfíbios anuros do gênero Bufo, da família dos bufonídeos,...” a
linguagem utilizada é",b,científica.,"['arcaica.', 'científica.', 'formal.', 'regional.']",7° ano,SPAECE,Avaliação paraná
"Aquele velho pote
","Aquele velho pote no canto da sala reporta­me a momentos únicos, vividos no Sítio Novo, onde meus avós e tios moravam, aos primos queridos que corriam junto comigo pela casa e terreiros de chão batido… Ouço o tchibum… do copo de cabo longo, pegando água geladinha dentro do pote de barro, que está todo úmido por fora porque o seu interior encontra­se gelado. Água sorvida com muito prazer, tirada com corda e carretel do poço fundo, que faz eco quando a criançada grita… Água abençoada que mata a sede da meninada suada, que corre sem parar e não cansa. As divagações surgem a qualquer tempo… a infância volta depois de cinquenta anos, a minha memória é uma caixinha com um HD em perfeito estado, e em um segundo a corrida memorial me alcança. Um pote no canto da sala e a festa de lembranças acontece. Tchibum!",D23 - Identificar os níveis de linguagem e/ou as marcas linguísticas que evidenciam locutor e/ou interlocutor.,"Nesse texto, o trecho “... reporta-­me a momentos únicos...” é um exemplo de linguagem",c,formal.,"['científica.', 'científica.', 'formal.', 'regional.']",7° ano,SPAECE,Avaliação paraná
"LEI No 12.965, DE 23 DE ABRIL DE 2014","Art. 1o Esta Lei estabelece princípios, garantias, direitos e deveres para o uso da internet no Brasil e determina as diretrizes para atuação da União, dos Estados, do Distrito Federal e dos Municípios em relação à matéria. Art. 2o A disciplina do uso da internet no Brasil tem como fundamento o respeito à liberdade de expressão, bem como: I – o reconhecimento da escala mundial da rede; II – os direitos humanos, o desenvolvimento da personalidade e o exercício da cidadania em meios digitais; III – a pluralidade e a diversidade; IV – a abertura e a colaboração; V – a livre iniciativa, a livre concorrência e a defesa do consumidor; e VI – a finalidade social da rede. [...]",D23 - Identificar os níveis de linguagem e/ou as marcas linguísticas que evidenciam locutor e/ou interlocutor.,A linguagem utilizada nesse texto é comum em,c,textos normativos.,"['bate-papos na internet.', 'conversas entre amigos.', 'textos normativos.', 'registros arcaicos.']",7° ano,SPAECE,Avaliação paraná
"Filhote de onça­parda é encontrado em Loanda, no noroeste do Paraná","Um filhote de onça­parda foi encontrado na área rural de Loanda, no noroeste do Paraná, na noite deste sábado (19). O animal estava nas proximidades de uma plantação de cana e foi recolhido por um trabalhador rural. De acordo com a Polícia Ambiental, a oncinha é recém­nascida e, provavelmente, tem menos do que uma semana de vida. Sem nenhum ferimento, ela foi encaminhada neste domingo (20) para a fazenda Green Farm, no Mato Grosso do Sul, onde poderá receber os cuidados necessários. A Polícia Ambiental orienta que os filhotes de animais selvagens não sejam retirados imediatamente do local em que são encontrados, pois a mãe pode voltar para buscá­los. O Puma concolor, comumente conhecido como onça­parda, puma, suçuarana ou leão­baio, é o segundo maior felino do Brasil e está amplamente distribuído pelo país. [...] Por ser ilegal manter ou cuidar de espécies selvagens sem licença e até mesmo perigoso se aproximar de alguns deles, entrar em contato com os órgãos responsáveis é o primeiro passo que deve ser seguido caso alguém se depare com um animal selvagem. [...]",D23 - Identificar os níveis de linguagem e/ou as marcas linguísticas que evidenciam locutor e/ou interlocutor.,"Nesse texto, o trecho “O Puma concolor, comumente conhecido como onçaparda,...” é um exemplo de linguagem",b,científica.,"['arcaica.', 'científica.', 'informal.', 'regional.']",7° ano,SPAECE,Avaliação paraná
Inda quero a amarelinha,"Quero “roubar a bandeira” quero pular a corda, quero ser o “boca de forno”, quero brincar de “quente ou frio” antes que o dia fique morno... Mas deixar a brincadeira sem pisar o pé na grama, inda sair sem dar um pio? – “Vamentrar” – disse mainha, “Tomar banho, escovar dente!” Pode crer [...], gente E eu nem morta vou pra cama!",D23 - Identificar os níveis de linguagem e/ou as marcas linguísticas que evidenciam locutor e/ou interlocutor.,"Nesse texto, nos versos “inda sair sem dar um pio? / – ‘Vamentrar’ – disse mainha,” a linguagem utilizada é",a,falada em grupos de amigos.,"['falada em grupos de amigos.', 'própria de uma profissão.', 'utilizada em telejornais.', 'utilizada nos livros de Ciências.']",7° ano,SPAECE,Avaliação paraná
Praias onde vale a pena curtir o verão,"Está chegando o momento mais aguardado do ano. É quando os estudos dão uma trégua, o trabalho fica para depois e as únicas coisas importantes para fazer são curtir o sol, praticar esportes e aproveitar a paisagem. Para onde ir? Os 9.198 quilômetros do litoral brasileiro abrigam lugares paradisíacos, onde o banho de mar e a areia branquinha são uma tentação para quem passou 11 meses do ano vendo o mar a distância. Mas é preciso ser realista. Há pedaços da costa perdidos para as férias. “Em geral, a condição do litoral brasileiro é ruim para os banhos de mar”, confirma Luiz Roberto Tommasi, um dos maiores especialistas em poluição marinha do país, que há anos avalia as condições das praias. Diante da imensidão azul, pode parecer que o quadro não é assim tão grave. Afinal, o mar deveria diluir a sujeira toda deixada pelos turistas concentrados nesta época do ano. Mas o excesso de esgoto não se manifesta apenas pelo cheiro desagradável, a cor escura da água e o lixo generalizado. O esgoto mata o plâncton que produz o oxigênio e carrega bactérias nocivas e materiais que não são degradados. Entra na cadeia alimentar marinha e contamina os peixes. [...] A poluição das praias não é causada apenas pelo esgoto e a sujeira deixada pelos banhistas mal-educados. O petróleo que vaza dos navios, por exemplo, causa danos ecológicos que perduram durante anos. Mas é um problema localizado. A poluição mais grave do litoral brasileiro é provocada pelo saneamento deficiente. Apenas 4,8% da população das cidades costeiras é atendida pela rede de esgoto. As consequências na qualidade da água do mar são percebidas por meio de exames do nível de coliformes fecais. As medições periódicas indicam se a praia está contaminada por esgoto [...]. Muitos jornais costumam dar os resultados desses exames, principalmente no verão. Mas os interessados também podem acompanhar a situação de sua praia favorita pela internet [...].",D23 - Identificar os níveis de linguagem e/ou as marcas linguísticas que evidenciam locutor e/ou interlocutor.,"No texto, no trecho “O esgoto mata o plâncton que produz o oxigênio [...]. Entra na cadeia alimentar marinha...” as palavras ""plâncton"", ""oxigênio"" e ""cade alimentar"" são representativas da linguagem",a,científica.,"['científica.', 'culta.', 'culta.', 'regional.']",7° ano,SPAECE,Avaliação paraná
O tesouro da casa de lambrequins1 amarelos,"– Não vou! Gritava o guri abraçado ao videogame [...]. – VAMOS! E a última palavra sobre o assunto ficou por conta do pai. Depois de algumas afogadas o motor do fusca funcionou e pegaram a estrada. A lua já ia alta no céu quando o carro parou e a mãe disse eufórica: – Queridos, chegamos! O piá ainda chateado entrou na casa com passos pesados e bateu a porta da sala com força, tanta força que o único quadro que enfeitava a parede caiu e desmontou-se. [...] foi quando viu colado no verso da imagem um papel amarelecido pelo tempo. Desdobrou-o com cuidado e... – Um mapa do tesouro! Murmurou para ninguém ouvir. Limpou a lambança [...] sonhando com um baú cheio de moedas de ouro e joias [...]. – Trinta passos com pernas de pau para o sudoeste. Um.... dois. E a contagem de passos o levou à casinha. [...] Sentado, ficou olhando as paredes de madeira, as aranhas penduradas [...], foi quando percebeu uma tábua meio solta meio presa e fuçando ali descobriu uma lata de metal. – Será o tesouro? [...] Mostrou a lata ao pai que ao abri-la ficou encantado. [...] – Que que é? [...] – É uma coleção de figurinhas lançada por uma marca de bala [...]. Na manhã seguinte, pai e filho estavam na porta da casinha para recomeçar a busca [...]. E a busca pelo tesouro continuou nos dias que vieram e levou os caçadores à descoberta de brinquedos e brincadeiras. Bilboquê, pião, carrinho de rolimã, um mundo de alegrias e diversão. Um dia [...] o pai alcançou um lambrequim amarelo do telhado e [...] ali encontrou uma nova parte do mapa do tesouro que dizia para dar 33 giros em direção ao portão. – Um... dois... vinte e um... trinta. Pai e filho, de tão tontos com os giros, caíram no jardim em meio a bocas-de-leão, lírios, jasmins, sentiram o cheiro das flores, da grama e viram o céu azul [...]. Antes de partir de volta à capital, o piá [...] dobrou meticulosamente o papel amarelado e o colocou atrás do quadro e pensou: – Quem sabe outro menino bate a porta e descobre o tesouro [...]. *Vocabulário: 1 lambrequins: enfeite que fica habitualmente preso no teto das casas.",D23 - Identificar os níveis de linguagem e/ou as marcas linguísticas que evidenciam locutor e/ou interlocutor.,"Nesse texto, o termo “guri” é um exemplo de linguagem",a,arcaica.,"['arcaica.', 'científica.', 'padrão.', 'regional.']",8° ano,SPAECE,Avaliação paraná
A música brasileira já não é como antes?,"Nos últimos anos, tem­se discutido sobre como a música brasileira mudou, saindo dos padrões das décadas passadas e atingindo outros patamares, ritmos e estilos. A arte em si é sempre atacada e comparada entre o que realmente é arte ou deixa de ser arte. [...] O mesmo acontece no meio musical. Estilos que hoje se destacam no cenário brasileiro, como funk ou piseiro, vêm sendo comparados com o MPB. Desse modo, surge um questionamento: a música brasileira já não é como antes? Não, a música brasileira não é como antes, mas isso não quer dizer que o que temos hoje deixe de ser música. [...] [...] o que decide se uma música é boa ou não é nossa própria opinião. Mas ela não faz com que os demais tipos de música deixem de ser música. E pasmem, funk e piseiro também são MPB! Música Popular Brasileira é música surgida no Brasil e popularmente ouvida no Brasil, o nome é autoexplicativo. Certo que existe o gênero MPB (os clássicos que conhecemos), mas os atuais não deixam de ser músicas populares brasileiras. Música não se compara. Arte não se compara. Elas coexistem. Há quem goste de determinado tipo, e há quem não goste. A MPB ainda existe, seja através de Gilberto Gil, Gal Costa e Rita Lee, ou através de Ludmilla, Iza e Barões da Pisadinha. Temos uma cultura enorme que merece ser conhecida lá fora, não deixe com que suas preferências atrapalhem a potencialidade cultural que temos.",D23 - Identificar os níveis de linguagem e/ou as marcas linguísticas que evidenciam locutor e/ou interlocutor.,"Nesse texto, o trecho: “...tem ­se discutido sobre como a música brasileira mudou...” é um exemplo de linguagem",c,formal.,"['científica.', 'coloquial.', 'formal.', 'regional.']",8° ano,SPAECE,Avaliação paraná
Zootopia: Essa cidade é o bicho,"Já foi o tempo em que as animações e desenhos eram feitos somente para crianças. O novo trabalho da Disney complementa essa nova tendência: Zootopia: Essa cidade é o bicho ainda traz animais fofos, em uma aparente aventura no padrão Disney. Mas se engana quem acha que Zootopia é mais uma caricata produção voltada exclusivamente ao público infantil. Zootopia, cidade cenário do filme, não tem presença humana, mas traz todos os elementos das grandes cidades e os problemas do mundo adulto [...] de forma clara e aprofundada. Os habitantes desta metrópole foram retratados como animais das mais diferentes espécies, dividindo a utopia de uma sociedade pacífica e harmoniosa, onde presas e predadores convivem em paz e harmonia social. [...]. E assim a cidade de Zootopia se apresenta ao público, na visão de Judy, uma coelha do interior que queria ser policial na cidade grande, enfrentando [...] dificuldades para ser aceita em meio aos mais fortes e aptos. As belas cenas iniciais convidam o espectador a acompanhar a personagem em sua admiração pela grandeza da metrópole, ao som da belíssima trilha sonora da cantora colombiana Shakira, que também faz a dublagem original da personagem Gazelle, a gazela Pop Star de Zootopia. [...] E falando nos animais de Zootopia, tanto os coadjuvantes quanto principais são profundos em sua construção, mostrando um trabalho de muita qualidade na criação de cenas, diálogos e texturas em cada um dos personagens em cena. O filme alterna momentos no melhor estilo Disney de ternura e felicidade, assim como momentos adultos e cheios de conflitos e profundidade. [...] Um ponto negativo do filme foi o 3D, que não acrescenta muitos efeitos além de profundidade em algumas cenas, o que poderia ser melhor trabalhado pela Disney. Mas no geral, Zootopia foi um belo trabalho e merece destaque pela ousadia e profundidade de criação. Zootopia é realmente uma cidade que é o bicho!",D23 - Identificar os níveis de linguagem e/ou as marcas linguísticas que evidenciam locutor e/ou interlocutor.,"Nesse texto, a expressão “que é o bicho!” é um exemplo de linguagem",c,coloquial.,"['arcaica.', 'científica.', 'coloquial.', 'formal.']",8° ano,SPAECE,Avaliação paraná
Maria Fumaça,"Chegava dezembro e lá vinha minha mãe me consultar a respeito da minha vontade de ir ou não passar as férias na casa da vó Ana, em Teixeira Soares, pequena cidade do interior do Paraná. Parece que ainda ouço mamãe dizer. – Carlinhos, você vai ou não passar as férias na casa da vovó? – Eba! Sim, sim, sim. Minha resposta era sempre sim. Viajar de trem era uma aventura que eu não podia perder [...]. Eu levantava muito cedo no dia da viagem. O trem, que era a Maria Fumaça, saía de Guarapuava, cidade onde eu morava, às cinco horas da manhã, ainda era escuro. E só chegava ao meu destino final à tardinha, quase noite. Durante o dia inteiro ia parando em lugarejos e cidades por onde passava para embarque e desembarque de passageiros. Sei de cor os nomes de algumas estações do caminho percorrido para a casa da minha avó [...]. A [...] locomotiva1 levava um comboio2 de vagões de carga e na parte de trás eram os vagões de passageiros. [...]. De vez em quando, passava pelos vagões um funcionário da empresa vendendo guloseimas. – Huuumm! [...] Eu gostava de imitar, meio cantarolando, o barulho das rodas de ferro nos trilhos: – Telelém... talalá... telelém ... talalá. Esse barulho acelerava ou ficava mais lento conforme a velocidade da Maria Fumaça. Pela janela via-se a locomotiva lá em frente e uma fileira de vagões fazendo curvas, atravessando florestas e paredões de rochedos. [...] Quando a Maria Fumaça se aproximava de lugarejos ou estações, o trem diminuía a velo cidade e apitava alto, parecia dizer: – Chegueeeeeiii! As pessoas que aguardavam na estação tinham os rostos festivos e cheios de expectativas. O leva e traz diário de coisas e gente, de encontros e desencontros movimentava as cidades. Era assim, quando eu [...] viajava de Maria Fumaça para a casa da minha avó, em 1965.",D23 - Identificar os níveis de linguagem e/ou as marcas linguísticas que evidenciam locutor e/ou interlocutor.,"Nesse texto, no trecho “O trem, que era a Maria Fumaça, saía de Guarapuava, cidade onde
eu morava, às cinco horas da manhã...” a linguagem utilizada é",d,forma.,"['arcaica.', 'científica.', 'coloquia.', 'forma.']",8° ano,SPAECE,Avaliação paraná
A vizinha antipática que sabia matemática,"[...] Parecia uma sexta-feira como outra qualquer quando um caminhão de mudança parou em frente ao número 134 da minha rua, o sobrado geminado com o que eu moro. O pessoal da mudança descarregou uns móveis pesadões, uma escrivaninha irada, cheia de gavetinhas, parecida com a do meu avô. Do meu jardim, fiquei de olho em tudo. Quando o pessoal terminou de descarregar os móveis da casa, começou a tirar do caminhão umas caixas, milhares de caixas... Talvez centenas... Bem, umas dez caixas eu garanto que tinha. Aí apareceu uma senhora com cara de avó. Mas não vi nenhum neto. Uma mulher nem alta nem baixa e com os cabelos nem curtos nem compridos. Ela pagou aos homens da mudança e, quando ia entrando em casa, me viu. Não sei por que, mas me deu um frio na barriga, igual ao que tinha antes das aulas de matemática. A mulher me olhou, de baixo pra cima e de cima pra baixo, [...] entrou na casa e fechou a porta. [...] Ela podia ter dito alguma coisa do tipo: “Oi, você mora aí?”. Ou: “Oi, eu sou sua nova vizinha”. Mas nada. Fez que nem me viu [...]. Vizinha antipática! [...].",D23 - Identificar os níveis de linguagem e/ou as marcas linguísticas que evidenciam locutor e/ou interlocutor.,"Nesse texto, no trecho “... uma escrivaninha irada...” a palavra ""irada"" é um exemplo de linguagem",b,coloquial,"['científica', 'coloquial', 'formal.', 'regional.']",9° ano,SPACE,Avaliação paraná
Feliz por não ser ninguém,"[...] Acabo de voltar de uma viagem rumo ao conhecimento, usando como meio de transporte excelentes livros da literatura brasileira. Eles me levaram para Copacabana, no Rio de Janeiro do ano de 1989, onde fui recebido por Rubem Braga, a quem fui logo pedindo: Ensina-me algo que eu ainda não saiba e tenha o poder de mudar a minha vida para melhor. Leia de forma compulsiva. Quanto mais você lê menos problemas na vida você vê. Rubem Braga entrou para a história ao transformar a Crônica num dos gêneros literários mais apreciados pelos brasileiros em meados do século passado. Na contramão da imprensa que dependia de grandes fatos para transformar em manchetes, ele passou a ganhar notoriedade publicando, no cantinho dos jornais, crônicas deliciosas sobre as coisas mais banais e simples da vida. [...] Entre suas grandes obras, achei outro dia a crônica “O Padeiro”, cujo trecho memorável reproduzo abaixo: “Enquanto tomo café vou me lembrando de um homem modesto que conheci antigamente. Quando vinha deixar o pão e o jornal do dia à porta do apartamento ele apertava a campainha, mas, para não incomodar os moradores, avisava gritando:  — Não é ninguém, é o padeiro!  Interroguei-o uma vez: como tivera a ideia de gritar aquilo? “Então você não é ninguém?”  Ele abriu um sorriso largo.  Explicou que aprendera aquilo de ouvido.  Muitas vezes lhe acontecera bater a campainha de uma casa [...] e ouvir uma voz que vinha lá de dentro perguntando quem era; e ouvir a pessoa que o atendera dizer para dentro: “não é ninguém, não senhora, é o padeiro”. [...] O jornal e o pão estariam bem cedinho na porta de cada lar; e dentro do meu coração eu recebi a lição de humildade daquele homem entre todos útil e entre todos alegre [...]. Para tempos difíceis, recomendo para pessoas que amo a leitura do clássico “200 Crônicas Escolhidas” de Rubem Braga, dentro dele palavras que são pílulas para o tédio e a monotonia.",D23 - Identificar os níveis de linguagem e/ou as marcas linguísticas que evidenciam locutor e/ou interlocutor.,"Nesse texto, o trecho “Interroguei-o uma vez: como tivera a ideia de gritar aquilo?” é um exemplo de linguagem",c,formal.,"['científica.', 'coloquial.', 'formal.', 'regional.']",9° ano,SPACE,Avaliação paraná
Tieta do Agreste,"[...] AINDA DE LONGE, ANTES DE TRANSPOR A PORTA DOS CORREIOS, Elisa lê, na atitude de dona Carmosina, a comprovação do que já sabia com certeza: a carta não chegara. Faz­se mais pálida a face de Elisa, os pés de chumbo, a voz inarticulada, quase um gemido: – Nada? [...] dona Carmosina indica a correspondência do dia, escassa, espalhada no balcão: – Nada! Hoje não veio nenhuma carta registrada. [...] – Que demora, hein? Em todos esses anos, nunca atrasou tanto… – Mais de dez anos… – gemeu Elisa. – Onze anos e sete meses – corrigiu dona Carmosina, escrupulosa nos detalhes. – Inda me lembro da primeira carta, como se fosse hoje. Quando abri o saco, senti logo o cheiro, naquele tempo ela usava um perfume mais forte que o de agora, encheu a sala. Que carta será essa?, perguntei a mim mesma e li correndo o sobrescrito e o nome do remetente. Estava dirigida a seu pai ou a qualquer membro da família Esteves e quem enviava era Antonieta Esteves [...].",D23 - Identificar os níveis de linguagem e/ou as marcas linguísticas que evidenciam locutor e/ou interlocutor.,"No texto, no trecho: “Elisa lê, na atitude de dona Carmosina, a comprovação do
que já sabia com certeza: a carta não chegara.” a linguagem utilizada é",c,"formal.
","['regional.', 'científica.', 'formal.\r', 'jurídica.']",9° ano,SPACE,Avaliação paraná
Resenhas – O Pequeno Príncipe,"[...] Que livro fantástico! Ele atende todos os públicos, ensina lições para qualquer idade e sua linguagem fácil colabora para isso. Ser criança é ver a vida de forma mais colorida, é sonhar e ter esperança de que irá realizar. É ter as brincadeiras e a imaginação como as grandes atividades do dia. Bem se fala que devemos ter a pureza e o coração de uma criança, pois elas veem além do superficial. Por isso, deixar que a nossa criança interior viva é nos permitir olhar além do que vemos. Permita-se apreciar os prazeres da vida e a desfrutar dos momentos que vivencia, assim, você perceberá que o essencial é invisível aos olhos, porque o que é bom é visto pelo coração. Cativa as relações adquiridas ao longo da caminhada e não se esqueça: todo adulto já foi uma criança cheia de sonhos. Você já realizou os seus?",D23 - Identificar os níveis de linguagem e/ou as marcas linguísticas que evidenciam locutor e/ou interlocutor.,"Nesse texto, a linguagem utilizada no trecho “Permita-se apreciar os prazeres da vida...” a linguagem utilizada é comum em",c,desenhos animados.,"['bate-papo na internet', 'conversas com os amigos.', 'desenhos animados.', 'textos escolares.']",9° ano,SPACE,Avaliação paraná
Marte pode ter apresentado atividade vulcânica nos últimos 50 mil anos,"O quebra-cabeças da atividade geológica em Marte acaba de ganhar mais uma peça: pesquisadores analisaram imagens da superfície do planeta, feitas por orbitadores1, e descobriram que há um depósito de lava na região de Elysium Planitia, ao norte, que parece ser jovem – é possível que tenha se formado nos últimos 50 mil anos, um passado bem recente se pensarmos em uma escala de tempo geológica. A descoberta é surpreendente porque a maior parte do vulcanismo do planeta ocorreu entre 3 e 4 bilhões de anos atrás, mas ainda não havia evidências que indicassem que Marte pudesse ainda ser vulcanicamente ativo. É possível que isso seja um sinal de que, talvez, Marte foi potencialmente habitável – podem haver partes do planeta parecidas com regiões com atividade vulcânica em áreas glaciais do nosso planeta, como acontece na Islândia, onde há bactérias extremófilas vivendo. David Horvath, astrônomo e autor que liderou o estudo, [...] aponta que este pode ser o depósito vulcânico mais jovem já documentado em Marte: “se fôssemos comprimir a história geológica de Marte em um só dia, isso teria ocorrido no último segundo”, diz. [...]",D23 - Identificar os níveis de linguagem e/ou as marcas linguísticas que evidenciam locutor e/ou interlocutor.,"Nesse texto, no trecho “... onde há bactérias extremófilas vivendo.” a linguagem utilizada é comum em",c,livros de Ciências.,"['conversas entre amigos.', 'documentos jurídicos.', 'livros de Ciências.', 'programas de TV.']",9° ano,SPACE,Avaliação paraná
Fóssil de nova espécie de dinossauro é encontrado no Paraná,"O Museu Nacional, ligado à UFRJ (Universidade Federal do Rio de Janeiro), anunciou nesta quinta-feira (18) a descoberta de uma nova espécie de dinossauro que viveu no Brasil entre 70 milhões e 80 milhões de anos atrás. Os pesquisadores encontraram o fóssil do dinossauro em escavações na zona rural da cidade de Cruzeiro do Oeste (PR), perto da divisa com o Mato Grosso do Sul. A espécie recebeu o nome de Berthasaura leopoldinae. De acordo com a instituição, o fóssil descoberto é o mais completo de um dinossauro do período Cretáceo (situado entre 145 milhões e 65 milhões de anos atrás) já achado no Brasil. Além de estar quase inteiramente preservado, ele surpreendeu os paleontólogos por suas características raras – é, por exemplo, o primeiro dinossauro edêntulo (sem dentes) descoberto na América do Sul. [...] “Bertha”, apelido que a espécie ganhou, é um terópode [...]. A espécie tinha cerca de um metro de comprimento até a cauda e chegava a 80 centímetros de altura. [...] O nome escolhido pelos pesquisadores é uma tripla homenagem. Faz referência à pesquisadora brasileira Bertha (1894-1976), que foi bióloga do Museu Nacional [...], à imperatriz Maria Leopoldina (1797–1826), que incentivou as ciências da natureza no Brasil, e à escola de samba Imperatriz Leopoldinense, cujo enredo [...] homenageou o Museu Nacional. O diretor da instituição, Alexandre Kellner, explicou [...] porque a descoberta do novo dinossauro impressionou os paleontólogos. “Tínhamos o Limussaurus, na China, onde formas jovens dessa espécie têm dentes, que são perdidos quando atingem a forma adulta. Mas, agora, temos um animal totalmente diferente, que provavelmente nunca teve dente”, disse. “Se alguém me dissesse que iríamos encontrar um terópode sem dente, e no Brasil, eu não acreditaria. Essas formas são encontradas na Ásia, algumas nos EUA. De forma geral, é uma surpresa.”",D23 - Identificar os níveis de linguagem e/ou as marcas linguísticas que evidenciam locutor e/ou interlocutor.,"No texto, no trecho “...o nome de Berthasaura leopoldinae.” a expressão ""Berthasaura leopoldinae"" é um exemplo de linguagem",a,científica.,"['científica.', 'coloquial.', 'formal.', 'regional.']",9° ano,SPACE,Avaliação paraná
Titãs,"Uma grande oportunidade desperdiçada. É uma pena que não tenham conseguido explorar nem metade do potencial dos personagens e da trama. As cenas de ação até que são boas e tal... O que mata a série é o jeito como apresentaram e desenvolveram os personagens mesmo, eles vão ficando chatos de se acompanhar ao longo dos episódios. A trama vai ficando repetitiva demais, previsível, e os personagens são como instrumentos com uma só nota, eles fazem as mesmas coisas, têm as mesmas atitudes, não há um desenvolvimento substancial. O plot é desnecessariamente confuso... Enfim, com o devido respeito aos fãs, esta é uma série de superheróis muito fraca.",D23 - Identificar os níveis de linguagem e/ou as marcas linguísticas que evidenciam locutor e/ou interlocutor.,"No texto, no trecho: “... até que são boas e tal...” a linguagem utilizada é",c,coloquial.,"['arcaica.', 'científica.', 'coloquial.', 'formal']",9° ano,SPACE,Avaliação paraná
Tamoios no Arpoador,"[...] Convidado a escrever sobre um canto do Rio, escolhi o Arpoador, porque de lá se costuma desfrutar deslumbrantes entardeceres. Os termômetros marcavam quase 40º [...]. Sentado nas pedras, apreciava o Sol refletir com tal intensidade sobre o mar espelhado que devo ter experimentado aquela ilusão ótica que no deserto se chama miragem.Agente entra num clima onírico1 e acredita ver o que não existe. De repente, senti uma urgência febril de dividir aquele espetáculo mágico com alguns personagens que cantaram e encantaram o Rio. A primeira aparição foi de Millôr, que veio correndo pela areia [...]. Passou pelo largo que agora leva o seu nome, subiu até onde eu estava e repetiu uma de suas geniais definições: “O pôr do sol é de quem olha”. Em seguida, foi a vez de Tom e Vinicius, que atravessaram o Parque Garota de Ipanema carregando o violão. [...] Finalmente, vindo de Copacabana, chegou Oscar Niemeyer, trazendo nos olhos as curvas [...] dos morros cariocas com que fez sua arquitetura. Como não podia deixar de ser, a conversa girou em torno dessa cidade solar, [...] exibida que nasceu para ser musa. [...] Era ainda uma criança quando um de seus adoradores, o primeiro governador-geral Tomé de Souza, se desmanchou: “Tudo é graça o que dela se pode dizer”. Alguém lembrou que até os religiosos lançaram sobre ela olhares [...]: “É a mais airosa e amena baía que há em todo o Brasil”, suspirou o padre Anchieta [...]. Estimulado pela exuberância sensorial daquela tarde, resolvi corrigir Vinicius, que dizia que ser carioca é um estado de espírito. Acho que é mais. Não se trata apenas de alma, mas de corpo e alma. Ama-se a cidade com todos os sentidos, a começar pelos olhos. [...] Segundo Tom, que transformou em música tudo isso [...] é uma herança de nossos antepassados tamoios, que nos ensinaram a curtir a água, o corpo, a música e a dança. O Sol já estava sendo rendido no seu plantão diário [...]. Foi quando chegou Cazuza para fazer parte do show. Antes de dar um mergulho, cantou: “Vago na lua deserta das pedras do Arpoador”. Nunca me senti tão tamoio quanto nesse fim de tarde, início de noite nas pedras mágicas do Arpoador.",D23 - Identificar os níveis de linguagem e/ou as marcas linguísticas que evidenciam locutor e/ou interlocutor.,"Nesse texto, no trecho “Ama-se a cidade com todos os sentidos, a começar pelos olhos.” a linguagem utilizada é",a,culta.,"['culta.', 'informal.', 'regional.', 'técnica.']",9° ano,SPACE,Avaliação paraná
O amigo-secreto,"A turma reuniu-se na sala enfeitada. Martinha carregava um pacote enorme, cheio de laços, Suzana e Antônio conversavam animados. Mariana pediu para Juju começar a brincadeira. Cada um devia explicar antes por que escolhera o presente para seu amigo-secreto. Quando Juju terminou de falar, um tênis, que mais parecia uma nave especial, foi parar nas mãos de Felipe. Este contou por que comprou o CD importado para o Luís. Que explicou por que escolheu a bermuda de surfista para o Bruno. — Bruno, a turma gritou. — Agora é você! Bruno pôs-se a falar: Bom, pessoal, é o seguinte: na primeira semana de dezembro, já tarde da noite, lá em casa, ouvimos um grito de filme de terror. Todo mundo saltou da cama: “O que foi?” Minha mãe apontou, soluçando: “A Ge-la-dei-ra! Ela que-brou!” [...] “Precisamos comprar uma nova imediatamente”. “E o presente do amigo-secreto”, minha irmã lembrou mais que depressa. “Bolem um presente criativo e que não custe nada”, falou meu pai. — Foi aí que eu tive a ideia – continuou Bruno, abrindo a mochila e tirando de lá um pequeno pacote. — Espero que meu amigo-secreto goste. Ele é o Rafa. — Aí, Rafa! Vai lá! – gritou a turma. Rafa começou a abrir o pacote. O silêncio era total. — Não acredito que você guardou essa foto, cara! Que idade a gente tinha? — Mostra! Mostra! E a foto embrulhada de Bruno e de Rafa, quando tinham seis anos, foi passando de mão em mão. O maior sucesso. — Puxa, Bruno. Só faltou uma coisa — Disse Rafa . — O quê? — Um abraço, cara. Gosto de você! Bom fim de ano!",D23 - Identificar os níveis de linguagem e/ou as marcas linguísticas que evidenciam locutor e/ou interlocutor.,Qual dos trechos abaixo revela uma linguagem informal?,d,"“— Aí, Rafa! Vai lá! – gritou a turma.”","['“A turma reuniu-se na sala enfeitada.”', '“Este contou por que comprou o CD importado para o Luís.”', '“Precisamos comprar uma nova imediatamente”.', '“— Aí, Rafa! Vai lá! – gritou a turma.”']",9° ano,SPAECE,Simulado 01 SPAECE
Do que é feito o iogurte?,"O iogurte é um alimento amplamente consumido por jovens e adultos, seja puro ou com açúcar, mel ou frutas. Apesar disso, muitas pessoas não sabem como esse produto é feito e imaginam apenas que há leite, açúcar e alguns frutos. O que muitos não sabem é que, além desses produtos, existem bactérias! [...] As bactérias também são importantes para a fabricação de alimentos, tais como os iogurtes, queijos, coalhadas e vinagres; na produção de insulina, que é usada no tratamento de diabetes, e até em tratamentos estéticos, como o Botox. [...] No que diz respeito ao iogurte, elas são usadas para transformar o açúcar encontrado no leite (lactose) em ácido lático, que é responsável por coagular o leite. Esse processo é conhecido como fermentação. Basicamente, duas bactérias são usadas no processo de fabricação de iogurtes, a Lactobacillus bulgaricus e a Streptococcus thermophilus. A primeira está mais relacionada com a cremosidade e o cheiro do iogurte, enquanto o Streptococcus thermophilus está mais relacionado com a fermentação. O iogurte, além de saboroso, possui várias outras qualidades. Os lactobacilos usados em sua produção são importantes, por exemplo, contra doenças do intestino. Além disso, alguns estudos comprovam que o iogurte diminui o mau hálito e é uma boa fonte de cálcio, auxiliando, assim, no combate à osteoporose e à hipertensão (pressão alta). Sem falar que o iogurte é uma grande fonte de vitaminas",D23 - Identificar os níveis de linguagem e/ou as marcas linguísticas que evidenciam locutor e/ou interlocutor.,"Nesse texto, a expressão “Lactobacillus bulgaricus” é característica da linguagem usada em textos",a,científicos.,"['científicos.', 'jornalísticos.', 'literários.', 'publicitários.']",9° ano,SPAECE,Simulado 01 SPAECE
O fim da escravidão no Brasil deixou o ex-escravo abandonado à própria sorte.,"A escravidão chegou ao fim, o ex-escravo tornou-se igual perante a lei, mas isso não lhe deu garantias de que ele seria aceito na sociedade, por isso os recém-libertos passaram dias difíceis mesmo com o fim da escravidão. Diferente do que aconteceu nos Estados Unidos, no Brasil, após o fim da escravidão, os ex-escravos foram abandonados à própria sorte. Nos Estados Unidos, com o fim da Guerra da Secessão, a vitória do Norte sobre o Sul implicou na emancipação total dos escravos e eles foram amparados por uma lei, que possibilitou assistência e formas de inserção do negro na sociedade. No Brasil, sem acesso à terra e sem qualquer tipo de indenização por tanto tempo de trabalhos forçados, geralmente analfabetos, vítimas de todo tipo de preconceito, muitos exescravos permaneceram nas fazendas em que trabalhavam, vendendo seu trabalho em troca da sobrevivência. [...]",D23 - Identificar os níveis de linguagem e/ou as marcas linguísticas que evidenciam locutor e/ou interlocutor.,"Nesse texto, no trecho “...os ex-escravos foram abandonados à própria sorte.” a expressão
""abandonados à própria sorte."" quer dizer",c,ser deixado de lado sem nenhuma assistência.,"['estar amparado por uma lei.', 'possuir liberdade para fazer o que quiser.', 'ser deixado de lado sem nenhuma assistência.', 'ter boas perspectivas para o futuro.']",9° ano,SPAECE,Simulado 01 SPAECE
A pesquisadora do IBGE e o minerim…,"Uma pesquisadora do IBGE bate à porta de um sitiozinho escondido no sul de Minas (perto de Varginha). — Essa terra dá mandioca? — Não, senhora. – Responde o roceiro. — Dá batata? — Também não, senhora! — Dá feijão? — Nunca deu! — Arroz? — De jeito nenhum! — Milho? — Nem brincando! — Quer dizer que por aqui não adianta plantar nada? — Ah! … Se prantá é diferente…",D23 - Identificar os níveis de linguagem e/ou as marcas linguísticas que evidenciam locutor e/ou interlocutor.,"Nesse texto, no trecho “— Ah! … Se prantá é diferente…” o termo ""prantá"" é próprio da linguagem",a,caipira.,"['caipira. ', 'científica.', 'formal.', 'técnica. ']",9° ano,SPAECE,Simulado 01 SPAECE
Dois amigos e um chato,"Os dois estavam tomando um cafezinho no boteco da esquina, antes de partirem para as suas respectivas repartições. Um tinha um nome fácil: era o Zé. O outro tinha um nome desses de dar cãibra em língua [...]: era o Flaudemíglio. Acabado o café o Zé perguntou: — Vais pra cidade? — Vou – respondeu Flaudemíglio, acrescentando: – Mas vou pegar o 434, que vai pela Lapa. Eu tenho que entregar uma urinazinha de minha mulher no laboratório [...] olhou para a fila do 474, que ia direto pro centro e, por isso, era a fila mais piruada. Tinha gente às pampas — Vens comigo? – quis saber Flaudemíglio. — Não — disse o Zé: – Eu estou atrasado e vou pegar um direto ao centro. — Então tá – concordou Flaudemíglio, olhando para a outra esquina e, vendo que já vinha o que passava pela Lapa: – Chi! Lá vem o meu... – e correu para o ponto de parada, fazendo sinal para o ônibus parar. Foi aí que, segurando o guarda-chuva, um embrulho e mais o vidrinho da urinazinha, foi aí que o Flaudemíglio se atrapalhou e deixou cair algo no chão. [...] O motorista [...] já ia botando o carro em movimento, não dando tempo ao passageiro para apanhar o que caíra. Flaudemíglio só teve tempo de berrar para o amigo: — Zé, caiu minha carteira de identidade. Apanha e me entrega logo mais. O 434 seguiu e Zé atravessou a rua, para apanhar a carteira do outro. Já estava chegando perto quando um cidadão magrelo e antipático e, ainda por cima, com um sorriso [...], apanhou a carteira de Flaudemíglio. — Por favor, cavalheiro, esta carteira é de um amigo meu – disse o Zé estendendo a mão. Mas o que tinha um sorriso [...] não entregou. Examinou a carteira e depois perguntou: — Como é o nome do seu amigo? — Flaudemíglio – respondeu o Zé. — Flaudemíglio de quê? – insistiu o chato. Mas o Zé deu-lhe um safanão e tomou-lhe a carteira, dizendo: — Ora, quem acerta Flaudemíglio não precisa acertar mais nada!",D23 - Identificar os níveis de linguagem e/ou as marcas linguísticas que evidenciam locutor e/ou interlocutor.,O trecho “O outro tinha um nome desses de dar cãibra em língua...” é um exemplo de linguagem,c,informal.,"['científica.', 'culta.', 'informal.', 'técnica.']",9° ano,SPAECE,Simulado 01 SPAECE
Alvinho,"O Alvinho encarava um batente que não era mole. Se virava mais que charuto em boca de bêbado por uma grana muito mixuruca, que mal dava pra ele escorar os repuxos. Coisa que não é mole, hoje em dia, com a vida custando os olhos da cara como anda. Muito nego se abilola. Principalmente se o pinta é casado e tem montes de filhos pra sustentar. Às vezes, entra em bobeira e sai falando sozinho. E esse era o lance do Alvinho. Cheio de bronca com a sinuca de bico em que estava, ficava pelos botecos cavernosos e biroscas escamosas fazendo o maior quás-quás-quás da paróquia: — Estou na piorada. Sei que estou. Mas um dia vira o jogo. Tem que virar. Do jeito que está não pode ser. Vê eu? Mino linha de frente, me atucanando nessa zorra encardida. Tá direito? Tá, não. Eu, Alvinho boa cuca, cheio de embaixada, perdido aqui nessa joça. Entregue às traças. A perigo perpétuo. Um dia tem que mudar. E como esse papo que ele engrenava não dizia nada a ninguém, o jeito era ele mesmo continuar charlando: — Nasci pra ser tratado a pão-de-ló. E, no entanto, estou só comendo capim pela raiz. Não dá pedal. Um dia me arrumo. Claro que era conversa de bêbado. Nem o mais loque dos ouvintes botava fé. [...]",D23 - Identificar os níveis de linguagem e/ou as marcas linguísticas que evidenciam locutor e/ou interlocutor.,Nesse texto predomina uma linguagem típica de,a,conversas informais.,"['conversas informais.', 'entrevistas de emprego.', 'revistas científicas.', 'textos formais.']",9° ano,SPAECE,Simulado 01 SPAECE
Tempos verbais,"Na aula de português, a professora pergunta para os alunos: – Qual é o tempo da frase: “Eu realizei muitas compras”? Aline levanta a mão e responde: – É tempo de liquidação, professora.","D22 - Reconhecer efeitos de humor e ironia.
",O humor nesse texto está no fato de,c,Aline confundir o que a professora quis dizer com a palavra tempo.,"['a professora dizer que realizou muitas compras.', 'a professora fazer uma pergunta a seus alunos.', 'Aline confundir o que a professora quis dizer com a palavra tempo.', 'Aline levantar a mão para responder à pergunta feita pela professora.']",9° ano,SPACE,Avaliação paraná
-,"Maurício estava feliz da vida, comendo um delicioso sorvete. Até aí nenhum problema, certo? Acontece que era quase hora do almoço! Quando sua mãe viu, ficou muito brava: – Maurício! Seu pai já não falou para você não comer sorvete perto da hora do almoço?! – Mas, mãe… – Mas nada! Você fica se enchendo de besteiras e, na hora de almoçar, nem encosta na comida! – Mas, mãe… – Obedeça à ordem do seu pai! – Tudo bem… Percebendo que Maurício tinha ficado meio triste com a bronca, sua mãe decide tentar alguma coisa para animá-lo: – Maurício, meu querido, por que a gente não brinca um pouco até a hora de comer? – Ótima ideia, mãe! – E do que você quer brincar? – De papai e mamãe. – Legal! Você é o papai e eu sou a mamãe… – Isso mesmo! E, como agora eu sou o papai, declaro que, desse momento em diante, meu amado filho Maurício pode comer sorvete na hora que ele quiser!",D22 - Reconhecer efeitos de humor e ironia.,Esse texto é engraçado porque,c,Maurício aproveitou a brincadeira para tentar comer sorvete.,"[' a mãe de Maurício ficou brava.', 'a mãe de Maurício sugeriu uma brincadeira para animar seu filho.\r', 'Maurício aproveitou a brincadeira para tentar comer sorvete.', ' Maurício ficou triste com a bronca da mãe.']",6° ano,SPAECE,Avaliação paraná
Não era bem isso,"Beto entra em uma loja e fala para a atendente: – Eu quero comprar um celular novo. Ela, então, pergunta: – Modelo? – Não, eu sou arquiteto. Mas muito obrigado pelo elogio.",D22 - Reconhecer efeitos de humor e ironia.,"Esse texto é engraçado, porque Beto",c,entende a pergunta como profissão.,"['deseja comprar um celular novo.', 'entra em uma loja desconhecida.', 'entende a pergunta como profissão.', 'está indeciso sobre qual celular comprar.\r']",6° ano,SPAECE,Avaliação paraná
O emprego novo,"A mãe do rapaz reclama com ele: “Você não deveria começar hoje no emprego novo? O que ainda está fazendo na cama?” E o rapaz: “É que o patrão disse que eu poderia começar por onde eu quisesse. Então, resolvi começar pelas férias.”",D22 - Reconhecer efeitos de humor e ironia.,O que torna esse texto engraçado é,a,a decisão do rapaz de começar pelas férias.,"['a decisão do rapaz de começar pelas férias. ', 'a reclamação da mãe do rapaz.\r', 'o patrão deixar o rapaz escolher por onde começar.\r', 'o rapaz ainda estar na cama no primeiro dia de trabalho.']",6° ano,SPAECE,Avaliação paraná
Alô... é do hospital?,"Toca o telefone na recepção do hospital: – Bom dia, é da recepção? Eu gostaria de falar com alguém que me desse informações sobre os pacientes. Queria saber se certa pessoa está melhor ou piorou... – Qual é o nome do paciente? – Chama-se Maria Isabel e está no quarto 302. – Um momentinho, vou transferir a ligação para o setor de enfermagem... – Bom dia, sou a enfermeira Lourdes. O que deseja? – Gostaria de saber as condições clínicas da paciente Maria Isabel do quarto 302, por favor! – Um minuto, vou localizar o médico de plantão. – Aqui é o Dr. Carlos plantonista. Em que posso ajudar? – Olá, doutor. Precisaria que alguém me informasse sobre a saúde de Maria Isabel que está internada há três semanas no quarto 302. – Ok, minha senhora, vou consultar o prontuário da paciente... Um instante só! Hummm, aqui está: ela se alimentou bem hoje, a pressão arterial e pulso estão estáveis, responde bem à medicação prescrita e vai ser retirada do monitor cardíaco até amanhã. Continuando bem, o médico responsável assinará alta em três dias. – Ahhhh, Graças a Deus! São notícias maravilhosas! Que alegria! – Pelo seu entusiasmo, deve ser alguém muito próximo, certamente da família?! – Não, sou a própria Maria Isabel, telefonando aqui do 302! É que todo mundo entra e sai do quarto mas ninguém me diz nada!!!",D22 - Reconhecer efeitos de humor e ironia.,Esse texto é engraçado porque,c,a própria paciente liga para o hospital para saber do seu estado de saúde.,"['a enfermeira não sabia onde estava o médico de plantão', 'a ligação da paciente foi transferida para vários setores.', 'a própria paciente liga para o hospital para saber do seu estado de saúde.', 'a recepcionista do hospital não conhece o estado de saúde dos pacientes.']",9° ano,SPACE,Avaliação paraná
Tradução simultânea,"Sou professor de inglês em Taiwan e tenho uma colaboradora chinesa que traduz quando os alunos não entendem o que digo. No início de cada semestre, conto piadas para que os calouros se sintam à vontade. Para saber se entendiam bem, perguntei à minha colaboradora se traduzia palavra por palavra, ou apenas o sentido geral. – Bem, na verdade, não entendo suas piadas – respondeu ela –, então peço aos alunos que riam.",D22 - Reconhecer efeitos de humor e ironia.,O que tornou esse texto engraçado foi,b,a chinesa ter pedido aos alunos que rissem.,"['a curiosidade do professor sobre os alunos.', 'a chinesa ter pedido aos alunos que rissem.', 'o professor lecionar inglês em Taiwan.', 'o professor ter uma colaboradora chinesa.']",9° ano,SPACE,Avaliação paraná
ABC,"Quando a gente aprende a ler, as letras, nos livros, são grandes. Nas cartilhas – pelo menos nas cartilhas do meu tempo – as letras eram enormes. Lá estava o A, como uma grande tenda. O B, com seu grande busto e sua barriga ainda maior. O C, sempre pronto a morder a letra seguinte com a sua grande boca. O D, com seu ar próspero de grão-senhor. Etc. Até o Z, que sempre me parecia estar olhando para trás. Talvez porque não se convencesse que era a última letra do alfabeto e quisesse certificar-se de que atrás não vinha mais nenhuma. As letras eram grandes, claro, para que decorássemos a sua forma. Mas não precisavam ser tão grandes. Que eu me lembre, minha visão na época era perfeita. Nunca mais foi tão boa. E no entanto os livros infantis eram impressos com letras graúdas e entrelinhas generosas. E as palavras eram curtas. Para não cansar a vista. À medida que a gente ia crescendo, as letras iam diminuindo. E as palavras, aumentando. Quando não se tem mais uma visão de criança é que se começa, por exemplo, a ler jornal, com seus tipos miúdos e linhas apertadas que requerem uma visão de criança. Na época em que começamos a prestar atenção em coisas como notas de pé de página, bulas de remédio e subcláusulas de contrato, já não temos mais metade da visão perfeita que tínhamos na infância [...]. Chegamos à idade de ler grossos volumes em corpo 1 6 quando só temos olhos para as letras gigantescas, coloridas e cercadas de muito branco, dos livros infantis. Quanto mais cansada a vista, mais exigem dela. Alguns recorrem à lente de aumento para seccionar as grandes palavras em manejáveis monossílabos infantis. [...] O E, que sempre parecia querer distância das outras. O R! Todas as letras tinham pé, mas o R era o único que chutava. O V, que aparecia em várias formas: refletido na água (o X), de muletas (o M), com o irmão siamês (o W). O Q, que era um O com a língua de fora. De tanto ler palavras, nunca mais reparamos nas letras. E de tanto ler frases, nunca mais notamos as palavras, com todo o seu mistério. Por exemplo: pode haver palavra mais estranha do que “esdrúxulo”? É uma palavra, sei lá. Esdrúxula. [...] As cartilhas, com sua alegre simplicidade, serviam para dissimular os terrores que a língua nos reservava. Como “esdrúxulo”. Para não falar em “autóctone”. Ou, meu Deus, em “seborreia”! Na verdade, acho que as crianças deviam aprender a ler nos livros do Hegel e em longos tratados de metafísica. Só elas têm a visão adequada à densidade do texto, o gosto pela abstração e tempo disponível para lidar com o infinito. E na velhice, com a sabedoria acumulada numa vida de leituras, com as letras ficando progressivamente maiores à medida que nossos olhos se cansavam, estaríamos então prontos para enfrentar o conceito básico de que vovô vê a uva, e viva o vovô. [...]",D22 - Reconhecer efeitos de humor e ironia.,"Nesse texto, há um traço de ironia no trecho:
",d,"“... na velhice [...] com as letras ficando progressivamente maiores [...] estaríamos então prontos para enfrentar o conceito básico de que vovô vê a uva, e viva o vovô.”.","['“Quando a gente aprende a ler, as letras, nos livros, são grandes.”.', '“As letras eram grandes, claro, para que decorássemos a sua forma. Mas não precisavam ser tão grandes. [...] E as palavras eram curtas.”.', '“À medida que a gente ia crescendo, as letras iam diminuindo.”.', '“... na velhice [...] com as letras ficando progressivamente maiores [...] estaríamos então prontos para enfrentar o conceito básico de que vovô vê a uva, e viva o vovô.”.']",9° ano,SPACE,Avaliação paraná
A pesquisadora do IBGE e o minerim…,"Uma pesquisadora do IBGE bate à porta de um sitiozinho escondido no sul de Minas (perto de Varginha). — Essa terra dá mandioca? — Não, senhora. – Responde o roceiro. — Dá batata? — Também não, senhora! — Dá feijão? — Nunca deu! — Arroz? — De jeito nenhum! — Milho? — Nem brincando! — Quer dizer que por aqui não adianta plantar nada? — Ah! … Se prantá é diferente…",D22 - Reconhecer efeitos de humor e ironia.,Há traços de humor no trecho:,d,“— Ah! … Se prantá é diferente…”,"['“— Essa terra dá mandioca?”', '“— Também não, senhora!”', '“— Quer dizer que por aqui não adianta plantar nada?”', '“— Ah! … Se prantá é diferente…” ']",9° ano,SPAECE,Simulado 01 SPAECE
Canastra das velhinhas,"Duas velhinhas, bem velhinhas estão jogando sua canastra semanal. Uma delas olha para a outra e diz: — Por favor, não me leve a mal. Nós somos amigas há tanto tempo e agora eu não consigo me lembrar do seu nome, veja só a minha cabeça. Qual é o seu nome, querida? A outra olha fixamente para a amiga, por uns dois minutos, coça a testa e diz: — Você precisa dessa informação para quando?",D22 - Reconhecer efeitos de humor e ironia.,Esse texto é engraçado porque,b,a outra velhinha também esquece o próprio nome.,"['a outra velhinha olha fixamente para a amiga.', 'a outra velhinha também esquece o próprio nome.\r', 'as duas velhinhas esquecem as regras do jogo.', 'as duas velhinhas estão jogando canastra.\r']",9° ano,SPAECE,Simulado 01 SPAECE
Pescador Executivo,"O executivo da empresa estava trabalhando muito estressado. O médico recomendou que fosse pescar num local bem tranquilo. Foi então para uma roça bem pacata, levando varal, anzol e minhocas. Começou a pescar e um caipira que morava ali perto se agachou no chão, espiando curioso a pescaria. Três horas de monótona pescaria e o caboclo continuava lá, agachado, espiando curioso. Mais cinco horas de pescaria e o caipira continuava lá, olhando tudo. O executivo ficou com dó do caipira e perguntou: — O senhor está com vontade de pescar um pouquinho? E o caipira responde: — Num tenho paciência não, sô!",D22 - Reconhecer efeitos de humor e ironia.,"Nesse texto, um trecho que apresenta humor é:",d,"“ — Num tenho paciência não, sô!”","['“Três horas de monótona pescaria e o caboclo continuava lá...”', '“O executivo ficou com dó do caipira...”', '“— O senhor está com vontade de pescar um pouquinho?” ', '“ — Num tenho paciência não, sô!” ']",9° ano,SPAECE,Simulado 01 SPAECE
Anestesia,"O dentista, preocupado pela rejeição quase total de seus clientes à injeção de anestesia na gengiva, bolou uma maneira diferente de extrair os dentes, baseado em que uma dor inesperada faz esquecer outra dor. Para isso instalou na cadeira do dentista uma agulha oculta acionada por um pedal. No momento exato de dar o puxão para arrancar o dente, ele apertava o pedal e a agulha atingia o bumbum do paciente. Chegou o primeiro paciente para extrair um dente, que logo mostrou seu temor à injeção na gengiva. — Olhe, eu inventei uma maneira diferente de arrancar um dente sem a injeção na gengiva - explicou o dentista. - Se quiser posso usá-la com o senhor. — Pode! Qualquer coisa menos essa danada injeção! O médico, então, sem entrar em detalhes sobre o novo método, preparou tudo e na hora de dar o puxão, apertou o pedal. O cliente deu um pequeno pulo e o dente foi extraído. — Como é? - perguntou o dentista depois de estancar o sangue. - Doeu? — Nada, doutor! Mas, puxa! Tinha uma raiz um bocado profunda!",D22 - Reconhecer efeitos de humor e ironia.,O humor do texto está presente no fato de,c,o paciente insinuar que a raiz do dente tinha atingido seu bumbum.,"['o dentista não explicar direito sobre o novo método criado por ele.', 'o dentista preocupar-se com a opinião de seus pacientes.', 'o paciente insinuar que a raiz do dente tinha atingido seu bumbum.', 'o paciente rejeitar o método diferente de extrair dente.']",9° ano,SPAECE,Simulado 01 SPAECE
Etapa Lindeiros dos Jogos de Aventura e Natureza inicia nesta sexta-feira,"Começa nesta sexta-feira (26) a Etapa Lindeiros dos Jogos de Aventura e Natureza do Paraná (Jans). A competição será disputada em sete municípios com 10 modalidades em disputa até domingo (28). Marechal Cândido Rondon, Pato Bragado, Entre Rios do Oeste, Guaíra, Mercedes, 5 Terra Roxa e Missal serão as sedes do evento, recebendo competições de vôlei de praia, [...] canoagem de velocidade, pesca, futevôlei, skate, [...] e o futebol das estrelas. Para o diretor de Inovação da Superintendência do Esporte, Tiago Campos, o retorno dos jogos representa mais do que a volta das competições esportivas. “Teremos muitas atrações como o campeonato de pesca e a canoagem de velocidade em Entre Rios do Oeste. 10 Vamos fomentar o turismo dos municípios com modalidades de terra, água e ar, mostrando as características dos Jogos de Aventura e Natureza”, disse. [...] JANS – A primeira edição dos Jans aconteceu em 2019 e se destacou por ser um projeto inovador que uniu a prática esportiva, o turismo e a natureza em um evento itinerante, que beneficiou a população paranaense esportivamente e economicamente. Os Jogos de 15 Aventura e Natureza são realizados pelo Governo do Paraná por meio da Superintendência Geral do Esporte, com o apoio dos municípios-sede.",D21 - Reconhecer o efeito decorrente do emprego de recursos estilísticos e morfossintáticos.,"Nesse texto, no trecho “A competição será disputada em sete municípios...” o verbo
""será"" produz o sentido de",a,apontar ação que ainda irá acontecer.,"['apontar ação que ainda irá acontecer.', 'mostrar fatos que estão em andamento.', 'revelar ordem dada pelo autor.', 'sinalizar acontecimentos concluídos.']",7° ano,SPAECE,Avaliação paraná
Papinha? Que nada!,"O que é, o que é: vem da fêmea, é nutritivo e alimenta os filhotes. Leite? Que nada: pele de mãe. Esse parece ser o alimento que uma grande parte das espécies de cobras-cegas (também conhecidas como cecílias) consome ao nascer. Uma delas, aliás, é brasileira, como descobriram cientistas do nosso país. Trata-se da Siphonops annulatus. Como a africana Boulengerula taitanus, essa espécie – que parece uma grande minhoca – é um anfíbio e vive no subsolo. Saber por que esses bichos, que estão em continentes diferentes, têm a mesma forma de alimentar seus filhotes é o desafio dos cientistas. [...] Existem espécies de cobra-cega que são ovíparas – isto é, que põem ovos – e espécies de cobra-cega que são víviparas – ou seja, que não põem ovos e têm filhotes que já nascem com a forma dos adultos. O curioso hábito de os filhotes comerem a pele da própria mãe parece ser a principal diferença entre as espécies ovíparas e as vivíparas. [...] Para arrancar a pele da mãe, os filhotes de S. annulatus contam também com dentes especiais, que têm a forma semelhante a pequenas colheres. Porém, não pense que a fêmea fica sem a camada da pele para sempre. À medida que os filhotes vão se alimentando, essa pele vai se renovando, mais ou menos a cada três dias. Depois de um mês e meio, quando termina a nutrição da ninhada, a pele se regenera totalmente, voltando à cor cinza escuro.",D21 - Reconhecer o efeito decorrente do emprego de recursos estilísticos e morfossintáticos.,"Nesse texto, o prefixo “re-” na palavra “renovando” foi usado para",b,indicar repetição.,"['apontar aproximação.', 'indicar repetição.', 'marcar anterioridade.', 'sugerir movimento.\r']",7° ano,SPAECE,Avaliação paraná
"Filhote de onça­parda é encontrado em Loanda, no noroeste do Paraná","Um filhote de onça­parda foi encontrado na área rural de Loanda, no noroeste do Paraná, na noite deste sábado (19). O animal estava nas proximidades de uma plantação de cana e foi recolhido por um trabalhador rural. De acordo com a Polícia Ambiental, a oncinha é recém­nascida e, provavelmente, tem menos do que uma semana de vida. Sem nenhum ferimento, ela foi encaminhada neste domingo (20) para a fazenda Green Farm, no Mato Grosso do Sul, onde poderá receber os cuidados necessários. A Polícia Ambiental orienta que os filhotes de animais selvagens não sejam retirados imediatamente do local em que são encontrados, pois a mãe pode voltar para buscá­los. O Puma concolor, comumente conhecido como onça­parda, puma, suçuarana ou leão­baio, é o segundo maior felino do Brasil e está amplamente distribuído pelo país. [...] Por ser ilegal manter ou cuidar de espécies selvagens sem licença e até mesmo perigoso se aproximar de alguns deles, entrar em contato com os órgãos responsáveis é o primeiro passo que deve ser seguido caso alguém se depare com um animal selvagem. [...]",D21 - Reconhecer o efeito decorrente do emprego de recursos estilísticos e morfossintáticos.,"Nesse texto, no trecho “Por ser ilegal manter ou cuidar de espécies selvagens...” o prefixo ""i"" na palavra ""ilegal"" produz o sentido de
",a,apontar negação.,"['apontar negação.', 'indicar duplicidade.', 'marcar anterioridade.', 'sugerir repetição.']",7° ano,SPAECE,Avaliação paraná
"Aquele velho pote
","Aquele velho pote no canto da sala reporta­me a momentos únicos, vividos no Sítio Novo, onde meus avós e tios moravam, aos primos queridos que corriam junto comigo pela casa e terreiros de chão batido… Ouço o tchibum… do copo de cabo longo, pegando água geladinha dentro do pote de barro, que está todo úmido por fora porque o seu interior encontra­se gelado. Água sorvida com muito prazer, tirada com corda e carretel do poço fundo, que faz eco quando a criançada grita… Água abençoada que mata a sede da meninada suada, que corre sem parar e não cansa. As divagações surgem a qualquer tempo… a infância volta depois de cinquenta anos, a minha memória é uma caixinha com um HD em perfeito estado, e em um segundo a corrida memorial me alcança. Um pote no canto da sala e a festa de lembranças acontece. Tchibum!",D21 - Reconhecer o efeito decorrente do emprego de recursos estilísticos e morfossintáticos.,"Nesse texto, na palavra “meninada” o sufixo ""ada"" na palavra ""meninada"" produz o sentido de",b,indicar grupo.,"['demonstrar tamanho.\r', 'indicar grupo.', 'marcar ação.', 'sugerir deboche.']",7° ano,SPAECE,Avaliação paraná
Penso e passo,Quando penso que uma palavra pode mudar tudo não fico mudo MUDO quando penso que um passo descobre um mundo não paro PASSO e assim que passo e mudo um novo mundo nasce na palavra que penso,D21 - Reconhecer o efeito decorrente do emprego de recursos estilísticos e morfossintáticos.,"No inicio do texto, a oposição da palavra ""Mudo"" sugere",a,mudança de atitude.,"['mudança de atitude.', 'semelhança de ideias', 'surgimento de uma ideia.', 'reflexão sobre a vida.']",7° ano,SPAECE,Avaliação paraná
Maria Fumaça,"Chegava dezembro e lá vinha minha mãe me consultar a respeito da minha vontade de ir ou não passar as férias na casa da vó Ana, em Teixeira Soares, pequena cidade do interior do Paraná. Parece que ainda ouço mamãe dizer. – Carlinhos, você vai ou não passar as férias na casa da vovó? – Eba! Sim, sim, sim. Minha resposta era sempre sim. Viajar de trem era uma aventura que eu não podia perder [...]. Eu levantava muito cedo no dia da viagem. O trem, que era a Maria Fumaça, saía de Guarapuava, cidade onde eu morava, às cinco horas da manhã, ainda era escuro. E só chegava ao meu destino final à tardinha, quase noite. Durante o dia inteiro ia parando em lugarejos e cidades por onde passava para embarque e desembarque de passageiros. Sei de cor os nomes de algumas estações do caminho percorrido para a casa da minha avó [...]. A [...] locomotiva1 levava um comboio2 de vagões de carga e na parte de trás eram os vagões de passageiros. [...]. De vez em quando, passava pelos vagões um funcionário da empresa vendendo guloseimas. – Huuumm! [...] Eu gostava de imitar, meio cantarolando, o barulho das rodas de ferro nos trilhos: – Telelém... talalá... telelém ... talalá. Esse barulho acelerava ou ficava mais lento conforme a velocidade da Maria Fumaça. Pela janela via-se a locomotiva lá em frente e uma fileira de vagões fazendo curvas, atravessando florestas e paredões de rochedos. [...] Quando a Maria Fumaça se aproximava de lugarejos ou estações, o trem diminuía a velo cidade e apitava alto, parecia dizer: – Chegueeeeeiii! As pessoas que aguardavam na estação tinham os rostos festivos e cheios de expectativas. O leva e traz diário de coisas e gente, de encontros e desencontros movimentava as cidades. Era assim, quando eu [...] viajava de Maria Fumaça para a casa da minha avó, em 1965. *Vocabulário: 1 locomotiva: trem. 2comboio: conjunto de veículos.",D21 - Reconhecer o efeito decorrente do emprego de recursos estilísticos e morfossintáticos.,"Nesse texto, o termo “des-” na palavra “desencontros” produz o sentido de",c,sinalizar oposição.,"['demostrar repetição.', 'indicar duplicidade.', 'sinalizar oposição.', 'revelar superioridade.']",8° ano,SPAECE,Avaliação paraná
Quem é esse Will?,"Sente-se. [...] Meu nome é Willian Leite. Sou designer gráfico, quadrinista e ilustrador. Nasci em 1986 na discreta cidade de Porecatu, no Paraná. Atualmente moro em Apucarana, ainda no Paraná. Sou formado em Publicidade e Propaganda e pós-graduado em Design, Cognição e Mídia. O design foi até aqui o meu maior ganha-pão. Mas pouco a pouco o Will Tirando vem tomando conta da minha vida. Faço tiras desde 2007. Comecei publicando nas redes sociais da vida. Meu público era minha família e meus amigos. No início as tiras tinham um estilo bem conhecido no mundo das webcomics: o stickman ou boneco palitinho. Diante de muitas críticas e da necessidade de mudança, fui adaptando meu estilo até chegar no que é hoje. Sou só mais um cartunista influenciado pelos gigantes dos quadrinhos nacionais. Meus personagens, como você pode notar, não têm nariz [...]. Isso não é só influência. Isso é opção também. Meus desenhos não são bonitos, mas são felizes. Na internet ganhei um bom espaço graças (principalmente) a sites de humor [...]. É estranho elogiar o próprio trabalho, mas atribuo a boa aceitação dos leitores ao fato desses se identificarem com o conteúdo das tiras – que quase sempre abordam temas bem populares, por ter um estilo próprio e por publicar com boa frequência. O blog já ultrapassou a marca de 1000 tiras publicadas (sem contar as tiras palitos). Outro aspecto que cativa certos leitores é a pureza que as tiras carregam. [...] Há quem diga que as tiras despertam o poder de reflexão. Não sei… não é a prioridade que tenho quando as faço. [...]",D21 - Reconhecer o efeito decorrente do emprego de recursos estilísticos e morfossintáticos.,"Nesse texto, no trecho “... ou boneco palitinho.” a terminação “-inho” na palavra ""palitinho"" produz o sentido de",d,sugerir afetividade.,"['apontar reprovação.', 'demonstrar deboche.', 'marcar incerteza.', 'sugerir afetividade.']",8° ano,SPAECE,Avaliação paraná
Suas coisas estão uma bagunça? [...],"Você já ouviu a frase: “se você sente que sua vida está bagunçada, comece arrumando suas gavetas”? Apesar de estranho, saiba que faz sentido: ordenar o exterior é um exercício para conseguir se organizar mentalmente, que pode ser com metas, objetivos ou mesmo listas de tarefas mais claras e objetivas – e, preferencialmente, que sejam possíveis de serem completadas. [...] Em determinadas situações projetamos no ambiente externo aquilo que nos incomoda, o que pode transparecer na ausência de mínima organização dos objetos, móveis, roupas, materiais etc., ou resumindo, uma bagunça. [...] cada um de nós se adapta ao ambiente externo de maneira única, portanto, alguns são aparentemente mais organizados, enquanto outros são mais desorganizados no dia a dia. Esses padrões comportamentais são comuns e não necessariamente refletem em problemas. Arrumar a bagunça externa dá um alívio, uma sensação de espaço nos conforta e a energia flui melhor. Mas, se internamente vivemos em estados de estresse, a vida vai sempre tender ao caos e logo a bagunça se instalará novamente. [...] Por isso, o ideal é buscar sempre estados interiores de alegria, paz interior, coragem, calma e gratidão que tornam possível criarmos relacionamentos harmoniosos, resultados que realmente nos satisfazem e soluções eficazes. [...]",D21 - Reconhecer o efeito decorrente do emprego de recursos estilísticos e morfossintáticos.,"Nesse texto, na palavra “desorganizados” o prefixo em ""des"" produz o sentido de",b,negação.,"['repetição.', 'negação.', 'superioridade.', 'duplicidade.']",8° ano,SPAECE,Avaliação paraná
Praias onde vale a pena curtir o verão Prepare-se para escolher os lugares ideais para o banho de mar [...],"Está chegando o momento mais aguardado do ano. É quando os estudos dão uma trégua, o trabalho fica para depois e as únicas coisas importantes para fazer são curtir o sol, praticar esportes e aproveitar a paisagem. Para onde ir? Os 9.198 quilômetros do litoral brasileiro abrigam lugares paradisíacos, onde o banho de mar e a areia branquinha são uma tentação para quem passou 11 meses do ano vendo o mar a distância. Mas é preciso ser realista. Há pedaços da costa perdidos para as férias. “Em geral, a condição do litoral brasileiro é ruim para os banhos de mar”, confirma Luiz Roberto Tommasi, um dos maiores especialistas em poluição marinha do país, que há anos avalia as condições das praias. Diante da imensidão azul, pode parecer que o quadro não é assim tão grave. Afinal, o mar deveria diluir a sujeira toda deixada pelos turistas concentrados nesta época do ano. Mas o excesso de esgoto não se manifesta apenas pelo cheiro desagradável, a cor escura da água e o lixo generalizado. O esgoto mata o plâncton que produz o oxigênio e carrega bactérias nocivas e materiais que não são degradados. Entra na cadeia alimentar marinha e contamina os peixes. [...] A poluição das praias não é causada apenas pelo esgoto e a sujeira deixada pelos banhistas mal-educados. O petróleo que vaza dos navios, por exemplo, causa danos ecológicos que perduram durante anos. Mas é um problema localizado. A poluição mais grave do litoral brasileiro é provocada pelo saneamento deficiente. Apenas 4,8% da população das cidades costeiras é atendida pela rede de esgoto. As consequências na qualidade da água do mar são percebidas por meio de exames do nível de coliformes fecais. As medições periódicas indicam se a praia está contaminada por esgoto [...]. Muitos jornais costumam dar os resultados desses exames, principalmente no verão. Mas os interessados também podem acompanhar a situação de sua praia favorita pela internet [...].",D21 - Reconhecer o efeito decorrente do emprego de recursos estilísticos e morfossintáticos.,"No texto, no trecho “... onde o banho de mar e a areia branquinha são uma tentação...” o uso do diminutivo no termo ""branquinha""",d,"intensifica a cor da areia.
","['demonstra afeto.', 'destaca a extensão da praia.', 'indica ironia.', 'intensifica a cor da areia.\r']",8° ano,SPAECE,Avaliação paraná
Família paranaense fatura medalha de prata em concurso de queijo mais importante do mundo,"O Paraná foi muito bem representado no Concours Mondial du Fromage et des Produits Laitiers (Concurso Mundial dos Queijos e Laticínios). A premiação aconteceu de 12 a 14 de setembro, em Tours, na França. Os produtores de leite, Marisa Alexandre Martins e Leomar Melo Martins, responsáveis pelo Sítio Aliança, localizado no município Santana do Itararé, conquistaram a medalha de prata. A grande aposta da família Martins foi o queijo Maná Concafé Gourmet, com 30 dias de maturação. “O nosso queijo é feito de leite de vaca Jersey com gordura e qualidade alta. É feito com café gourmet de altíssima qualidade e precisa de 30 dias de maturação na câmara fria. É saboroso e possui um gosto não muito forte de café”, explica Leomar. Segundo o produtor, o prêmio internacional coloca o Estado do Paraná em posição de destaque. “O Paraná está entrando no âmbito nacional e internacional, isso demonstra que temos produtos originais de qualidade e seguros. Ganhar um prêmio internacional como esse, principalmente, para nós que somos de uma pequena propriedade de agricultura familiar do Norte do Paraná, é indescritível.” ressaltou a família Martins. [...] No total, participaram da competição 940 queijos de 46 países. Destes, 183 vieram de 57 produtores brasileiros, que garantiram 57 medalhas ao país: cinco delas foram super ouro, as mais importantes da disputa. O Brasil ainda conquistou 11 medalhas de ouro, 24 de prata e 17 de bronze. Ao todo, 331 medalhas foram concedidas na competição.",D21 - Reconhecer o efeito decorrente do emprego de recursos estilísticos e morfossintáticos.,"Nesse texto, o sufixo “-íssima”, na palavra “altíssima” produz o sentido de",c,indicar intensidade.,"['apontar negação.', 'demonstrar origem.', 'indicar intensidade.', 'sugerir anterioridade.']",8° ano,SPAECE,Avaliação paraná
Resenhas – O Pequeno Príncipe,"[...] Que livro fantástico! Ele atende todos os públicos, ensina lições para qualquer idade e sua linguagem fácil colabora para isso. Ser criança é ver a vida de forma mais colorida, é sonhar e ter esperança de que irá realizar. É ter as brincadeiras e a imaginação como as grandes atividades do dia. Bem se fala que devemos ter a pureza e o coração de uma criança, pois elas veem além do superficial. Por isso, deixar que a nossa criança interior viva é nos permitir olhar além do que vemos. Permita-se apreciar os prazeres da vida e a desfrutar dos momentos que vivencia, assim, você perceberá que o essencial é invisível aos olhos, porque o que é bom é visto pelo coração. Cativa as relações adquiridas ao longo da caminhada e não se esqueça: todo adulto já foi uma criança cheia de sonhos. Você já realizou os seus?",D21 - Reconhecer o efeito decorrente do emprego de recursos estilísticos e morfossintáticos.,"Nesse texto, na palavra “invisível”, o prefixo “in-” produz o sentido de",c,"marcar negação.
","['apontar intensidade.', 'indicar tamanho.', 'marcar negação.\r', 'sinalizar repetição.']",9° ano,SPACE,Avaliação paraná
Animais domésticos,"Olá, pessoal da CHC! Gostamos muito dos textos de divulgação científica. Gostaríamos que vocês publicassem uma reportagem sobre animais que vivem em sociedade. Alunos do 4º ano da E.M.E.F. Monsenhor João Telho. Ibapuã/SP. [...]",D21 - Reconhecer o efeito decorrente do emprego de recursos estilísticos e morfossintáticos.,"Nesse texto, no trecho “Gostaríamos que vocês publicassem...” o verbo ""Gostaríamos"" produz o sentido de",c,indicar um desejo cuja ocorrência é incerta.,"['apontar uma ordem que precisa ser atendida.', 'exibir uma ação que ocorre no tempo presente.', 'indicar um desejo cuja ocorrência é incerta.', 'mostrar um fato que ocorrerá no tempo futuro.']",9° ano,SPACE,Avaliação paraná
Tieta do Agreste,"[...] AINDA DE LONGE, ANTES DE TRANSPOR A PORTA DOS CORREIOS, Elisa lê, na atitude de dona Carmosina, a comprovação do que já sabia com certeza: a carta não chegara. Faz­se mais pálida a face de Elisa, os pés de chumbo, a voz inarticulada, quase um gemido: – Nada? [...] dona Carmosina indica a correspondência do dia, escassa, espalhada no balcão: – Nada! Hoje não veio nenhuma carta registrada. [...] – Que demora, hein? Em todos esses anos, nunca atrasou tanto… – Mais de dez anos… – gemeu Elisa. – Onze anos e sete meses – corrigiu dona Carmosina, escrupulosa nos detalhes. – Inda me lembro da primeira carta, como se fosse hoje. Quando abri o saco, senti logo o cheiro, naquele tempo ela usava um perfume mais forte que o de agora, encheu a sala. Que carta será essa?, perguntei a mim mesma e li correndo o sobrescrito e o nome do remetente. Estava dirigida a seu pai ou a qualquer membro da família Esteves e quem enviava era Antonieta Esteves [...].",D21 - Reconhecer o efeito decorrente do emprego de recursos estilísticos e morfossintáticos.,"Nesse texto, no trecho: “... a voz inarticulada,...” o prefixo ""in""­ na palavra ""inarticulada"" produz o sentido de",d,negação.,"['repetição.', 'quantidade.', 'superioridade.', 'negação.']",9° ano,SPACE,Avaliação paraná
Capítulo LIII,"Mr. Wickham ficou tão satisfeito com a conversação que nunca mais mencionou aquele assunto em presença de Elizabeth. Esta, por sua vez, ficou satisfeita de ter dito o suficiente para silenciá­lo. Breve chegou o dia da partida de Lydia. E Mrs. Bennet foi obrigada a se submeter à separação, que provavelmente duraria pelo menos um ano. – Oh, minha querida Lydia – exclamou ela –, quando nos tornaremos a ver? – Não sei. Daqui a dois ou três anos talvez. – Não deixe de me escrever sempre, meu bem. – Escreverei sempre que puder. [...] As despedidas de Mr. Wickham foram muito mais afetuosas do que as de sua mulher. Sorriu, fez pose, disse muitas coisas bonitas. [...] A perda da filha fez Mrs. Bennet ficar triste vários dias. – Muitas vezes penso – disse ela – que não há nada mais doloroso do que o fato de se separar dos amigos. A gente se sente tão abandonada… – A senhora deve compreender, mamãe, que isto é a consequência de casar uma filha – disse Elizabeth. – Deve ficar contente [...]",D21 - Reconhecer o efeito decorrente do emprego de recursos estilísticos e morfossintáticos.,"Nesse texto, no trecho: “– Escreverei sempre que puder.” a forma verbal utilizada produz o sentido de",c,marcar uma ação que acontecerá no futuro.,"['apontar uma ação passada não terminada.', 'indicar uma ação concluída no passado.', 'marcar uma ação que acontecerá no futuro.', 'mostrar uma ação que ocorre no momento da fala.']",9° ano,SPACE,Avaliação paraná
ABC,"Quando a gente aprende a ler, as letras, nos livros, são grandes. Nas cartilhas – pelo menos nas cartilhas do meu tempo – as letras eram enormes. Lá estava o A, como uma grande tenda. O B, com seu grande busto e sua barriga ainda maior. O C, sempre pronto a morder a letra seguinte com a sua grande boca. O D, com seu ar próspero de grão-senhor. Etc. Até o Z, que sempre me parecia estar olhando para trás. Talvez porque não se convencesse que era a última letra do alfabeto e quisesse certificar-se de que atrás não vinha mais nenhuma. As letras eram grandes, claro, para que decorássemos a sua forma. Mas não precisavam ser tão grandes. Que eu me lembre, minha visão na época era perfeita. Nunca mais foi tão boa. E no entanto os livros infantis eram impressos com letras graúdas e entrelinhas generosas. E as palavras eram curtas. Para não cansar a vista. À medida que a gente ia crescendo, as letras iam diminuindo. E as palavras, aumentando. Quando não se tem mais uma visão de criança é que se começa, por exemplo, a ler jornal, com seus tipos miúdos e linhas apertadas que requerem uma visão de criança. Na época em que começamos a prestar atenção em coisas como notas de pé de página, bulas de remédio e subcláusulas de contrato, já não temos mais metade da visão perfeita que tínhamos na infância [...]. Chegamos à idade de ler grossos volumes em corpo 1 6 quando só temos olhos para as letras gigantescas, coloridas e cercadas de muito branco, dos livros infantis. Quanto mais cansada a vista, mais exigem dela. Alguns recorrem à lente de aumento para seccionar as grandes palavras em manejáveis monossílabos infantis. [...] O E, que sempre parecia querer distância das outras. O R! Todas as letras tinham pé, mas o R era o único que chutava. O V, que aparecia em várias formas: refletido na água (o X), de muletas (o M), com o irmão siamês (o W). O Q, que era um O com a língua de fora. De tanto ler palavras, nunca mais reparamos nas letras. E de tanto ler frases, nunca mais notamos as palavras, com todo o seu mistério. Por exemplo: pode haver palavra mais estranha do que “esdrúxulo”? É uma palavra, sei lá. Esdrúxula. [...] As cartilhas, com sua alegre simplicidade, serviam para dissimular os terrores que a língua nos reservava. Como “esdrúxulo”. Para não falar em “autóctone”. Ou, meu Deus, em “seborreia”! Na verdade, acho que as crianças deviam aprender a ler nos livros do Hegel e em longos tratados de metafísica. Só elas têm a visão adequada à densidade do texto, o gosto pela abstração e tempo disponível para lidar com o infinito. E na velhice, com a sabedoria acumulada numa vida de leituras, com as letras ficando progressivamente maiores à medida que nossos olhos se cansavam, estaríamos então prontos para enfrentar o conceito básico de que vovô vê a uva, e viva o vovô. [...]",D21 - Reconhecer o efeito decorrente do emprego de recursos estilísticos e morfossintáticos.,"Nesse texto, no trecho “Na época em que começamos a prestar atenção em coisas como [...] subcláusulas de contrato,...” o uso de “sub” na palavra ""subcláusulas""",d,reforça o fato de a letra ser minúscula.,"['apresenta uma crítica às cartilhas infantis.', 'marca a área em que o narrador trabalha.', 'mostra a saudade do narrador da infância.', 'reforça o fato de a letra ser minúscula.']",9° ano,SPACE,Avaliação paraná
Epitáfio,Devia ter amado mais Ter chorado mais Ter visto o sol nascer Devia ter arriscado mais [...] Ter feito o que eu queria fazer Queria ter aceitado As pessoas como elas são [...] O acaso vai me proteger Enquanto eu andar distraído [...] Devia ter complicado menos Trabalhado menos Ter visto o sol se pôr Devia ter me importado menos Com problemas pequenos Ter morrido de amor Queria ter aceitado A vida como ela é A cada um cabe alegrias E a tristeza que vier,D21 - Reconhecer o efeito decorrente do emprego de recursos estilísticos e morfossintáticos.,"Nesse texto, há uma ideia de exagero nos versos:",d,“A cada um cabe alegrias”,"['“Devia ter amado mais”', '“Ter visto o sol se pôr""', '“Ter morrido de amor” ', '“A cada um cabe alegrias”']",9° ano,SPAECE,Simulado 01 SPAECE
A abelha gulosa,"A abelha era muito gulosa, de tal forma que passava o dia inteiro a beber o néctar das flores. Sua obrigação, como membro ativo da colmeia, era levar para a comunidade de abelhas o néctar necessário para o sustento diário de todas. Mas ela esquecia-se de tudo, tal era a obsessão de comer. — Abelhinha, não é correto o que você faz, disse-lhe uma de suas companheiras. Além de não cumprir a sua obrigação na colmeia, está prejudicando a si própria. Não vê, por acaso, como está ficando gorda? A abelha fazia-se de surda aos conselhos desse tipo e continuava no seu come-come. Engordou tanto, que aconteceu uma tragédia. A abelhinha regressou à colmeia, ao anoitecer. Tentou passar pela porta, mas não conseguiu. Estava gordíssima! Suas companheiras tentaram ajudá-la, mas foi tudo inútil e a abelhinha glutona teve que ficar lá fora, sujeita às intempéries. Na manhã seguinte, suas companheiras encontraram-na congelada. Não tinha conseguido resistir ao intenso frio da noite",D21 - Reconhecer o efeito decorrente do emprego de recursos estilísticos e morfossintáticos.,"Nesse texto, no trecho “Estava gordíssima!” a terminação “íssima” foi utilizada para",c,enfatizar o quanto a abelha estava gorda.,"['destacar o conselho da amiga da abelha.', 'deixar o texto engraçado', 'enfatizar o quanto a abelha estava gorda.', 'revelar um comentário irônico.']",9° ano,SPAECE,Simulado 01 SPAECE
Ah… a praia!,"Minha fascinação por ela é uma imensidão [...]. E pensar que é formada na mais tranquila e paciente espera. Foram necessários milhões de anos para podermos desfrutar de algumas horas do dia; no meu caso, de um bom feriado. Largo meus afazeres e presto somente atenção nela. O vento que vem de lá traz-me uma felicidade que não encontro nesse lado de cá. Mesmo que seja por pouco tempo, faço tudo para que esse tempo seja necessário, não para que desfrute de tudo que ela ofereça, e sim para que eu sempre sinta vontade de visitá-la. Sua voz é tão linda que tem concha que teima a imitá-la. Repare como ela é completa. Sinto o quente da areia, o frio da maré que chega. Oferece-me comida. Nunca me canso de falar dos ensinamentos da natureza. Tudo que vale a pena deve ser cultivado na medida certa do tempo. O perfeito é criado sem muita pressa, tornando-se duradouro. Que assim seja meu amor por ela. Quente quando está perto, frio quando a saudade aperta. Alimentado por tudo que está dentro dela. E que surja no tempo certo, para que possamos desfrutar na medida certa por um tempo indefinido. Para que no final eu possa prestar somente atenção nela.",D21 - Reconhecer o efeito decorrente do emprego de recursos estilísticos e morfossintáticos.,"Nesse texto, o trecho que apresenta termos com sentidos opostos é:",d,"“Quente quando está perto, frio quando a saudade aperta”","['“Minha fascinação por ela é uma imensidão [...].”', '“Sua voz é tão linda que tem concha que teima a imitá-la.”', '“Nunca me canso de falar dos ensinamentos da natureza.”', '“Quente quando está perto, frio quando a saudade aperta”']",9° ano,SPAECE,Simulado 01 SPAECE
Mulheres Possíveis,"[...] Sou a Miss Imperfeita, muito prazer. Trabalho todos os dias, ganho minha grana [...] sou ocupada, mas não uma workaholic. Por mais disciplinada e responsável que eu seja, aprendi duas coisinhas que operam milagres. Primeiro: a dizer NÃO. Segundo: a não sentir um pingo de culpa por dizer NÃO. [...] se não aprender a delegar, a priorizar e a se divertir, bye-bye vida interessante. Porque vida interessante não é ter a agenda lotada, não é topar qualquer projeto por dinheiro, não é atender a todos e criar para si a falsa impressão de ser indispensável. É ter tempo. Tempo para fazer nada. Tempo para fazer tudo. Tempo para uma massagem. Tempo para fazer um trabalho voluntário. Tempo, principalmente, para descobrir que você pode ser perfeitamente organizada e profissional sem deixar de existir. Porque nossa existência não é contabilizada por um relógio de ponto ou pela quantidade de memorandos virtuais que atolam nossa caixa postal. Existir, a que será que se destina? Destina-se a ter o tempo a favor, e não contra. A mulher moderna anda muito antiga. Acredita que, se não for super, se não for mega [...] não será bem avaliada. Se o trabalho é um pedação de sua vida, ótimo! [...] Desde que lembre de separar alguns bons momentos da semana para usufruir essa independência, senão é escravidão, a mesma que nos mantinha trancafiadas em casa, espiando a vida pela janela. Desacelerar tem um custo. Talvez seja preciso esquecer a bolsa Prada, o hotel decorado pelo Philippe Starck e o batom da M.A.C. Mas, se você precisa vender a alma ao diabo para ter tudo isso, francamente, está precisando rever seus valores",D21 - Reconhecer o efeito decorrente do emprego de recursos estilísticos e morfossintáticos.,O trecho abaixo que apresenta elementos com sentidos opostos é:,c,“A mulher moderna anda muito antiga.”,"['“...aprendi duas coisinhas que operam milagres...”', '“Tempo para fazer um trabalho voluntário.” ', '“A mulher moderna anda muito antiga.”', '“Desacelerar tem um custo.”']",9° ano,SPAECE,Simulado 01 SPAECE
A Cidade dos Resmungos,"Era uma vez um lugar chamado Cidade dos Resmungos, onde todos resmungavam, resmungavam, resmungavam. No verão, resmungavam que estava muito quente. No inverno, que estava muito frio. Quando chovia, as crianças choramingavam porque não podiam sair. Quando fazia sol, reclamavam que não tinham o que fazer. Os vizinhos queixavam-se uns dos outros, os pais queixavam-se dos filhos, os irmãos das irmãs. Todos tinham um problema, e todos reclamavam que alguém deveria fazer alguma coisa. Um dia chegou à cidade um mascate carregando um enorme cesto às costas. Ao perceber toda aquela inquietação e choradeira, pôs o cesto no chão e gritou: — Ó cidadãos deste belo lugar! Os campos estão abarrotados de trigo, os pomares carregados de frutas. As cordilheiras são cobertas de florestas espessas, e os vales banhados por rios profundos. Jamais vi um lugar abençoado por tantas conveniências e tamanha abundância. Por que tanta insatisfação? Aproximem-se, e eu lhes mostrarei o caminho para a felicidade. [...] ele puxou uma corda comprida do cesto e a esticou entre dois postes na praça da cidade. Então, segurando o cesto diante de si, gritou: — Povo desta cidade! Aqueles que estiverem insatisfeitos escrevam seus problemas num pedaço de papel e ponham dentro deste cesto. Trocarei seus problemas por felicidade! A multidão se aglomerou ao seu redor. Ninguém hesitou diante da chance de se livrar dos problemas. Todo homem, mulher e criança da vila rabiscou sua queixa num pedaço de papel e jogou no cesto. Eles observaram o mascate pegar cada problema e pendurá-lo na corda. [...] Então ele disse: — Agora cada um de vocês deve retirar desta linha mágica o menor problema que puder encontrar. Todos correram para examinar os problemas. Procuraram, manusearam os pedaços de papel e ponderaram, cada qual tentando escolher o menor problema. Depois de algum tempo a corda estava vazia. Eis que cada um segurava o mesmíssimo problema que havia colocado no cesto. Cada pessoa havia escolhido o seu próprio problema, julgando ser ele o menor da corda. Daí por diante, o povo daquela cidade deixou de resmungar o tempo todo. E sempre que alguém sentia o desejo de resmungar ou reclamar, pensava no mascate e na sua corda mágica.",D21 - Reconhecer o efeito decorrente do emprego de recursos estilísticos e morfossintáticos.,"Nesse texto, no trecho “Eis que cada um segurava o mesmíssimo problema...” a terminação ""íssimo"" foi empregada para",b,enfatizar que ninguém trocou de problema.,"['demonstrar desprezo pelo problema.', 'enfatizar que ninguém trocou de problema.', 'indicar uma opinião do personagem.', 'ressaltar que o problema era insignificante.\r']",9° ano,SPAECE,Simulado 01 SPAECE
O tesouro da casa de lambrequins amarelos,"– Não vou! Gritava o guri abraçado ao videogame [...]. – VAMOS! E a última palavra sobre o assunto ficou por conta do pai. Depois de algumas afogadas o motor do fusca funcionou e pegaram a estrada. A lua já ia alta no céu quando o carro parou e a mãe disse eufórica: – Queridos, chegamos! O piá ainda chateado entrou na casa com passos pesados e bateu a porta da sala com força, tanta força que o único quadro que enfeitava a parede caiu e desmontou-se. [...] foi quando viu colado no verso da imagem um papel amarelecido pelo tempo. Desdobrou-o com cuidado e... – Um mapa do tesouro! Murmurou para ninguém ouvir. Limpou a lambança [...] sonhando com um baú cheio de moedas de ouro e joias [...]. – Trinta passos com pernas de pau para o sudoeste. Um.... dois. E a contagem de passos o levou à casinha. [...] Sentado, ficou olhando as paredes de madeira, as aranhas penduradas [...], foi quando percebeu uma tábua meio solta meio presa e fuçando ali descobriu uma lata de metal. – Será o tesouro? [...] Mostrou a lata ao pai que ao abri-la ficou encantado. [...] – Que que é? [...] – É uma coleção de figurinhas lançada por uma marca de bala [...]. Na manhã seguinte, pai e filho estavam na porta da casinha para recomeçar a busca [...]. E a busca pelo tesouro continuou nos dias que vieram e levou os caçadores à descoberta de brinquedos e brincadeiras. Bilboquê, pião, carrinho de rolimã, um mundo de alegrias e diversão. Um dia [...] o pai alcançou um lambrequim amarelo do telhado e [...] ali encontrou uma nova parte do mapa do tesouro que dizia para dar 33 giros em direção ao portão. – Um... dois... vinte e um... trinta. Pai e filho, de tão tontos com os giros, caíram no jardim em meio a bocas-de-leão, lírios, jasmins, sentiram o cheiro das flores, da grama e viram o céu azul [...]. Antes de partir de volta à capital, o piá [...] dobrou meticulosamente o papel amarelado e o colocou atrás do quadro e pensou: – Quem sabe outro menino bate a porta e descobre o tesouro [...]. *Vocabulário: 1 lambrequins: enfeite que fica habitualmente preso no teto das casas.",D20 - Reconhecer o efeito de sentido decorrente do uso da pontuação e de outras notações.,"Nesse texto, no trecho “– Será o tesouro?” o ponto de interrogação produz o sentido de",c,indicar uma dúvida.,"['apontar espanto.\r', 'enfatizar um alerta.', 'indicar uma dúvida.', 'demonstrar euforia.']",8° ano,SPAECE,Avaliação paraná
Jurássicas penas,"Olá, CHC! Gostei muito da notícia do dinossauro com penas. Fiquei em dúvida se ele é só carnívoro ou onívoro (comem carne e vegetais), seria legal se vocês publicassem sobre isso. Também não sabia que existiam dinossauros que tinham penas no rabo. Podem publicar, por favor, a minha carta? Sophie Sauer Harber Machado. Curitiba/PR. Oi, Sophie. Veja a sua carta publicada! Sobre os dinossauros, você pode encontrar essas res postas na CHC digital!",D20 - Reconhecer o efeito de sentido decorrente do uso da pontuação e de outras notações.,"Nesse texto, no trecho “Olá, CHC!” o ponto de exclamação produz o sentido de",b,indicar entusiasmo.,"['demostrar raiva.', 'indicar entusiasmo.', 'sinalizar ironia.', 'reforçar saudade']",8° ano,SPAECE,Avaliação paraná
-,"Está se sentindo desmotivado, desanimado e sem energia? Então [...] aprenda alguns bons hábitos para vencer a preguiça. Um pouco de preguiça não faz mal a ninguém... E ela é ótima principalmente quando trabalhamos duro por várias horas, ou quando ficamos na cama em um dia muito frio. No entanto, quando ela passa a dominar nossos dias [...] é hora de começar a [...] vencer a preguiça. [...] Em alguns casos, a preguiça pode ser resultado de cansaço e falta de energia. Se esse for o seu caso, você precisa dar a si mesmo o descanso e o sono que precisa. Além disso, busque fazer bastante exercício físico. Isso lhe dará uma energia extra para enfrentar a semana. [...] Em alguns casos, o motivo da preguiça é devido à falta de motivação. Você pode fortalecer sua motivação por meio de afirmações positivas e autoconhecimento. [...] Concentre-se em fazer uma coisa de cada vez. [...] Sua imaginação tem uma grande influência em sua mente, hábitos e ação. Visualize-se realizando a tarefa com facilidade, energia e entusiasmo. [...] Vencer a preguiça só é possível se fizermos uma série de ações e atividades diárias. Toda vez que você supera, sua preguiça fica mais forte. [...]",D20 - Reconhecer o efeito de sentido decorrente do uso da pontuação e de outras notações.,"No texto, no trecho “Está se sentindo desmotivado, desanimado e sem energia?”, o ponto de interrogação produz o sentido de",b,estabelecer um diálogo com o leitor.,"['demonstrar um deboche do autor.', 'estabelecer um diálogo com o leitor.', 'indicar uma surpresa do autor.', 'revelar uma preocupação com o leitor.\r']",8° ano,SPAECE,Avaliação paraná
Suas coisas estão uma bagunça? [...],"Você já ouviu a frase: “se você sente que sua vida está bagunçada, comece arrumando suas gavetas”? Apesar de estranho, saiba que faz sentido: ordenar o exterior é um exercício para conseguir se organizar mentalmente, que pode ser com metas, objetivos ou mesmo listas de tarefas mais claras e objetivas – e, preferencialmente, que sejam possíveis de serem completadas. [...] Em determinadas situações projetamos no ambiente externo aquilo que nos incomoda, o que pode transparecer na ausência de mínima organização dos objetos, móveis, roupas, materiais etc., ou resumindo, uma bagunça. [...] cada um de nós se adapta ao ambiente externo de maneira única, portanto, alguns são aparentemente mais organizados, enquanto outros são mais desorganizados no dia a dia. Esses padrões comportamentais são comuns e não necessariamente refletem em problemas. Arrumar a bagunça externa dá um alívio, uma sensação de espaço nos conforta e a energia flui melhor. Mas, se internamente vivemos em estados de estresse, a vida vai sempre tender ao caos e logo a bagunça se instalará novamente. [...] Por isso, o ideal é buscar sempre estados interiores de alegria, paz interior, coragem, calma e gratidão que tornam possível criarmos relacionamentos harmoniosos, resultados que realmente nos satisfazem e soluções eficazes. [...]",D20 - Reconhecer o efeito de sentido decorrente do uso da pontuação e de outras notações.,"Nesse texto, no trecho: “‘...comece arrumando suas gavetas’?” o ponto de interrogação produz o sentido de",d,marcar um diálogo com o leitor.,"['indicar insegurança.', 'demonstrar incompreensão.', 'destacar uma ironia do autor.', 'marcar um diálogo com o leitor.']",8° ano,SPAECE,Avaliação paraná
Praias onde vale a pena curtir o verão Prepare-se para escolher os lugares ideais para o banho de mar [...],"Está chegando o momento mais aguardado do ano. É quando os estudos dão uma trégua, o trabalho fica para depois e as únicas coisas importantes para fazer são curtir o sol, praticar esportes e aproveitar a paisagem. Para onde ir? Os 9.198 quilômetros do litoral brasileiro abrigam lugares paradisíacos, onde o banho de mar e a areia branquinha são uma tentação para quem passou 11 meses do ano vendo o mar a distância. Mas é preciso ser realista. Há pedaços da costa perdidos para as férias. “Em geral, a condição do litoral brasileiro é ruim para os banhos de mar”, confirma Luiz Roberto Tommasi, um dos maiores especialistas em poluição marinha do país, que há anos avalia as condições das praias. Diante da imensidão azul, pode parecer que o quadro não é assim tão grave. Afinal, o mar deveria diluir a sujeira toda deixada pelos turistas concentrados nesta época do ano. Mas o excesso de esgoto não se manifesta apenas pelo cheiro desagradável, a cor escura da água e o lixo generalizado. O esgoto mata o plâncton que produz o oxigênio e carrega bactérias nocivas e materiais que não são degradados. Entra na cadeia alimentar marinha e contamina os peixes. [...] A poluição das praias não é causada apenas pelo esgoto e a sujeira deixada pelos banhistas mal-educados. O petróleo que vaza dos navios, por exemplo, causa danos ecológicos que perduram durante anos. Mas é um problema localizado. A poluição mais grave do litoral brasileiro é provocada pelo saneamento deficiente. Apenas 4,8% da população das cidades costeiras é atendida pela rede de esgoto. As consequências na qualidade da água do mar são percebidas por meio de exames do nível de coliformes fecais. As medições periódicas indicam se a praia está contaminada por esgoto [...]. Muitos jornais costumam dar os resultados desses exames, principalmente no verão. Mas os interessados também podem acompanhar a situação de sua praia favorita pela internet [...].",D20 - Reconhecer o efeito de sentido decorrente do uso da pontuação e de outras notações.,"No texto, no trecho “‘Em geral, a condição do litoral brasileiro é ruim para os banhos de mar’”,... as aspas foram usadas para",b,indicar a fala de uma pessoa.,"['destacar o uso de expressão irônica.', 'indicar a fala de uma pessoa.', 'introduzir um comentário do autor.', 'marcar um trecho importante.']",8° ano,SPAECE,Avaliação paraná
Empresa traz peixe fresco a Curitiba e gera renda extra para pescadores artesanais,"Foi durante a faculdade que o estudante de oceanografia da Universidade Federal do Paraná, Bryan Muller, 30, percebeu as dificuldades enfrentadas no dia a dia pelos pescadores artesanais em Matinhos e Pontal do Paraná. O gargalo principal está na comercialização dos pescados: como conseguir que os atravessadores paguem um preço justo aos pescadores? “Os pequenos pescadores não têm estrutura para estocar grandes quantidades de pescado e não têm acesso a canais de venda direta, por isso sempre dependeram dos atravessadores”, explica Muller. [...] Em setembro de 2018, a situação [...] desses produtores levou o estudante a criar a Olha o Peixe!, uma empresa com um olho no negócio e outro no impacto sobre pessoas e meio ambiente. Ao vender seus produtos para a Olha o Peixe!, os pescadores recebem valores bem acima dos praticados pelo mercado. Segundo Bryan, em alguns casos, a renda mensal dos pescadores aumentou em até 200%. Do preço para o consumidor final, 60% do dinheiro vai para o pescador, o restante para a empresa. [...] “A importância do projeto é também criar uma nova cultura entre os consumidores e fazer um contraponto à enorme indústria de tilápia e salmão”, diz Bryan. A zootecnista, Regina Nicodemo Cândido, 57, virou cliente assídua no final do ano passado. “Acho legal apoiar os pescadores. De longe não podemos fazer muita coisa, mas pequenos gestos podem fazer a diferença”, avalia. [...]",D20 - Reconhecer o efeito de sentido decorrente do uso da pontuação e de outras notações.,"Nesse texto, no trecho “... levou o estudante a criar a Olha o Peixe!,...” o ponto de
exclamação produz o sentido de",b,indicar entusiasmo.,"['expressar raiva.', 'indicar entusiasmo.', 'marcar deboche.', 'reforçar espanto.']",7° ano,SPAECE,Avaliação paraná
ABC,"Quando a gente aprende a ler, as letras, nos livros, são grandes. Nas cartilhas – pelo menos nas cartilhas do meu tempo – as letras eram enormes. Lá estava o A, como uma grande tenda. O B, com seu grande busto e sua barriga ainda maior. O C, sempre pronto a morder a letra seguinte com a sua grande boca. O D, com seu ar próspero de grão-senhor. Etc. Até o Z, que sempre me parecia estar olhando para trás. Talvez porque não se convencesse que era a última letra do alfabeto e quisesse certificar-se de que atrás não vinha mais nenhuma. As letras eram grandes, claro, para que decorássemos a sua forma. Mas não precisavam ser tão grandes. Que eu me lembre, minha visão na época era perfeita. Nunca mais foi tão boa. E no entanto os livros infantis eram impressos com letras graúdas e entrelinhas generosas. E as palavras eram curtas. Para não cansar a vista. À medida que a gente ia crescendo, as letras iam diminuindo. E as palavras, aumentando. Quando não se tem mais uma visão de criança é que se começa, por exemplo, a ler jornal, com seus tipos miúdos e linhas apertadas que requerem uma visão de criança. Na época em que começamos a prestar atenção em coisas como notas de pé de página, bulas de remédio e subcláusulas de contrato, já não temos mais metade da visão perfeita que tínhamos na infância [...]. Chegamos à idade de ler grossos volumes em corpo 1 6 quando só temos olhos para as letras gigantescas, coloridas e cercadas de muito branco, dos livros infantis. Quanto mais cansada a vista, mais exigem dela. Alguns recorrem à lente de aumento para seccionar as grandes palavras em manejáveis monossílabos infantis. [...] O E, que sempre parecia querer distância das outras. O R! Todas as letras tinham pé, mas o R era o único que chutava. O V, que aparecia em várias formas: refletido na água (o X), de muletas (o M), com o irmão siamês (o W). O Q, que era um O com a língua de fora. De tanto ler palavras, nunca mais reparamos nas letras. E de tanto ler frases, nunca mais notamos as palavras, com todo o seu mistério. Por exemplo: pode haver palavra mais estranha do que “esdrúxulo”? É uma palavra, sei lá. Esdrúxula. [...] As cartilhas, com sua alegre simplicidade, serviam para dissimular os terrores que a língua nos reservava. Como “esdrúxulo”. Para não falar em “autóctone”. Ou, meu Deus, em “seborreia”! Na verdade, acho que as crianças deviam aprender a ler nos livros do Hegel e em longos tratados de metafísica. Só elas têm a visão adequada à densidade do texto, o gosto pela abstração e tempo disponível para lidar com o infinito. E na velhice, com a sabedoria acumulada numa vida de leituras, com as letras ficando progressivamente maiores à medida que nossos olhos se cansavam, estaríamos então prontos para enfrentar o conceito básico de que vovô vê a uva, e viva o vovô. [...]",D20 - Reconhecer o efeito de sentido decorrente do uso da pontuação e de outras notações.,No trecho “Nas cartilhas – pelo menos nas cartilhas do meu tempo – as letras eram enormes.” os travessões têm a função de,d,marcar um comentário.,"['apresentar uma definição', 'destacar uma crítica.', 'iniciar um diálogo.', 'marcar um comentário.']",9° ano,SPACE,Avaliação paraná
"Lêdo, o livrinho que queria ser lido","“Ninguém me vê...”, murmurava Lêdo, o livrinho esquecido na prateleira. [...] “Será que estou muito escondido?”, dizia Lêdo, ajeitando-se mais na ponta da prateleira. “Hummm, aqui está melhor. Agora sim, com certeza, vão me ver”. Mas ninguém o viu. [...] [...] Ele vê alunos e alunas passando por perto. “Olha, está vindo um menino, outro, agora uma menina e... passaram. Nem me viram.” [...] “A minha historinha é tão legal. Tantas crianças já riram e se emocionaram comi- go. Por que agora estão me ignorando?” Sem saber o que fazer, Lêdo foi procurar o doutor Livraldo, o grande médico dos livros. – Doutor Livraldo! Doutor Livraldo! gritava Lêdo, na biblioteca. – Quem me chama [...]? Apareceu [...] o doutor Livraldo. – Sou eu, doutor, o Lêdo. Estou muito preocupado. – Ora, e com o quê? Você é um livro tão jovem. – Acho que as crianças não gostam mais de mim. Elas passam nas prateleiras e não me leem. Estou muito triste com isso. Desse jeito vou virar enfeite ou ser esquecido. – Me deixe examiná-lo, – falava o doutor. [...] [...] as suas folhas estão um pouco apagadas de tanto serem usadas pelas crianças. Elas gostavam tanto de você que o marcavam, escreviam em você, e as letrinhas foram se apagando. Me deixa restaurar suas páginas. Assim, Doutor Livraldo mexe aqui e acolá, pinta, reescreve e remenda e... “Ah, agora sim, você está novo de novo.” – Legal, doutor Livraldo, estou novinho em folha! Daí, Lêdo voltou a sua estante muito contente e radiante. Quando a criançada viu aquele livro como novo fosse, passou a pegá-lo na estante, a lê-lo e a contar as suas histórias. Afinal, Lêdo tinha muito o que dizer. [...]",D20 - Reconhecer o efeito de sentido decorrente do uso da pontuação e de outras notações.,"Nesse texto, no trecho “‘Ninguém me vê...’” as aspas foram utilizadas para",d,mostrar a fala de um personagem.,"['citar uma obra.', 'dar um exemplo.', 'explicar o significado de uma palavra.', 'mostrar a fala de um personagem. ']",6° ano,SPAECE,Avaliação paraná
Cães inteligentes,"Olá, pessoal da CHC! Nós, do 2o ano, lemos o artigo Esperto para cachorro na apostila da minha escola e resolvemos escrever porque gostamos muito. Adoramos saber que os cachorros podem entender as pessoas. Isso é muito legal! Alunos do 2o ano [...]. Campinas/SP. [...] Bom saber que vocês gostaram do texto. Visitem a CHC digital e fiquem por dentro de outras curiosidades sobre bichos e muito mais!",D20 - Reconhecer o efeito de sentido decorrente do uso da pontuação e de outras notações.,"Nesse texto, no trecho “... fiquem por dentro de outras curiosidades sobre bichos e muito mais!”, o ponto de exclamação produz o sentido de",d,mostrar entusiasmo.,"['demonstrar espanto.', 'evidenciar admiração.', 'indicar deboche. \r', 'mostrar entusiasmo.']",6° ano,SPAECE,Avaliação paraná
Cubo mágico: filme sobre o brinquedo está sendo desenvolvido!,"[...] um filme sobre o cubo mágico, um dos brinquedos mais famosos do mundo, está sendo desenvolvido [...]. Detalhes da produção não foram divulgados e estão sendo mantidos em segredo! O filme [...] ainda não tem previsão de estreia. Vamos aguardar! Para quem não sabe, o cubo mágico foi criado em 1974 pelo arquiteto e escultor húngaro Erno Rubik e até hoje já foram vendidos mais de 450 milhões de cubos mágicos ao redor do mundo. EITA! [...]",D20 - Reconhecer o efeito de sentido decorrente do uso da pontuação e de outras notações.,"Nesse texto, na expressão “EITA!” o ponto de exclamação produz o sentido de",c,mostrar admiração.,"['demonstrar saudade.', 'indicar deboche.', 'mostrar admiração.\r', 'revelar irritação.\r']",6° ano,SPAECE,Avaliação paraná
Blog da Galera: Minha aventura para ver o show do Paul McCartney,"Isabella Vieira, da Galera CAPRICHO, foi atrás do beatle, que está no Brasil, em outra cidade! Por Isabella Otto 16 out 2017, 19h27 Tu curte Rock, bebê?*(risos) E aí, galera!? Aqui quem fala é a Bella Vieira e vim contar como foi minha experiência de conferir o show do Paul McCartney que rolou na última sexta-feira, 13, no Beira-Rio, em Porto Alegre. Apesar do tempo fechado e da garoa chata, o estádio lotou! O Beatle, mesmo setentão (Paul tem 75 anos), interagiu, rebolou e falou muito português com os fãs. A apresentação foi simplesmente extraordinária, alegre e emocionante! Na minha opinião, o mais legal foi ver várias gerações cantando e se emocionando juntas. Foi a prova de que música não tem mesmo prazo de validade… Apesar de ficar duas horas na fila [...] e de ter viajado só para conferir a apresentação (moro em Passo Fundo, no Rio Grande do Sul), o músico não deixou nada a desejar e mostrou para todos que ainda tem disposição de sobra com suas quase três horas de show! Se você quiser ir atrás de um artista em outra cidade, veja se conhece algum amigo de confiança que possa te dar um suporte. E aí, já viajou atrás do seu ídolo? Como foi a experiência? Beijos, @vieiraisabellaa",D20 - Reconhecer o efeito de sentido decorrente do uso da pontuação e de outras notações.,"Nesse texto, no trecho “E aí, já viajou atrás do seu ídolo?” o ponto de interrogação produz um sentido de",c,mostrar surpresa.,"['indicar uma preocupação do autor.', 'marcar uma interação com o leitor.\r', 'mostrar surpresa.', 'sugerir deboche']",6° ano,SPAECE,Avaliação paraná
Quem roubou a alegria do palhaço?,"No circo Arrelia, os palhaços viviam levando alegria para todas as crianças. […] o mais engraçado era o palhaço Pirulito. […] Certo dia, Pirulito apareceu com a carinha muito triste. - Porque você está triste, meu amigo? - Você não vai acreditar, mas eu perdi a alegria e não consigo encontrá-la em nenhum lugar. Talita, a menina que andava sobre uma bola, ouvindo a conversa, disse a Pirulito: - Não se preocupe, eu vou ajudá-lo. E lá se foram os dois à procura da alegria perdida. Vendo o trapezista, eles perguntaram: - Você viu onde foi a alegria do palhaço Pirulito? - Não, eu não vi. Pergunta ao homem que anda na corda-bamba, talvez ele saiba. […] Ele […] disse que não havia visto a alegria do palhaço […]. Mas […] deu uma sugestão: - Por que vocês não procuram o mágico Xaulim? Ele é um sujeito misterioso, talvez tenha escondido a alegria do palhaço dentro de sua cartola. Talita e Pirulito foram à procura do alojamento do mágico Xaulim. […] Quando o mágico estava num sono profundo, eles […] pegaram a cartola e saíram correndo. […] E lá dentro bem escondida, eles viram a alegria do palhaço Pirulito […]. Mais que depressa, Talita colocou a cartola na cabeça do palhaço Pirulito. Que transformação!... Voltou a alegria do palhaço! […]",D20 - Reconhecer o efeito de sentido decorrente do uso da pontuação e de outras notações.,"Nesse texto, no trecho “Que transformação!”, o ponto de exclamação produz o sentido de",d,reforçar admiração.,"['apontar susto.', 'indicar dúvida.', 'mostrar irritação.', 'reforçar admiração.']",6° ano,SPAECE,Avaliação paraná
Um dia no campo,"A boneca Limãozinho foi visitar sua amiga, a boneca Fazendinha, que morava no campo. – Que maravilha de lugar, Fazendinha. Aqui há muitas frutas gostosas, como maçã, pera, uva, banana, jabuticaba, laranja... – disse Limãozinho. – Isso mesmo, amiga! Eu adoro este lugar, o ar puro, a companhia dos animais, a comida fresquinha... não troco isto aqui por nada – elogiou Fazendinha. Limãozinho gostou tanto da vida no campo que se mudou para lá e foi ajudar Fazendinha a cuidar dos bichos e do imenso pomar repleto de frutas que havia naquele lugar mágico e encantador. Agora, além das maravilhas da natureza, o campo contava com a presença das duas lindas bonecas.",D20 - Reconhecer o efeito de sentido decorrente do uso da pontuação e de outras notações.,"Nesse texto, no trecho: “– Isso mesmo, amiga!” o ponto de exclamação produz o sentido de",d,empolgação.,"['medo.', 'irritação.', 'deboche.', 'empolgação.']",6° ano,SPAECE,Avaliação paraná
Hora do banho,"Depois de um dia inteirinho você merece um descanso, né? Tome um banho bem gostoso... mas poupe água! Fique somente o necessário debaixo do chuveiro. Assim que terminar de tirar o sabão feche a torneira: 5 minutos de banho gastam cerca de 30 litros de água!",D20 - Reconhecer o efeito de sentido decorrente do uso da pontuação e de outras notações.,"Na frase “Tome um banho bem gostoso... mas poupe água!”, o ponto de exclamação é usado para",c,fazer um alerta.,"['mostrar indignação', 'demonstrar surpresa. ', 'fazer um alerta.\r', 'indicar uma pergunta.\r']",6° ano,SPAECE,Avaliação paraná
"Orquestra Criança Cidadã Meninos do Ipojuca ensaia para primeira apresentação
Concerto vai acontecer no dia 23 de dezembro em frente à sede do Projeto","Dois meses depois da inauguração do núcleo Orquestra Criança Cidadã Meninos do Ipojuca, as 100 crianças do Projeto estão empenhadas ensaiando para sua primeira apresentação que vai acontecer no dia 23 de dezembro para os moradores do Distrito de Camela e convidados. O evento vai acontecer em frente à sede do projeto, [...] centro de Camela. O projeto da Orquestra em Camela é fruto de uma parceria entre a Associação Beneficente Criança Cidadã (ABCC), ONG gestora da Orquestra, e a Prefeitura do Ipojuca [...]. Os alunos, que têm entre 8 e 16 anos, têm aula de segunda a sexta e ensaio com todos os alunos juntos aos sábado. “A dedicação dos jovens é geral. Não existe falta [...]. O grupo é bastante comprometido e eles mostram que estão gostando do que fazem.”, comemorou o músico e coordenador pedagógico do Projeto, Márcio Pereira.",D20 - Reconhecer o efeito de sentido decorrente do uso da pontuação e de outras notações.,"Nesse texto, no trecho “A dedicação dos jovens é geral. Não existe falta [...]. O grupo é bastante comprometido e eles mostram que estão gostando do que fazem.”, as aspas foram usadas para",c,marcar a fala de uma pessoa.,"['apresentar uma gíria popular.', 'indicar um trecho de outro texto. ', 'marcar a fala de uma pessoa.', 'mostrar o título de uma música.']",6° ano,SPAECE,Avaliação paraná
O cômodo vazio,"Um homem acorda num cômodo vazio. [...] Confuso, tateia ao redor de si a fim de encontrar algo. Sem achar nada além do chão [...], põe-se sentado e olha para os lados: quatro paredes, encardidas, lhe guardam, silenciosas, num quadrilátero. Olha para cima: há um teto, no mesmo estado das paredes. Botando-se de gatinhas, teima em vasculhar o piso, agora indo além de onde despertou, seguindo por todos os lugares e cantos. [...] Nada. Desalentado, encara o teto. [...] Dá alguns pulos com os braços esticados, já sabendo que não daria certo, mas insiste mesmo assim, renovando seu desgosto. Angustiado, [...] senta-se no chão e leva as mãos à cabeça. Sua testa está escorregadia de suor, e fecha os olhos para pensar melhor. “Ora, este é um cômodo. E está vazio. Se estou nele... ... entrei por algum lugar.” Concluindo o óbvio, abre os olhos e vasculha novamente os arredores. Sente vergonha de si quando repara que havia uma porta numa das paredes, o tempo todo. Apalpa [...] os bolsos vazios: nada de chave. “Como saio?” Levanta-se e vai até a porta. Gira a maçaneta. “Está aberta!” Sai do cômodo e segue seu caminho, como já devia ter feito desde o começo desta estória.",D20 - Reconhecer o efeito de sentido decorrente do uso da pontuação e de outras notações.,"Nesse texto, no trecho “Se estou nele...” as reticências produzem o sentido de",b,mostrar uma reflexão por parte do personagem.,"['indicar que o personagem esqueceu o que ia falar.\r', 'mostrar uma reflexão por parte do personagem. ', 'provocar dúvida no leitor.', 'revelar a indecisão do autor']",7° ano,SPAECE,Avaliação paraná
Maria Castanha,"O céu estava cinzento e quase nunca aparecia o sol, mas enquanto não chovia iam brincar no jardim. Um jardim muito grande e bonito, com uma grade pintada de verde a toda volta, de modo que não havia perigo de os automóveis entrarem e atropelarem os meninos que corriam e brincavam à vontade, de muitas maneiras: uns andavam nos baloiços¹ e nos escorregas, [...] outros metiam os pés por entre as folhas secas e faziam-nas estalar – crac, crac – debaixo das botas, outros corriam de braços abertos atrás dos pombos, que se levantavam e fugiam, também de asas abertas. Era bom ir ao jardim. E mesmo sem haver sol, os meninos sentiam os pés quentinhos e ficavam com as bochechas encarnadas² de tanto correr e saltar. Uma vez apareceu no jardim uma menina diferente: não tinha bochechas encarnadas, mas uma carinha redonda, castanha, com dois grandes olhos escuros e brilhantes. – Como te chamas? – Perguntaram-lhe. – Maria. Às vezes chamam-me Maria Castanha. – Que engraçado, Maria Castanha! Queres brincar? – Quero. Foram brincar ao jogo do apanhar. A Maria Castanha corria mais do que todos. – Quem me apanha? Ninguém me apanha! – Ninguém apanha a Maria Castanha! [...]",D20 - Reconhecer o efeito de sentido decorrente do uso da pontuação e de outras notações.,"No trecho “– Que engraçado, Maria Castanha!” o ponto de exclamação produz o sentido de",d,reforçar a admiração dos meninos pelo nome da menina.,"['demonstrar a agitação da brincadeira das crianças.', 'marcar o susto da menina ao encontrar os meninos.', 'mostrar o medo dos automóveis sentido pelas crianças.', 'reforçar a admiração dos meninos pelo nome da menina.']",7° ano,SPAECE,Avaliação paraná
A Viagem,"Um dia eu acordei com alguém me chamando. Eram João e Maria, me dando chocolates, caramelos e sonhos da casa de doces da bruxa. Pouco depois, Pinóquio me apresentou Gepeto. Os três porquinhos me mostraram pelos do lobo. Nesse momento, acordei e vi que estava no meu quarto. Um livro de capa verde no chão me lembrou que estava lendo contos de fada. Mas me senti como se tivesse sido teletransportado. Foi uma viagem inesquecível. Venha fazê­la comigo!",D20 - Reconhecer o efeito de sentido decorrente do uso da pontuação e de outras notações.,"Nesse texto, no trecho “Venha fazê-la comigo!”, o ponto de exclamação produz o sentido de",c,reforçar um convite.,"['apontar um lamento.', 'indicar deboche.', 'reforçar um convite.', 'revelar admiração.']",7° ano,SPAECE,Avaliação paraná
De bem com a vida,"Filó, a joaninha, acordou cedo. – Que lindo dia! Vou aproveitar para visitar minha tia. [...] Filó colocou seu vestido amarelo de bolinhas pretas, passou batom cor-de-rosa, calçou os sapatinhos de verniz, pegou o guarda-chuva preto e saiu pela floresta: plecht, plecht... Andou, andou... e logo encontrou Loreta, a borboleta. – Que lindo dia! – E pra que esse guarda-chuva preto, Filó? – É mesmo! – pensou a joaninha. E foi para casa deixar o guardachuva. De volta à floresta: – Sapatinhos de verniz? Que exagero! – disse o sapo Tatá. Hoje nem tem festa na floresta. – É mesmo! – pensou a joaninha. E foi para casa trocar os sapatinhos. De volta à floresta: – Batom cor-de-rosa? Que esquisito! – disse Téo, o grilo falante. – É mesmo! – disse a joaninha. E foi para casa tirar o batom. – Vestido amarelo com bolinhas pretas? Que feio! Por que não usa o vermelho? – disse a aranha Filomena. – É mesmo! – pensou Filó. E foi para casa trocar de vestido. Cansada de tanto ir e voltar, Filó resmungava pelo caminho. O Sol estava tão quente que a joaninha resolveu desistir do passeio. Chegando em casa, ligou para tia Matilde. – Titia, vou deixar a visita para outro dia. – O que aconteceu, Filó? – Ah! Tia Matilde! Acordei cedo, me arrumei bem bonita e saí andando pela floresta. Mas no caminho... – Lembre-se, Filozinha... gosto de você do jeitinho que você é. Venha amanhã, estarei te esperando com um almoço bem gostoso. No dia seguinte, Filó acordou de bem com a vida. Colocou seu vestido amarelo de bolinhas pretas, amarrou a fita na cabeça, passou batom cor-de-rosa, calçou seus sapatinhos de verniz, pegou o guardachuva preto, saiu andando apressadinha pela floresta, plecht, plecht, plecht... e só parou para descansar no colo gostoso da tia Matilde.",D20 - Reconhecer o efeito de sentido decorrente do uso da pontuação e de outras notações.,No trecho “– Que lindo dia!” o ponto de exclamação foi utilizado para,b,expressar a emoção da joaninha em relação ao dia.,"['destacar o fato de que a joaninha acordou cedo.', 'expressar a emoção da joaninha em relação ao dia.', 'mostrar a alegria da joaninha em se arrumar.', 'ressaltar a felicidade da joaninha ao visitar a tia']",7° ano,SPAECE,Avaliação paraná
O pardal que queria ser águia,"“Minhocas! Eca! Isso é comida para bebês!”, Tuco, o pequeno pardal, nunca deixa de irritar seus amigos. Um dia, ele vai visitar sua mãe e diz: “Eu, mais tarde, vou me tornar uma águia dourada!”, “Mas, querido, mais tarde você vai continuar sendo o que já é: um pequeno pardal” – explica-lhe a mãe. “Não, eu vou ser uma ave de rapina poderosa! Você vai ver! Além do mais, hoje à noite no jantar, vou comer um carneiro que eu mesmo vou pegar.” Ele voa sobre o campo próximo e começa a pairar sobre um rebanho de ovelhas. Vê uma bem gorda e crava suas unhas nas costas dela. “Quem está aí nas minhas costas?” – pergunta a ovelha. “Sou eu, o Tuco! Você está presa! Eu capturei você!” – disse com sua voz baixinha. “Quem é você? Eu não consigo nem vê-lo” – perguntou a ovelha, se divertindo. “Você é minha prisioneira agora!” – diz Tuco. Mas, de repente, ele escorrega e cai entre as pernas da ovelha. Ela inclina-se até ele: “Oh, oh! Vejam só, uma águia dourada!” E ela pega o pequeno pardal entre os dentes e o carrega de volta para sua mãe, dizendo: “Estou trazendo de volta a sua terrível águia.”. Ele nem consegue olhar para a mãe. Essa foi a primeira e única aventura de Tuco, a águia dourada!",D20 - Reconhecer o efeito de sentido decorrente do uso da pontuação e de outras notações.,"No trecho “‘Eu não consigo nem vê-lo’ – perguntou a ovelha, se divertindo.” o travessão foi utilizado para",d,"marcar um comentário do narrador.
","['destacar a opinião do autor', 'indicar a fala de uma personagem.', 'iniciar um parágrafo do texto', 'marcar um comentário do narrador.\r']",7° ano,SPAECE,Avaliação paraná
Cabelos brancos,"Vivo meus dias em busca de calor, sabor e melodia. Sabe quando você encontra algo ou alguém que não te deixa sentir mais frio? Penso que isso torna tudo mais doce e mágico e te faz escutar dentro da sua cabeça voada uma música boba e romântica onde tudo cria algum sentido. Pois é, justo naquele momento onde tudo parecia tão confuso. Você acaba caindo na real com um tapinha na testa. E assim vai criando a consciência de que está em uma dessas furadas onde os supostos apaixonados sempre são vistos como verdadeiros babões. Mas às vezes o ser humano tem que entrar em uma dessas furadas para ter do que se lembrar. Viver algo desejável, vivenciável e imprevisível. Penso o quanto seria chato ter previsões de um ideológico futuro, sendo que o legal de um relacionamento são as surpresas que ele pode nos oferecer. Não é mesmo? Desenhar, sonhar e esperar algo que você deseja pode ser satisfatório. Mas e quando esse desenho sai do papel ainda melhor que seus rabiscos e detalhes? Não seria incrível? Você se surpreende, a vida nos surpreende. [...]",D20 - Reconhecer o efeito de sentido decorrente do uso da pontuação e de outras notações.,"Nesse texto, no trecho: “Não é mesmo?” o ponto de interrogação produz o sentido de",c,dialogar com o leitor.,"['negar uma ideia.', 'indicar desânimo.', 'dialogar com o leitor.', 'expressar um desejo;']",7° ano,SPAECE,Avaliação paraná
Praias onde vale a pena curtir o verão,"Está chegando o momento mais aguardado do ano. É quando os estudos dão uma trégua, o trabalho fica para depois e as únicas coisas importantes para fazer são curtir o sol, praticar esportes e aproveitar a paisagem. Para onde ir? Os 9.198 quilômetros do litoral brasileiro abrigam lugares paradisíacos, onde o banho de mar e a areia branquinha são uma tentação para quem passou 11 meses do ano vendo o mar a distância. Mas é preciso ser realista. Há pedaços da costa perdidos para as férias. “Em geral, a condição do litoral brasileiro é ruim para os banhos de mar”, confirma Luiz Roberto Tommasi, um dos maiores especialistas em poluição marinha do país, que há anos avalia as condições das praias. Diante da imensidão azul, pode parecer que o quadro não é assim tão grave. Afinal, o mar deveria diluir a sujeira toda deixada pelos turistas concentrados nesta época do ano. Mas o excesso de esgoto não se manifesta apenas pelo cheiro desagradável, a cor escura da água e o lixo generalizado. O esgoto mata o plâncton que produz o oxigênio e carrega bactérias nocivas e materiais que não são degradados. Entra na cadeia alimentar marinha e contamina os peixes. [...] A poluição das praias não é causada apenas pelo esgoto e a sujeira deixada pelos banhistas mal-educados. O petróleo que vaza dos navios, por exemplo, causa danos ecológicos que perduram durante anos. Mas é um problema localizado. A poluição mais grave do litoral brasileiro é provocada pelo saneamento deficiente. Apenas 4,8% da população das cidades costeiras é atendida pela rede de esgoto. As consequências na qualidade da água do mar são percebidas por meio de exames do nível de coliformes fecais. As medições periódicas indicam se a praia está contaminada por esgoto [...]. Muitos jornais costumam dar os resultados desses exames, principalmente no verão. Mas os interessados também podem acompanhar a situação de sua praia favorita pela internet [...].",D20 - Reconhecer o efeito de sentido decorrente do uso da pontuação e de outras notações.,"No texto, no trecho “‘Em geral, a condição do litoral brasileiro é ruim para os banhos de mar...’” as aspas foram usadas para",b,indicar a fala de uma pessoa.,"['destacar o uso de expressão irônica. ', 'indicar a fala de uma pessoa.', 'introduzir um comentário do autor.', 'marcar um trecho importante.']",7° ano,SPAECE,Avaliação paraná
Problemas do Leite de Soja,"O leite de soja é uma das mais usadas opções alternativas ao leite de vaca, principalmente por causa da intolerância à lactose, sendo colocado pela mídia e alguns profissionais de saúde como uma bebida saudável. Mas o que médicos atualizados e estudos têm a dizer sobre isso? Uma das principais razões para evitar produtos de soja é porque a grande maioria da soja cultivada é geneticamente modificada (OGM). A variedade transgênica plantada em 90% no Brasil é de soja Roundup – projetada para sobreviver sendo envenenada com quantidades letais do herbicida Roundup da Monsanto. O glifosato, principal agente ativo do Roundup, é um dos produtos químicos mais tóxicos utilizados na agricultura hoje. O leite de soja também contém o aditivo carragenina, uma substância que pode causar inflamação gastrointestinal e úlceras. [...] A soja inibe também a absorção de minerais. [...] A qualidade dos ingredientes do leite de soja também é um problema, muitos possuem açúcares, xarope de milho, amido, corantes e aromatizantes, que são substâncias que não fazem bem à saúde.",D20 - Reconhecer o efeito de sentido decorrente do uso da pontuação e de outras notações.,"Nesse texto, no trecho “Mas o que médicos atualizados e estudos têm a dizer sobre isso?” o uso do ponto de interrogação produz o sentido de",d,"indicar uma dúvida.
","['apontar espanto.', 'demonstrar euforia.', 'enfatizar um alerta.', 'indicar uma dúvida.\r']",9° ano,SPACE,Avaliação paraná
Animais domésticos,"Olá, pessoal da CHC! Gostamos muito dos textos de divulgação científica. Gostaríamos que vocês publicassem uma reportagem sobre animais que vivem em sociedade. Alunos do 4º ano da E.M.E.F. Monsenhor João Telho. Ibapuã/SP. [...]",D20 - Reconhecer o efeito de sentido decorrente do uso da pontuação e de outras notações.,"Nesse texto, o ponto de exclamação produz o sentido de",c,marcar entusiasmo.,"['demonstrar irritação', 'indicar deboche.', 'marcar entusiasmo.', 'reforçar surpresa. \r']",9° ano,SPACE,Avaliação paraná
A vizinha antipática que sabia matemática,"[...] Parecia uma sexta-feira como outra qualquer quando um caminhão de mudança parou em frente ao número 134 da minha rua, o sobrado geminado com o que eu moro. O pessoal da mudança descarregou uns móveis pesadões, uma escrivaninha irada, cheia de gavetinhas, parecida com a do meu avô. Do meu jardim, fiquei de olho em tudo. Quando o pessoal terminou de descarregar os móveis da casa, começou a tirar do caminhão umas caixas, milhares de caixas... Talvez centenas... Bem, umas dez caixas eu garanto que tinha. Aí apareceu uma senhora com cara de avó. Mas não vi nenhum neto. Uma mulher nem alta nem baixa e com os cabelos nem curtos nem compridos. Ela pagou aos homens da mudança e, quando ia entrando em casa, me viu. Não sei por que, mas me deu um frio na barriga, igual ao que tinha antes das aulas de matemática. A mulher me olhou, de baixo pra cima e de cima pra baixo, [...] entrou na casa e fechou a porta. [...] Ela podia ter dito alguma coisa do tipo: “Oi, você mora aí?”. Ou: “Oi, eu sou sua nova vizinha”. Mas nada. Fez que nem me viu [...]. Vizinha antipática! [...].",D20 - Reconhecer o efeito de sentido decorrente do uso da pontuação e de outras notações.,"Nesse texto, no trecho “‘Oi, você mora aí? ’” o ponto de interrogação foi utilizado para",b,indicar uma dúvida.,"['demonstrar insegurança.', 'indicar uma dúvida.', 'mostrar compreensão.', 'realizar um convite.']",9° ano,SPACE,Avaliação paraná
Riqueza,"Qual a verdadeira riqueza desse mundo? No dicionário é sinônimo de abundância, ostentação e luxo. Mas acredito que esteja longe disso. Recentemente tive dois exemplos claros de que a riqueza de fato está contida em outra fonte. Vi um programa que mostrou a história de um senhor heptagenário que possui três empregos humildes, acorda as 4:00 para começar a rica jornada de trabalho, adorado por todos habitantes da pacata cidadezinha. Quer saber se é infeliz? Seu sorriso espontâneo a todo momento responde essa pergunta. Quer outro exemplo? Há alguns dias fui hospedado na casa de um grande amigo. Casa simples que acompanha uma família simples e linda. A todo momento sou questionado se estou sendo bem tratado. A todo momento recebo pedido de desculpas por qualquer falha na hospedagem. Para minha surpresa, encontro uma mesa farta sempre, e quando digo farta não significa nenhuma ostentação. Encontro também uma mãe autônoma que cria seus filhos com muita intuição e amor. Intuição que é expresso no coração bondoso de seus filhos; ajudado por um padrasto carinhoso e dedicado. Sou uma pessoa rica? Sou à medida que aprendo com o senhor heptagenário e choro com sua história de superação. Sou à medida que extraio dessa família todas as qualidades que preciso para ter uma família verdadeiramente rica de sentimentos e preceitos de vida. Quero viver dessa fonte de forma inesgotável.",D20 - Reconhecer o efeito de sentido decorrente do uso da pontuação e de outras notações.,"Nesse texto, no trecho “Qual a verdadeira riqueza desse mundo?” o ponto de interrogação no final da frase foi usado com a intenção de",b,estimular uma reflexão no leitor.,"['acrescentar uma informação.', 'estimular uma reflexão no leitor.', 'fazer uma explicação.', 'indicar uma citação de outro autor.']",9° ano,SPAECE,Simulado 01 SPAECE
A pesquisadora do IBGE e o minerim…,"Uma pesquisadora do IBGE bate à porta de um sitiozinho escondido no sul de Minas (perto de Varginha). — Essa terra dá mandioca? — Não, senhora. – Responde o roceiro. — Dá batata? — Também não, senhora! — Dá feijão? — Nunca deu! — Arroz? — De jeito nenhum! — Milho? — Nem brincando! — Quer dizer que por aqui não adianta plantar nada? — Ah! … Se prantá é diferente…",D20 - Reconhecer o efeito de sentido decorrente do uso da pontuação e de outras notações.,"Nesse texto, no trecho “...escondido no sul de Minas (perto de Varginha).” os parênteses foram usados para",a,acrescentar uma informação.,"['acrescentar uma informação.', 'fazer um questionamento.', 'indicar um comentário irônico.', 'revelar uma opinião do autor.']",9° ano,SPAECE,Simulado 01 SPAECE
Brasil é o 4º maior produtor de lixo plástico do mundo e recicla apenas 1%,"O Brasil é o 4º maior produtor de lixo plástico do mundo, atrás apenas de Estados Unidos, China e Índia. O país também é um dos que menos recicla este tipo de lixo: apenas 1,2% é reciclado, ou seja, 145.043 toneladas. Os dados são do estudo feito pelo Fundo Mundial para a Natureza (WWF, sigla em inglês). O relatório “Solucionar a Poluição Plástica – Transparência e Responsabilização"" será apresentado na Assembleia das Nações Unidas para o Meio Ambiente (UNEA-4), que será realizada em Nairóbi, no Quênia, de 11 a 15 de março. Veja os números: • Brasil produz 11.355.220 milhões de toneladas de lixo plástico por ano • Cada brasileiro produz 1 kg de lixo plástico por semana • Somente 145.043 toneladas de lixo plástico são recicladas • 2,4 milhões de toneladas de plástico são descartadas de forma irregular • 7,7 milhões de toneladas ficam em aterros sanitários • Mais de 1 milhão de toneladas não é recolhida no país O Brasil é um dos países que menos recicla no mundo ficando atrás de Yêmen e Síria e bem abaixo da média mundial que é de 9%. Dentre os maiores produtos de lixo plástico, é o que menos recicla.",D20 - Reconhecer o efeito de sentido decorrente do uso da pontuação e de outras notações.,"Nesse texto, no trecho “...estudo feito pelo Fundo Mundial para a Natureza (WWF, sigla em inglês).” os parênteses foram usados para",b,fazer uma explicação.,"['expressão uma opinião.', 'fazer uma explicação.', 'indicar uma pausa.', 'sugerir um diálogo. ']",9° ano,SPAECE,Simulado 01 SPAECE
Pipa - Um charme de lugar!,"Eu simplesmente amei esse lugar!! Nas ruas de Pipa você ouve diversas línguas: holandês, espanhol, inglês [...] É incrível a quantidade de turistas estrangeiros que a vila recebe. Pipa é tão lindo que a sua fama corre o mundo. As praias são lindas! A praia central de Pipa é maravilhosa. A praia do amor é linda vista de cima do Chapadão... a água desenha na areia o formato de um coração [...] É uma visão tão linda que nos faz meditar na grandeza de Deus! Ah! E já ia esquecendo: outra coisa imperdível é ver o pôr do sol na Lagoa Guaraíras [...] Enfim, todos os dias que eu passei em Pipa foram maravilhosos [...] para quem gosta de admirar as belezas naturais do nosso país, é uma viagem que vale a pena.",D20 - Reconhecer o efeito de sentido decorrente do uso da pontuação e de outras notações.,"Nesse texto, no trecho “As praias são lindas!” o sinal de exclamação no final da frase sugere",a,admiração.,"['admiração.', 'arrogância.', 'arrogância.', 'ironia.']",9° ano,SPAECE,Simulado 01 SPAECE
Alvinho,"O Alvinho encarava um batente que não era mole. Se virava mais que charuto em boca de bêbado por uma grana muito mixuruca, que mal dava pra ele escorar os repuxos. Coisa que não é mole, hoje em dia, com a vida custando os olhos da cara como anda. Muito nego se abilola. Principalmente se o pinta é casado e tem montes de filhos pra sustentar. Às vezes, entra em bobeira e sai falando sozinho. E esse era o lance do Alvinho. Cheio de bronca com a sinuca de bico em que estava, ficava pelos botecos cavernosos e biroscas escamosas fazendo o maior quás-quás-quás da paróquia: — Estou na piorada. Sei que estou. Mas um dia vira o jogo. Tem que virar. Do jeito que está não pode ser. Vê eu? Mino linha de frente, me atucanando nessa zorra encardida. Tá direito? Tá, não. Eu, Alvinho boa cuca, cheio de embaixada, perdido aqui nessa joça. Entregue às traças. A perigo perpétuo. Um dia tem que mudar. E como esse papo que ele engrenava não dizia nada a ninguém, o jeito era ele mesmo continuar charlando: — Nasci pra ser tratado a pão-de-ló. E, no entanto, estou só comendo capim pela raiz. Não dá pedal. Um dia me arrumo. Claro que era conversa de bêbado. Nem o mais loque dos ouvintes botava fé. [...]",D20 - Reconhecer o efeito de sentido decorrente do uso da pontuação e de outras notações.,"Nesse texto, no trecho “Tá direito?” o ponto de interrogação no final da frase reforça o sentimento de",c,indignação.,"['humildade.', 'indiferença.', 'indignação.', 'medo.']",9° ano,SPAECE,Simulado 01 SPAECE
"Débora Juchem, 33 anos","Prezada Índigo: Com imensa alegria informo que recebi teus livros. Quando comecei a ler, só larguei ao chegar no final!!! Com certeza, os leitores gaúchos ficarão mais alegres com tuas produções!! Tua maneira de escrever é realmente envolvente e cativa o leitor!! Parecia que eu estava dentro da história SENSACIONAL!!! Um abraço do tamanho do Rio Grande!",D19 – Reconhecer o efeito de sentido decorrente da escolha de uma determinada palavra ou expressão.,"Nesse texto, a palavra “SENSACIONAL” foi escrita com letras maiúsculas para",d,reforçar elogio.,"['indicar espanto.', 'marcar uma ironia.', 'mostrar uma ordem.', 'reforçar elogio.']",7° ano,SPAECE,Avaliação paraná
Gatos detestam portas fechadas; veterinários explicam por quê,"Você sabia que os gatos odeiam portas fechadas? De acordo com especialistas, esses animais curiosos não gostam de pensar que não sabem o que tem por trás daquele ambiente. Segundo a veterinária Gabby Wild, você não consegue dizer para um gato o que fazer. “Então, quando fechamos uma porta para eles, eles naturalmente querem ter acesso ao que podem perceber como seu próprio território ou investigar o desconhecido”, disse ela [...]. A Dra. Wild acrescentou que os gatos podem não ser grandes fãs de portas fechadas por uma série de razões que remontam à sua natureza investigativa e territorial. “Eles podem detectar outros gatos, cheirar algo atraente ou desejar objetos, de comida a brinquedos, passando por humanos que coçam as costas, do outro lado da porta”, afirmou. [...]",D19 – Reconhecer o efeito de sentido decorrente da escolha de uma determinada palavra ou expressão.,"No texto, no trecho “... investigar o desconhecido...”, a palavra ""investigar"" produz o sentido de",b,explicitar que os gatos gostam de explorar novos ambientes.,"['demonstrar que os especialistas estavam fazendo uma pesquisa.', 'explicitar que os gatos gostam de explorar novos ambientes.', 'indicar que os gatos querem permanecer escondidos.', 'mostrar que os especialistas costumam lidar com mistérios.']",7° ano,SPAECE,Avaliação paraná
O cômodo vazio,"Um homem acorda num cômodo vazio. [...] Confuso, tateia ao redor de si a fim de encontrar algo. Sem achar nada além do chão [...], põe-se sentado e olha para os lados: quatro paredes, encardidas, lhe guardam, silenciosas, num quadrilátero. Olha para cima: há um teto, no mesmo estado das paredes. Botando-se de gatinhas, teima em vasculhar o piso, agora indo além de onde despertou, seguindo por todos os lugares e cantos. [...] Nada. Desalentado, encara o teto. [...] Dá alguns pulos com os braços esticados, já sabendo que não daria certo, mas insiste mesmo assim, renovando seu desgosto. Angustiado, [...] senta-se no chão e leva as mãos à cabeça. Sua testa está escorregadia de suor, e fecha os olhos para pensar melhor. “Ora, este é um cômodo. E está vazio. Se estou nele... ... entrei por algum lugar.” Concluindo o óbvio, abre os olhos e vasculha novamente os arredores. Sente vergonha de si quando repara que havia uma porta numa das paredes, o tempo todo. Apalpa [...] os bolsos vazios: nada de chave. “Como saio?” Levanta-se e vai até a porta. Gira a maçaneta. “Está aberta!” Sai do cômodo e segue seu caminho, como já devia ter feito desde o começo desta estória.",D19 – Reconhecer o efeito de sentido decorrente da escolha de uma determinada palavra ou expressão.,Nesse texto a expressão “segue seu caminho” produz o efeito de,a,indicar que o homem andou para fora do cômodo.,"['indicar que o homem andou para fora do cômodo.', 'mostrar que o homem esqueceu onde estava.\r', 'revelar que o homem ficou irritado ao acordar.', 'sugerir que o homem perseguiu alguém.']",7° ano,SPAECE,Avaliação paraná
"Lili, uma Cocker Companheira","""Dim-dom!"" - Oba! Temos visitas! - disse a minha dona. Eu sou a cachorrinha Lili, e sou uma Cocker. Eu gosto quando chegam visitas aqui em Depois, é só retirar o excesso com algodão seco. Sou bem gulosa e, se minha dona não me controlar, como um montão. Por falar em comida, já me deu uma fominha! Desculpa aí, pessoal, mas vou ver se já está na hora da minha ração. Tchauzinho! 5 casa. Faço amizades com muita facilidade, mas sem ficar pulando ou pedindo carinho para os visitantes. Bom, a não ser que eles me convidem para fazer isso. Na verdade, sou muito alegre, gosto de brincar e de dar longos passeios. Tenho bastante energia para essas coisas. Mas também sou flexível. Posso simplesmente ser uma companheira tranquila ao lado da minha dona. Vai depender do que ela quiser que eu faça no momento. Há algo importante que você precisa saber sobre mim. Minhas orelhas compridas abafam os ouvidos, assim eles acumulam mais cera, umidade e sujeira. Por isso, você precisa limpar meus ouvidos com algodão umedecido em óleo de amêndoa",D19 – Reconhecer o efeito de sentido decorrente da escolha de uma determinada palavra ou expressão.,"Nesse texto, a expressão “Dim-Dom” foi usada para indicar",c,a campainha tocando.,"['a barriga da cachorrinha roncando.', 'a cachorrinha latindo.', 'a campainha tocando.', 'a conversa dos visitantes da casa.']",7° ano,SPAECE,Avaliação paraná
Cabelos brancos,"Vivo meus dias em busca de calor, sabor e melodia. Sabe quando você encontra algo ou alguém que não te deixa sentir mais frio? Penso que isso torna tudo mais doce e mágico e te faz escutar dentro da sua cabeça voada uma música boba e romântica onde tudo cria algum sentido. Pois é, justo naquele momento onde tudo parecia tão confuso. Você acaba caindo na real com um tapinha na testa. E assim vai criando a consciência de que está em uma dessas furadas onde os supostos apaixonados sempre são vistos como verdadeiros babões. Mas às vezes o ser humano tem que entrar em uma dessas furadas para ter do que se lembrar. Viver algo desejável, vivenciável e imprevisível. Penso o quanto seria chato ter previsões de um ideológico futuro, sendo que o legal de um relacionamento são as surpresas que ele pode nos oferecer. Não é mesmo? Desenhar, sonhar e esperar algo que você deseja pode ser satisfatório. Mas e quando esse desenho sai do papel ainda melhor que seus rabiscos e detalhes? Não seria incrível? Você se surpreende, a vida nos surpreende. [...]",D19 – Reconhecer o efeito de sentido decorrente da escolha de uma determinada palavra ou expressão.,"Nesse texto, a palavra “voada” produz sentido de",d,sugerir que o narrador é distraído.,"['apontar que o narrador faz muitas viagens.', 'indicar que o narrador sente\xadse orgulhoso.', 'mostrar que o narrador é impaciente.', 'sugerir que o narrador é distraído.']",7° ano,SPAECE,Avaliação paraná
O celular está destruindo nossa memória,"O Instagram recebe 95 milhões de fotos por dia. São 1.100 novas imagens no sistema a cada segundo. Isso sem falar nos outros bilhões de cliques armazenados na memória dos celulares e que nunca verão a luz do dia. [...] As câmeras digitais acabaram com a limitação de poses. [...] Só tem um problema: esse hábito pode estar acabando com as nossas vidas – pelo menos com a forma como nos lembramos das nossas vidas. E pode estar distorcendo nossas personalidades também. [...] Quando você vive com uma câmera fotográfica de capacidade virtualmente infinita no bolso, a tendência é que você se preocupe mais em registrar momentos do que em prestar atenção neles. Aí complica. “Prestar atenção é fundamental para codificar informações na memória”, diz a italiana Giuliana Mazzoni, professora de psicologia da Universidade de Hull, no Reino Unido. Por via das dúvidas, vale lembrar: sua memória talvez agradeça se você parar e dar uma boa olhada no que vai fotografar antes de efetivamente apertar o botão. [...]",D19 – Reconhecer o efeito de sentido decorrente da escolha de uma determinada palavra ou expressão.,"Nesse texto, no trecho: “... e que nunca verão a luz do dia.”  a expressão ""nunca verão a luz do dia"" produz o sentido de",a,"apontar que algumas fotos tiradas com o celular não são publicadas.
","['apontar que algumas fotos tiradas com o celular não são publicadas.\r', 'demonstrar a prática de tirar fotografias noturnas com o celular.', 'refletir sobre a má qualidade das fotografias tiradas com o celular.', 'revelar que as fotos tiradas com o celular não são valorizadas.']",7° ano,SPAECE,Avaliação paraná
O tesouro da casa de lambrequins1 amarelos,"– Não vou! Gritava o guri abraçado ao videogame [...]. – VAMOS! E a última palavra sobre o assunto ficou por conta do pai. Depois de algumas afogadas o motor do fusca funcionou e pegaram a estrada. A lua já ia alta no céu quando o carro parou e a mãe disse eufórica: – Queridos, chegamos! O piá ainda chateado entrou na casa com passos pesados e bateu a porta da sala com força, tanta força que o único quadro que enfeitava a parede caiu e desmontou-se. [...] foi quando viu colado no verso da imagem um papel amarelecido pelo tempo. Desdobrou-o com cuidado e... – Um mapa do tesouro! Murmurou para ninguém ouvir. Limpou a lambança [...] sonhando com um baú cheio de moedas de ouro e joias [...]. – Trinta passos com pernas de pau para o sudoeste. Um.... dois. E a contagem de passos o levou à casinha. [...] Sentado, ficou olhando as paredes de madeira, as aranhas penduradas [...], foi quando percebeu uma tábua meio solta meio presa e fuçando ali descobriu uma lata de metal. – Será o tesouro? [...] Mostrou a lata ao pai que ao abri-la ficou encantado. [...] – Que que é? [...] – É uma coleção de figurinhas lançada por uma marca de bala [...]. Na manhã seguinte, pai e filho estavam na porta da casinha para recomeçar a busca [...]. E a busca pelo tesouro continuou nos dias que vieram e levou os caçadores à descoberta de brinquedos e brincadeiras. Bilboquê, pião, carrinho de rolimã, um mundo de alegrias e diversão. Um dia [...] o pai alcançou um lambrequim amarelo do telhado e [...] ali encontrou uma nova parte do mapa do tesouro que dizia para dar 33 giros em direção ao portão. – Um... dois... vinte e um... trinta. Pai e filho, de tão tontos com os giros, caíram no jardim em meio a bocas-de-leão, lírios, jasmins, sentiram o cheiro das flores, da grama e viram o céu azul [...]. Antes de partir de volta à capital, o piá [...] dobrou meticulosamente o papel amarelado e o colocou atrás do quadro e pensou: – Quem sabe outro menino bate a porta e descobre o tesouro [...]. *Vocabulário: 1 lambrequins: enfeite que fica habitualmente preso no teto das casas.",D19 – Reconhecer o efeito de sentido decorrente da escolha de uma determinada palavra ou expressão.,"Nesse texto, a expressão “passos pesados” produz o sentido de",b,indicar que o personagem estava cansado.,"['explicitar a insatisfação do personagem.', 'indicar que o personagem estava cansado.', 'mostrar o modelo dos sapatos do personagem.', 'ressaltar que o personagem gostaria de correr']",8° ano,SPAECE,Avaliação paraná
Supergirl − 5a temporada,"Quando alguma produção, seja série ou filme, entrega um resultado memorável, isso é bom e ruim ao mesmo tempo. A quarta temporada de Supergirl, por exemplo, foi a melhor da série até agora. Trazendo camadas de discussões sociais para uma atração com heróis que voam por aí, o seriado criou uma voz única, ao mesmo tempo em que aprofundou a história de personagens. Com isso, a 5a temporada já chegou com uma expectativa enorme que, infelizmente, não foi atendida. Com foco em uma trama sobre tecnologia e uma ameaça que ficou em segundo plano, grande parte do tempo, os novos episódios foram os mais confusos da série até aqui. Desde o começo, o 5o ano de Supergirl tentou emplacar a ideia de ter a tecnologia como a grande vilã. Nos primeiros episódios, uma Kara Danvers (Melissa Benoist) incomoda da olhava para os lados enquanto todas as pessoas estavam focadas em seus celulares. Olhando de longe, dá para entender qual foi o ponto de partida da ideia: pegar novamente uma trama relevante no mundo atual e falar sobre ela. O problema é que a produção nunca se aprofundou de fato nos problemas sobre a tecnologia. Utilizando um aplicativo de realidade virtual como gancho, Supergirl não saiu dos discursos rasos [...]. Em nenhum momento a série se aprofundou de fato na história de algum personagem para mostrar porque ele prefere a tecnologia ao mundo real. Será que é por conta de algum trauma? O personagem está superando algum luto? Nada disso é trazido como um saudável contraponto para enriquecer a discussão. Depois de uma temporada que dedicou um episódio inteiro para mostrar as motivações de um vilão, Supergirl voltou ao raso e isso se reflete também em outros núcleos. [...]",D19 – Reconhecer o efeito de sentido decorrente da escolha de uma determinada palavra ou expressão.,"Nesse texto, no trecho “... o 5° ano de Supergirl tentou emplacar a ideia...” a expressão ""tentou emplacar"" produz o sentido de",c,indicar que a série queria retratar a tecnologia de maneira negativa.,"['apontar a frequência do uso dos celulares entre as pessoas', 'demonstrar que as pessoas estão usando aplicativos para assistir a séries.', 'indicar que a série queria retratar a tecnologia de maneira negativa.', 'mostrar que a tecnologia está avançada no mundo atual.']",8° ano,SPAECE,Avaliação paraná
"Dançando no ar – Nora Roberts
","Sabe aqueles livros encantadores, que trazem um romance fofo e que nos fazem refletir sobre tudo aquilo que é importante na vida? Dançando no Ar é exatamente assim. [...] Nell Channing, nossa protagonista, inicia a história mudando-se para a Ilha das Três Irmãs, um lugar que ela [...] espera ser um refúgio. [...] A Ilha das Três Irmãs é um aconchego só, deu vontade de conhecer pessoalmente este lugar maravilhoso, as paisagens são lindíssimas e as descrições da autora nos deixam sonhando acordada [...]. Além de Nell, somos apresentadas a Ripley, a irmã do xerife da ilha, e Mia, a dona de uma livraria com café. É no café que Nell começa a trabalhar fazendo doces e, com seu talento e dedicação, não demora muito para ela conquistar toda a ilha como fregueses e também como amigos. Os destinos destas três personagens estão ligados pelos seus antepassados [...]. Cada uma delas tem um papel fundamental na história [...]. A trama, criada por Nora Roberts de forma bem doce, traz um romance arrebatador e um mistério que encanta o leitor. O toque de magia vem para tornar a obra mais deliciosa ainda e nos prender totalmente a narrativa, que é leve e fluida. Nora, além do romance e da magia, trabalha os laços familiares e de amizade de uma forma muito singela e tocante [...]. Romance, aventura, mistério e magia. Tudo isso você encontrará aqui nesta obra doce e super gostosa de ler. Com certeza recomendo a leitura.",D19 – Reconhecer o efeito de sentido decorrente da escolha de uma determinada palavra ou expressão.,"Nesse texto, a expressão “Com certeza” produz o sentido de",c,reafirmar que o leitor deve ler o livro que foi resenhado.,"['afirmar que as paisagens do livro são bem descritas.', 'ordenar que o leitor dê a sua opinião sobre o livro.', 'reafirmar que o leitor deve ler o livro que foi resenhado.', 'sugerir que os personagens do livro são talentosos.']",8° ano,SPAECE,Avaliação paraná
Gari “pé-de-valsa” faz sucesso ao som de marcantes em Belém,"Cada um sente a música de um jeito diferente. [...] Música é vida e é bem-vinda em qualquer ocasião. Foi seguindo essa ideia que uma cena bastante inusitada ganhou as redes sociais nas últimas horas desta sexta-feira (8). Um gari, verdadeiro “pé-de-valsa”, chamou atenção pelo gingado e habilidade demonstrados ao som do clássico “Você me perdeu”, de Billy & Fábio. Quem passava pela avenida [...] inevitavelmente ficava encantado pela forma como o jovem conduzia sua parceira de dança na pequena calçada. “Chamou uma de nossas alunas para dar um show. E ela, como sempre, não perde a oportunidade de uma boa dança”, explica o autor do vídeo. Em outro momento do registro, é possível ver o dançarino, até então, desconhecido, com o seu aparelho de som pendurado nos ombros, escolhendo uma boa música para se apresentar",D19 – Reconhecer o efeito de sentido decorrente da escolha de uma determinada palavra ou expressão.,"Nesse texto, a expressão “dar um show” produz o sentido de",b,mencionar que o gari fez uma exibição de dança que chamou atenção.,"['indicar que o gari fez um escândalo na avenida em que trabalha.', 'mencionar que o gari fez uma exibição de dança que chamou atenção.', 'mostrar que o gari e uma amiga se desentenderam na avenida.', 'revelar que o gari chamou a amiga para ir a uma festa.']",6° ano,SPAECE,Avaliação paraná
Zoológico traz arara azul da Espanha para formar casal com o paulista Teobaldo,"Guadalupe [...] deixou as Ilhas Canárias, na Espanha, prometida para o paulista Teo- baldo [...]. Ele é sociável, enquanto ela é desconfiada. Ele foi criado por uma equipe e ela, pelos pais biológicos. Para o casamento arranjado, ela deixou a família na sua terra natal e desembarcou no Brasil em outubro [...]. [...] ela agora está conhecendo melhor o pretendente [...]. Agora, resta saber se essa fase vai evoluir para uma história de amor. O possível romance é protagonizado por um casal de araras azuis que vive no Zoológico de São Paulo e tem como objetivo aumentar a espécie que integra a lista de animais em perigo de extinção [...].",D19 – Reconhecer o efeito de sentido decorrente da escolha de uma determinada palavra ou expressão.,"Nesse texto, a expressão “terra natal” produz o sentido de",c,informar o local de nascimento.,"['expressar a alegria de estar no zoológico.', 'indicar a comemoração de uma festa.', 'informar o local de nascimento.', 'mencionar a saudade do ninho.']",6° ano,SPAECE,Avaliação paraná
Pássaro viraliza ao imitar perfeitamente choro de bebê humano [...],"Alguns pássaros têm a habilidade de vocalizar o que escutam, sejam barulhos ambientes ou até mesmo falas humanas. E um pássaro em especial, que vive em um zoológico da Austrália, conseguiu imitar o choro de um bebê de uma forma bastante fiel à realidade. O animal em questão é um pássaro­lira, nativo da Austrália, de sete anos de idade. O pássaro começou a aprender a imitar bebês há cerca de um ano, de acordo com uma das supervisoras do zoológico. Ela acredita que a habilidade foi desenvolvida ao ouvir bebês de visitantes, aperfeiçoando o “choro” ao longo do último ano [...]. Além de imitar o choro de bebê, pássaros­lira também já conseguiram imitar sons de furadeira e alarme de incêndio [...].",D19 – Reconhecer o efeito de sentido decorrente da escolha de uma determinada palavra ou expressão.,"No título desse texto, o termo “viraliza” produz o sentido de",b,demonstrar que a imitação feita pelo pássaro foi rapidamente divulgada entre as pessoas.,"['apontar a habilidade de imitação do pássaro como um diferencial do zoológico australiano.', 'demonstrar que a imitação feita pelo pássaro foi rapidamente divulgada entre as pessoas.', 'indicar que o pássaro estava precisando de cuidados.\n', 'reproduzir o barulho que o pássaro fazia no zoológico.']",6° ano,SPAECE,Avaliação paraná
Um dia no campo,"A boneca Limãozinho foi visitar sua amiga, a boneca Fazendinha, que morava no campo. – Que maravilha de lugar, Fazendinha. Aqui há muitas frutas gostosas, como maçã, pera, uva, banana, jabuticaba, laranja... – disse Limãozinho. – Isso mesmo, amiga! Eu adoro este lugar, o ar puro, a companhia dos animais, a comida fresquinha... não troco isto aqui por nada – elogiou Fazendinha. Limãozinho gostou tanto da vida no campo que se mudou para lá e foi ajudar Fazendinha a cuidar dos bichos e do imenso pomar repleto de frutas que havia naquele lugar mágico e encantador. Agora, além das maravilhas da natureza, o campo contava com a presença das duas lindas bonecas.",D19 – Reconhecer o efeito de sentido decorrente da escolha de uma determinada palavra ou expressão.,"Nesse texto, no trecho: “...a companhia dos animais, a comida fresquinha..."" a expressão ""comida fresquinha"" produz o sentido de",c,preparada na hora.,"['preparada industrialmente.', 'minimamente aquecida.\r', 'preparada na hora.\r', 'ligeiramente fria.']",6° ano,SPAECE,Avaliação paraná
"O real e a ficção em ‘Radioactive’, a biografia de Marie Curie [...]","Marie Curie (1867-1934) é a mais conhecida e renomada cientista feminina na história. Nascida Maria Sklodowska, na Polônia, ela se mudou para Paris na década de 1890 para estudar e [...] se tornou a primeira mulher a fazer doutorado na França. Foi por meio de sua tese que passou a se debruçar sobre o fenômeno da radiação [...]. Na necessidade de um laboratório, trabalhou ao lado de Pierre Curie [...]. Os esforços do casal resultaram em um Prêmio Nobel em Física, 1903 [...]. Uma das produções mais vistas [...] na última semana, Radioactive conta a vida de Marie Curie com base na biografia em graphic novel1  homônima de Lauren Redniss. Embora retrate com precisão boa parte do trabalho feito pela cientista polonesa, o longa romantiza alguns detalhes para adaptar a história ao cinema. [...] Os Curie não sabiam dos perigos da radioatividade Para a agonia de muitos espectadores – hoje felizmente cientes dos perigos da exposição à radioatividade –, Marie mantém um pequeno jarro luminoso com o elemento químico Rádio junto de si como um amuleto e, não raro, dorme junto dele. Isso realmente aconteceu na vida real [...]. Ao contrário do que mostra o filme, no entanto, Marie nunca reconheceu os perigos da radiação e, mesmo hoje, os estudos laboratoriais e pertences pessoais do casal ainda são tão radioativos que não podem ser manuseados sem a proteção adequada. [...] *Vocabulário: 1 graphic novel: romance no formato de história em quadrinhos",D19 – Reconhecer o efeito de sentido decorrente da escolha de uma determinada palavra ou expressão.,"No trecho ""hoje felizmente cientes dos perigos..."", o termo “felizmente” foi utilizado para",d,mostrar a satisfação do autor com o fato de os riscos da radioatividade serem conhecidos atualmente.,"['apontar que o autor ficou surpreso com o fato de Marie Curie ter se tornado a primeira mulher a fazer doutorado.', 'demonstrar o contentamento do autor com o lançamento da série sobre Marie Curie', 'indicar que o autor concorda com o prêmio Nobel conquistado pelo casal de cientistas.', 'mostrar a satisfação do autor com o fato de os riscos da radioatividade serem conhecidos atualmente.']",9° ano,SPACE,Avaliação paraná
Game Super Mario Bros. de 1986 é leiloado por preço recorde nos EUA,"Uma cópia fechada de 1986 do game Super Mario Bros. para o console NES, da Nintendo, foi leiloada por US$ 660 mil (R$ 3,7 milhões), no dia 2 de abril, nos Estados Unidos, de acordo com a casa de leilões Heritage Auctions, em Dallas. A casa de leilões disse para o jornal New York Times que o jogo foi comprado em 1986 como presente de Natal, mas ficou esquecido intacto em uma gaveta por 35 anos. Ele foi produzido no final de 1986 durante um breve período quando os jogos eram lacrados com filme plástico, em vez de selo adesivo. “Ele ficou no fundo da minha mesa de escritório esse tempo todo, desde o dia em que o comprei”, disse o vendedor, que pediu para não ser identificado. [...] Em comunicado, a casa de leilões Heritage Auctions informou que o preço foi um recorde para um videogame. Outra cópia do mesmo jogo havia sido vendida em julho do ano passado por US$ 114 mil (R$ 638 mil). Valarie McLeckie, que supervisiona as vendas de videogames na Heritage Auction, disse que encontrar outra cópia desta mesma produção em condições semelhantes seria o mesmo que procurar uma única gota d’água em um oceano. [...]",D19 – Reconhecer o efeito de sentido decorrente da escolha de uma determinada palavra ou expressão.,"Nesse texto, a expressão “...uma única gota d’água em um oceano” produz o sentido de",c,indicar que o número de cópias produzidas na época do lançamento do jogo foi alto,"['apontar que a procura por jogos aumenta na época do fim do ano.', 'demonstrar que o jogo foi vendido por um preço acima do seu valor de custo.', 'indicar que o número de cópias produzidas na época do lançamento do jogo foi alto', 'reforçar a ideia de que encontrar uma cópia fechada do jogo é algo difícil de acontecer.']",9° ano,SPACE,Avaliação paraná
Quanto custa a falta d’água?,"A água é um recurso natural muito valioso, não só para economia mundial como também para toda a sociedade civil. Cuidar da água está intimamente ligado à sustentabilidade, já que não há futuro sustentável se tivermos desabastecimento. A presença ou a falta dela tem impactos sociais, ambientais e econômicos imensuráveis, por isso a necessidade urgente de medidas de preservação. Vivemos em um país em que 35 milhões de pessoas não possuem acesso à água potável e outros 100 milhões (quase metade da população) não têm o seu esgoto tratado. Isso tem um impacto gigantesco na qualidade de nossos rios e reservatórios e na oferta de água limpa, o que causa mais custos no tratamento e disponibilização para a população. [...] Por meio da redução do desperdício, o fim do descarte incorreto e uso racional, podemos criar uma nova era pautada pela sustentabilidade, que vai nos ajudar a garantir o futuro equilibrado de todas as nossas atividades. Afinal, não podemos nem sequer imaginar o quanto custaria a todos nós não ter mais acesso à água. Portanto, a afirmação “água é vida” resume bem o tom de conscientização que todos nós devemos ter.",D19 – Reconhecer o efeito de sentido decorrente da escolha de uma determinada palavra ou expressão.,"Nesse texto, no trecho ""...conscientização que todos nós devemos ter."" o termo “devemos” produz o sentido de",b,convencer o leitor de que preservar a água depende da conscientização de todos.,"['apontar que a falta de esgoto tratado ocasiona impactos econômicos na sociedade.', 'convencer o leitor de que preservar a água depende da conscientização de todos.', 'enumerar as atitudes que precisam ser tomadas para evitar o desperdício de água.', 'indicar que a falta de acesso ao tratamento de esgoto atinge números altos.']",9° ano,SPACE,Avaliação paraná
Estatuto da Criança e do Adolescent,"Art. 83. Nenhuma criança poderá viajar para fora da comarca onde reside, desacompanhada dos pais ou responsável, sem expressa autorização judicial. § 1º A autorização não será exigida quando: a)tratar-se de comarca contígua à da residência da criança, se na mesma unidade da Federação, ou incluída na mesma região metropolitana; b) a criança estiver acompanhada: 1) de ascendente ou colateral maior, até o terceiro grau, comprovado documentalmente o parentesco; 2) de pessoa maior, expressamente autorizada pelo pai, mãe ou responsável. § 2º A autoridade judiciária poderá, a pedido dos pais ou responsável, conceder autorização válida por dois anos. Art. 84. Quando se tratar de viagem ao exterior, a autorização é dispensável, se a criança ou adolescente:  I - estiver acompanhado de ambos os pais ou responsável; II - viajar na companhia de um dos pais, autorizado expressamente pelo outro através de documento com firma reconhecida. Art. 85. Sem prévia e expressa autorização judicial, nenhuma criança ou adolescente nascido em território nacional poderá sair do País em companhia de estrangeiro residente ou domiciliado no exterior",D19 – Reconhecer o efeito de sentido decorrente da escolha de uma determinada palavra ou expressão.,"Nesse texto, o trecho “Nenhuma criança poderá viajar...” a expressão ""Nenhuma criança poderá"" produz o sentido de",b,demonstrar proibição.,"['apontar responsabilidade.\r', 'demonstrar proibição.', 'expressar afetividade.', 'mostrar possibilidade.']",9° ano,SPACE,Avaliação paraná
Cidadezinha cheia de graça,"Cidadezinha cheia de graça… Tão pequenina que até causa dó! Com seus burricos a pastar na praça… Sua igrejinha de uma torre só. Nuvens que venham, nuvens e asas, Não param nunca, nem um segundo… E fica a torre sobre as velhas casas, Fica cismando como é vasto o mundo!… Eu que de longe venho perdido, Sem pouso fixo (que triste sina!) Ah, quem me dera ter lá nascido! Lá toda a vida poder morar! Cidadezinha… Tão pequenina Que toda cabe num só olhar…",D19 – Reconhecer o efeito de sentido decorrente da escolha de uma determinada palavra ou expressão.,"No verso “Que toda cabe num só olhar…” a expressão ""cabe num só olhar"" foi usada para",d,reforçar que a cidade é pequena.,"['demonstrar que a cidade é alegre.', 'destacar a beleza da cidade.', 'expressar admiração pela cidade.', 'reforçar que a cidade é pequena.']",9° ano,SPACE,Avaliação paraná
Viagem a Brobdingnag,"[...] Os primeiros 20 dias de viagem não foram muito calmos, pois os ventos fortes dificultavam as operações de bordo e a manutenção da rota. Na madrugada do 21º dia, o Aventura foi atingido por uma violenta tempestade que, embora tenha durado horas, foi suficiente para fazer com que perdêssemos nossa localização no mapa. O dia seguinte amanheceu claro e bonito. Logo avistamos, ao sul, alguns rochedos, que poderiam pertencer a uma ilha ou mesmo a um continente. Como já se esgotava nossa água potável, o comandante ordenou a 12 homens que tomassem um bote e procurassem fontes ou rios; talvez até achassem alguém que nos informasse sobre nossa localização. [...] Foi um pouco custoso alcançar a praia, por causa dos recifes enormes e pontiagudos. Quando, finalmente, chegamos, resolvemos nos separar. Eu, com minha experiência, iria por um lado e os outros homens pelo outro, até nos encontrarmos no ponto de partida [...]. Andei bastante tempo sem encontrar vestígio de água. Decidi voltar para ver se os marinheiros tinham tido melhor sorte. Quase próximo ao lugar combinado, olhei para o mar e vi meus companheiros no bote, afastando-se rapidamente da praia em direção ao navio. Eles haviam me esquecido em terra! Comecei a chamá-los: – Esperem! Estou aqui! Porém, meu último grito ficou preso na garganta e meu olhar fixo na figura de um homem de mais ou menos 20 metros de altura, que ia no encalço do bote e do Aventura [...]. Dei meia-volta e saí em disparada pelo mesmo caminho que acabara de percorrer. [...]",D19 – Reconhecer o efeito de sentido decorrente da escolha de uma determinada palavra ou expressão.,"No trecho “Quando, finalmente, chegamos, resolvemos nos separar.” a palavra ""finalmente"" foi usada para",d,sugerir demora.,"['apresentar uma deboche.', 'indicar desespero.', 'marcar uma característica.', 'sugerir demora.']",9° ano,SPACE,Avaliação paraná
Muros: ambientes de aprendizagem,"Muros que falam! Os grafites chamam atenção nas paredes e muros da cidade. Por detrás de cada traço, há uma história a ser contada, tem uma estética. [...] Muito do que nós somos, independentemente de fatores genéticos, é resultado do contato que temos com o meio em que vivemos [...]. O ambiente agradável também é um fator importante para o reforço da autoestima do estudante, do professor e da comunidade escolar. [...] Nesse contexto, passamos a recuperar a estética dos muros das unidades educativas, tornando o visual mais agradável. Precisamos de ambientes que possuam sinergia própria, condição para o bom funcionamento da educação. [...] É o mix das relações estudante-professor, bem como de todos com os tipos de aprendizagem propostos e tudo aquilo que se aproveita da funcionalidade espacial para criar um ambiente propício para a troca de conhecimento. [...] A grafitagem abrirá um diálogo com a comunidade, em que o conhecimento ultrapassará os limites do paredão frio [...]. Os muros serão painéis para a recepção, emissão e difusão de vários registros pictóricos que impactarão na comunidade.",D19 – Reconhecer o efeito de sentido decorrente da escolha de uma determinada palavra ou expressão.,"Nesse texto, no trecho “...ultrapassará os limites do paredão frio...” a expressão ""paredão frio"" destacada produz o sentido de",c,indicar que a parede não possui arte.,"['apontar as rachaduras presentes na parede.', 'demostrar o desejo de ver o outro lado do muro.', 'indicar que a parede não possui arte.', 'marcar que os muros não têm altura adequada.']",9° ano,SPACE,Avaliação paraná
Patativa do Assaré,"Antônio Gonçalves da Silva, o Patativa do Assaré, nasceu na Serra de Santana, a 18 Km da cidade de Assaré, em 5 de março de 1909. Filho de Pedro Gonçalves da Silva e Maria Pereira da Silva, família pobre, perdeu o pai aos oito anos, passando a partir daí a trabalhar na roça para garantir o sustento da família. Logo que ingressou na escola, aos doze anos, passou a escrever poesia e produzir pequenos textos. [...] O nome “Patativa” surgiu devido à semelhança entre seu canto e o do pássaro Patativa, ave nordestina que possui um canto mavioso e singular, quando o jovem poeta tinha apenas vinte anos. Com um nome artístico, passou a viajar pela região cantando seus repentes e apresentando-se várias vezes na rádio Araripe. Patativa é considerado o gênio da literatura cearense [...].",D19 – Reconhecer o efeito de sentido decorrente da escolha de uma determinada palavra ou expressão.,"Nesse texto, no trecho “Patativa é considerado o gênio da literatura cearense...” a palavra ""gênio"" foi usada para",c,enfatizar o talento de Patativa do Assaré.,"['demonstrar desprezo pela literatura cearense.', 'destacar o temperamento forte do poeta.', 'enfatizar o talento de Patativa do Assaré.\r', 'ressaltar a humildade de Patativa']",9° ano,SPAECE,Simulado 01 SPAECE
-,"Parece uma simples série sobre apocalipse zumbi? Errado! Sinceramente, depois da metade da segunda temporada, os zumbis são meros detalhes. A série é muito mais que isso. Ela analisa o ser humano e o que vem à tona nele em uma situação decadente como essa. Uma das minhas favoritas, recomendo.",D19 – Reconhecer o efeito de sentido decorrente da escolha de uma determinada palavra ou expressão.,"No texto, no trecho “Uma das minhas favoritas, recomendo.”, a palavra ""recomendo"" sugere",c,um conselho.,"['um alerta.\r', 'um aviso.\r', 'um conselho.', 'uma ordem.']",9° ano,SPAECE,Simulado 01 SPAECE
Como fazer Porta- revistas com canudos de jornal,"1º passo: Recorte a folha do jornal em tiras; 2º passo: Enrole a tira da folha de jornal no sentido diagonal utilizando um palitinho de madeira; 3º passo: Finalize de enrolar a tira da folha de jornal e cole a ponta para não desenrolar; Antes de começar a fazer o porta-revistas, faça vários canudinhos e reserve; Enrole os canudinhos e dê um formato quadrado nas dimensões de 5 x 5cm. Para a base, separe 16 quadrados e una-os formando um quadrado; Comece a subir as laterais unindo quadradinhos nas laterais da base; Repita a operação até a altura desejada;",D19 – Reconhecer o efeito de sentido decorrente da escolha de uma determinada palavra ou expressão.,"Nesse texto, nos trechos “Recorte a folha do jornal em tiras;” e “Finalize de enrolar a tira...” as palavras ""Recorte"" e ""Finalize"" foram utilizadas para indicar",c,uma instrução.,"['um desejo.', 'um pedido.', 'uma instrução.', 'uma ordem.']",9° ano,SPAECE,Simulado 01 SPAECE
Um homem e uma mulher,"Aconteceu um acidente de trânsito, com dois carros batendo de frente, um guiado por um homem e o outro por uma mulher. Os carros ficaram completamente destruídos, mas, surpreendentemente, os motoristas nada sofreram. Ficaram completamente ilesos. Depois de saírem de seus carros, a mulher disse: — Interessante, você é um homem e eu uma mulher com os carros totalmente destruídos, mas estamos sem nenhum arranhão. Isto deve ser um sinal de Deus. Nós realmente precisávamos nos encontrar. Estava em nossos destinos nos conhecermos e ficarmos vivendo em paz, como grandes amigos até o fim de nossos dias. — Concordo! - disse o homem. A mulher continuou: — Isto com certeza é um sinal de Deus. E olhe outro milagre! Meu carro está completamente destruído, mas esta garrafa de vinho não se quebrou. Está claro que o destino quer que a bebamos para celebrar a nossa vida, que foi salva milagrosamente neste acidente. Vamos celebrar! Então a mulher tirou a rolha e passou a garrafa para o homem. Ele concordou sem titubear, e bebeu pelo gargalo a metade do vinho da garrafa. Depois devolveu a garrafa à mulher. Ela, imediatamente, sem beber uma gota, recolocou a rolha no gargalo. Sem entender nada, o homem perguntou: — Não vai beber a sua metade para comemorar? A mulher respondeu: — Agora não. Vou esperar a polícia chegar primeiro...",D19 – Reconhecer o efeito de sentido decorrente da escolha de uma determinada palavra ou expressão.,"Nesse texto, a expressão “Vamos celebrar!” foi utilizada para indicar",d,um convite.,"['uma ordem.', 'uma reclamação.', 'uma súplica.', 'um convite.']",9° ano,SPAECE,Simulado 01 SPAECE
A invasão dos blábláblás,"O planeta é dividido entre as pessoas que falam no cinema – e as que não falam. É uma divisão recente. Por décadas, os falantes foram minoria. E uma minoria reprimida. Quando alguém abria a boca na sala escura, recebia logo um shhhhhhhhhhhhh. E voltava ao estado silencioso de onde nunca deveria ter saído. Todo pai ou mãe que honrava seu lugar de educador ensinava a seus filhos que o cinema era um lugar de reverência. [...] [...] Pertenço, desde sempre, às fileiras dos silenciosos. Anos atrás, nem imaginava que pudesse haver outro comportamento além do silêncio absoluto no cinema. Assim como não imagino alguém cochichando em qualquer lugar onde entramos com o compromisso de escutar. Não é uma questão de estilo, de gosto. Pertence ao campo do respeito, da ética. Cinema é a experiência da escuta [...] mas nós não falamos uns com os outros. No cinema, só quem fala são os atores do filme. Nós calamos para que eles possam falar. Nossa vida cala para que outra fale. Isso era cinema. Agora mudou. É estarrecedor, mas os blábláblás venceram. Tomaram conta das salas de cinema. E, sem nenhuma repressão, vão expulsando a todos que entram no cinema para assistir ao filme sem importunar ninguém. [...]",D19 – Reconhecer o efeito de sentido decorrente da escolha de uma determinada palavra ou expressão.,"Nesse texto, no trecho “...recebia logo um shhhhhhhhhhhhh.” a expressão ""shhhhhhhhhhhhh"" foi empregada para indicar",b,o pedido de silêncio das pessoas no cinema.,"['a expulsão daqueles que fazem silêncio no cinema', 'o pedido de silêncio das pessoas no cinema.', 'o respeito dos que apreciam o cinema.', 'o som das pessoas cochichando no momento do filme.']",9° ano,SPAECE,Simulado 01 SPAECE
O pardal que queria ser águia,"“Minhocas! Eca! Isso é comida para bebês!”, Tuco, o pequeno pardal, nunca deixa de irritar seus amigos. Um dia, ele vai visitar sua mãe e diz: “Eu, mais tarde, vou me tornar uma águia dourada!”, “Mas, querido, mais tarde você vai continuar sendo o que já é: um pequeno pardal” – explica-lhe a mãe. “Não, eu vou ser uma ave de rapina poderosa! Você vai ver! Além do mais, hoje à noite no jantar, vou comer um carneiro que eu mesmo vou pegar.” Ele voa sobre o campo próximo e começa a pairar sobre um rebanho de ovelhas. Vê uma bem gorda e crava suas unhas nas costas dela. “Quem está aí nas minhas costas?” – pergunta a ovelha. “Sou eu, o Tuco! Você está presa! Eu capturei você!” – disse com sua voz baixinha. “Quem é você? Eu não consigo nem vê-lo” – perguntou a ovelha, se divertindo. “Você é minha prisioneira agora!” – diz Tuco. Mas, de repente, ele escorrega e cai entre as pernas da ovelha. Ela inclina-se até ele: “Oh, oh! Vejam só, uma águia dourada!” E ela pega o pequeno pardal entre os dentes e o carrega de volta para sua mãe, dizendo: “Estou trazendo de volta a sua terrível águia.”. Ele nem consegue olhar para a mãe. Essa foi a primeira e única aventura de Tuco, a águia dourada!","D17 - Reconhecer o sentido das relações lógico-discursivas marcadas por conjunções, advérbios etc.","No trecho “‘Você é minha prisioneira agora!’” a palavra ""agora"" indica ideia de",d,tempo.,"['causa.', 'lugar.', 'modo.', 'tempo.']",6° ano,SPAECE,Avaliação paraná
-,"As festas juninas são celebradas ao longo do mês de junho. Sua origem foram as festas pagãs, com fogueiras e queimas de fogos [...]. Elas começaram nos campos e plantações originando os trajes típicos de caipiras e sinhazinhas, com casamento de roça, discurso do padrinho, as capelinhas decoradas, etc. Com o passar do tempo, as festividades foram tomando um cunho religioso. Pela tradição, a festa junina consiste em celebrar os bons resultados da colheita [...]. As festas juninas estão enraizadas de arte popular com suas influências próprias das regiões, cheias de pureza, ingenuidade, poesia e inspiração. [...]","D17 - Reconhecer o sentido das relações lógico-discursivas marcadas por conjunções, advérbios etc.",O trecho desse texto que apresenta uma ideia de tempo é:,a,“As festas juninas são celebradas ao longo do mês de junho.”.,"['“As festas juninas são celebradas ao longo do mês de junho.”. ', '“... foram as festas pagãs, com fogueiras e queimas de fogos”.', ' “Elas começaram nos campos e plantações originando os trajes típicos...”. ', '“... as festividades foram tomando um cunho religioso.”.']",6° ano,SPAECE,Avaliação paraná
Sabores que vêm do cérebro,"Você já ouviu a frase: “rapadura é doce, mas não é mole não”? Essa é uma expressão popular da língua portuguesa para mostrar que tudo tem dois lados – assim como a rapadura, que, embora seja doce, é dura à beça! Mas para a gente perceber, por exemplo, que algo tem um sabor doce e, ao mesmo tempo, é difícil de mastigar quem entra em ação é… o cérebro. E você achava que essa percepção era feita pela língua, hein? [...] A rapadura, você deve conhecer, é um doce feito da cana-de-açúcar que é muito, mas muito doce mesmo! Quem percebe toda essa doçura não é a língua. Ela e outras partes do corpo envolvidas na nossa digestão trabalham para enviar informações ao cérebro – ele, sim, é quem reconhece o sabor. Mas que partes do corpo são essas? Bem, tem a língua, o palato (também conhecido como “céu da boca”) e a faringe, órgão que faz parte dos sistemas digestório e respiratório ao mesmo tempo. Cada um dos três – língua, palato e faringe – tem seus receptores sensoriais para reconhecer os estímulos de um alimento e mandar as informações ao cérebro, que, numa fração de segundos, traduz o sabor. [...]","D17 - Reconhecer o sentido das relações lógico-discursivas marcadas por conjunções, advérbios etc.","Nesse texto, no trecho ‘“rapadura é doce, mas não é mole não’” a palavra ""mas"" estabelece relação de
",d,oposição.,"['adição.', 'conclusão.', 'explicação.\r', 'oposição.']",8° ano,SPAECE,Avaliação paraná
Dicionário de formas,"Era uma vez eu, Zé Sorveteiro, que me apaixonei por uma princesa que acabara de chegar do outro lado da Terra. Bolei para ela um dicionário de quatro palavras: bola, quadrado, retângulo, triângulo. Japonês se escreve com desenhos. Com desenhos a princesa aprenderia português! [...] Ia até meu carrinho e pedia, desenhando no ar: – Triângulo-bola. Sorvete na casquinha! O dicionário funcionava às maravilhas. Eu? Mandava bilhetes. Desenhava um quadrado com um triângulo em cima e escrevia: casa!!! Caprichava nos pontos de exclamação. Casa!!! Casa!!! Fácil de entender: casa comigo. Mas toda princesa tem uma fera para encontrar bilhetes. Uma hora a fera mandou me chamar. Aí… Aí eu transformei ponto de exclamação em sinal de aguaceiro: – Um traço com um pingo é chuva. Três -!!! – muita chuva. Casa, chuva, chuva, chuva. Estou só avisando… Cuidado com goteiras. [...] Hoje, 60 anos depois, repito, valeu a pena. E lá vou eu apanhar uns triângulos vermelhos para a minha rainha arrumar no triângulo do retângulo do quadrado da frente. Perfeito. Daqui a pouco a jarra da mesa da sala estará toda perfumada com os… Como é mesmo? Vá lá! Com os triângulos vermelhos.","D17 - Reconhecer o sentido das relações lógico-discursivas marcadas por conjunções, advérbios etc.","No trecho “Daqui a pouco a jarra da mesa da sala estará toda perfumada...” a expressão em ""Daqui a pouco"" indica",d,tempo.,"['causa.', 'lugar.', 'modo.', 'tempo.']",8° ano,SPAECE,Avaliação paraná
Água: uma responsabilidade de todos,"As secas que abatem as regiões Sudeste e Nordeste são fatores que aumentam as dificuldades de abastecimento em muitos centros urbanos, fazendo com que a questão da água seja cada vez mais discutida. Mudanças de hábitos são necessárias, tendo em vista que a falta desse recurso já atinge mais de 1 bilhão de pessoas no mundo. Estima-se que, em 2030, quase metade da população mundial viverá em condições de alto estresse hídrico. O futuro do planeta está ligado à conscientização. Ações aparentemente simples, como não demorar no banho e fechar a torneira ao escovar os dentes, são imprescindíveis – em 2013, no país, consumiram-se 166,3 litros por habitante/dia, sendo que a Organização Mundial da Saúde recomenda o uso de 110 litros diários para uma pessoa atender suas necessidades básicas de consumo. Todos os segmentos sociais devem se comprometer e erguer a bandeira de consumo consciente, desde cidadãos, empresas privadas e ONGs. Usar racionalmente e realizar iniciativas que visem à economia de água é uma forma de preservação da vida, já que este é um bem necessário a todos os seres vivos. Órgãos públicos e o setor privado devem unir esforços para a realização de práticas que visem despertar para a “causa” da água. As empresas devem ir além das obrigações impostas pela legislação, promover ações que impactem minimamente o meio ambiente. No próprio processo de produção, também se pode reciclar, reutilizar água, reaproveitar sobras de matéria-prima, adotar medidas que economizem energia elétrica. São atitudes éticas que buscam o crescimento econômico sem agressão ao meio ambiente. Também é preciso investir em projetos sustentáveis que fomentem o engajamento da população – a começar por conscientizar a própria equipe de trabalho. [...] Ou seja, a crise hídrica também pode ser uma oportunidade para quem investe em sustentabilidade. [...] Se não estudarmos ações inteligentes para reduzir perdas, será difícil evitar o desabastecimento no futuro.","D17 - Reconhecer o sentido das relações lógico-discursivas marcadas por conjunções, advérbios etc.","Nesse texto, no trecho “... para uma pessoa atender suas necessidades básicas de consumo.” a palavra ""para"" foi usada para",b,indicar finalidade.,"['apontar causa.', 'indicar finalidade.', 'marcar proporção.', 'sugerir tempo.']",8° ano,SPAECE,Avaliação paraná
Agricultor belga muda sem querer a fronteira com a França,"Um fazendeiro na Bélgica causou comoção nacional depois de “redefinir”, por acidente, a fronteira do país com a França. Uma pessoa, com conhecimento sobre história e as fronteiras dos dois países, estava passeando na floresta entre Bélgica e França quando percebeu que a pedra que marcava a fronteira havia sido deslocada em 2,29 metros. O fazendeiro belga, aparentemente incomodado com a pedra no caminho de seu trator, moveu-a para dentro do território francês. Mas em vez de causar um alvoroço internacional, o incidente foi recebido com sorrisos e piadas em ambos os lados da fronteira. “Ele aumentou o tamanho da Bélgica e diminuiu o da França, não é uma boa ideia”, disse David Lavaux, prefeito da vila belga de Erquelinnes, ao canal de TV francês TF1. [...] A fronteira entre a França e o que agora é a Bélgica se estende por 620 km. Ela foi formalmente estabelecida no Tratado de Kortrijk, assinado em 1820 [...]. A pedra data de 1819, quando a fronteira foi demarcada pela primeira vez. “Fiquei feliz, minha cidade ficou maior”, acrescentou o prefeito belga, rindo. “Mas o prefeito de Bousignies-sur-Roc não gostou.” [...] BBC NEWS BRASIL. Agricultor belga mu","D17 - Reconhecer o sentido das relações lógico-discursivas marcadas por conjunções, advérbios etc.","Nesse texto, no trecho ""...Bélgica e França quando percebeu que a pedra..."", o termo “quando” foi utilizado para",d,sugerir tempo.,"['apontar causa.', 'indicar comparação.', 'mostrar proporção.', 'sugerir tempo.']",9° ano,SPACE,Avaliação paraná
Fóssil de nova espécie de dinossauro é encontrado no Paraná,"O Museu Nacional, ligado à UFRJ (Universidade Federal do Rio de Janeiro), anunciou nesta quinta-feira (18) a descoberta de uma nova espécie de dinossauro que viveu no Brasil entre 70 milhões e 80 milhões de anos atrás. Os pesquisadores encontraram o fóssil do dinossauro em escavações na zona rural da cidade de Cruzeiro do Oeste (PR), perto da divisa com o Mato Grosso do Sul. A espécie recebeu o nome de Berthasaura leopoldinae. De acordo com a instituição, o fóssil descoberto é o mais completo de um dinossauro do período Cretáceo (situado entre 145 milhões e 65 milhões de anos atrás) já achado no Brasil. Além de estar quase inteiramente preservado, ele surpreendeu os paleontólogos por suas características raras – é, por exemplo, o primeiro dinossauro edêntulo (sem dentes) descoberto na América do Sul. [...] “Bertha”, apelido que a espécie ganhou, é um terópode [...]. A espécie tinha cerca de um metro de comprimento até a cauda e chegava a 80 centímetros de altura. [...] O nome escolhido pelos pesquisadores é uma tripla homenagem. Faz referência à pesquisadora brasileira Bertha (1894-1976), que foi bióloga do Museu Nacional [...], à imperatriz Maria Leopoldina (1797–1826), que incentivou as ciências da natureza no Brasil, e à escola de samba Imperatriz Leopoldinense, cujo enredo [...] homenageou o Museu Nacional. O diretor da instituição, Alexandre Kellner, explicou [...] porque a descoberta do novo dinossauro impressionou os paleontólogos. “Tínhamos o Limussaurus, na China, onde formas jovens dessa espécie têm dentes, que são perdidos quando atingem a forma adulta. Mas, agora, temos um animal totalmente diferente, que provavelmente nunca teve dente”, disse. “Se alguém me dissesse que iríamos encontrar um terópode sem dente, e no Brasil, eu não acreditaria. Essas formas são encontradas na Ásia, algumas nos EUA. De forma geral, é uma surpresa.”","D17 - Reconhecer o sentido das relações lógico-discursivas marcadas por conjunções, advérbios etc.","No texto, no trecho “...onde formas jovens dessa espécie têm dentes...” o termo ""onde"" foi usado para",c,indicar finalidade.,"['apontar uma consequência.', 'demonstrar proporção.', 'indicar finalidade.', 'marcar um lugar.']",9° ano,SPACE,Avaliação paraná
Muros: ambientes de aprendizagem,"Muros que falam! Os grafites chamam atenção nas paredes e muros da cidade. Por detrás de cada traço, há uma história a ser contada, tem uma estética. [...] Muito do que nós somos, independentemente de fatores genéticos, é resultado do contato que temos com o meio em que vivemos [...]. O ambiente agradável também é um fator importante para o reforço da autoestima do estudante, do professor e da comunidade escolar. [...] Nesse contexto, passamos a recuperar a estética dos muros das unidades educativas, tornando o visual mais agradável. Precisamos de ambientes que possuam sinergia própria, condição para o bom funcionamento da educação. [...] É o mix das relações estudante-professor, bem como de todos com os tipos de aprendizagem propostos e tudo aquilo que se aproveita da funcionalidade espacial para criar um ambiente propício para a troca de conhecimento. [...] A grafitagem abrirá um diálogo com a comunidade, em que o conhecimento ultrapassará os limites do paredão frio [...]. Os muros serão painéis para a recepção, emissão e difusão de vários registros pictóricos que impactarão na comunidade.","D17 - Reconhecer o sentido das relações lógico-discursivas marcadas por conjunções, advérbios etc.","Nesse texto, no trecho “... é um fator importante para o reforço...” a palavra ""para"" foi usada para",a,apontar finalidade.,"['apontar finalidade.', 'expressar causa.', 'marcar tempo.', 'sugerir condição.']",9° ano,SPACE,Avaliação paraná
Resenhas – O Pequeno Príncipe,"[...] Que livro fantástico! Ele atende todos os públicos, ensina lições para qualquer idade e sua linguagem fácil colabora para isso. Ser criança é ver a vida de forma mais colorida, é sonhar e ter esperança de que irá realizar. É ter as brincadeiras e a imaginação como as grandes atividades do dia. Bem se fala que devemos ter a pureza e o coração de uma criança, pois elas veem além do superficial. Por isso, deixar que a nossa criança interior viva é nos permitir olhar além do que vemos. Permita-se apreciar os prazeres da vida e a desfrutar dos momentos que vivencia, assim, você perceberá que o essencial é invisível aos olhos, porque o que é bom é visto pelo coração. Cativa as relações adquiridas ao longo da caminhada e não se esqueça: todo adulto já foi uma criança cheia de sonhos. Você já realizou os seus?","D17 - Reconhecer o sentido das relações lógico-discursivas marcadas por conjunções, advérbios etc.","Nesse texto, no trecho “... é sonhar e ter esperança de que irá realizar.”, o termo ""e"" foi utilizado para",b,expressar adição.,"['apontar oposição.', 'expressar adição.', 'indicar alternância.', 'sugerir explicação.']",9° ano,SPACE,Avaliação paraná
Sonda da Nasa pousa em Marte com sucesso para missão em “antigo lago”,"Na tarde desta quinta-feira, às 17h55 (horário de Brasília), a sonda Perseverance aterrissou em Marte após realizar com sucesso os “sete minutos de terror”, momento mais crítico de toda a viagem que começou em julho de 2020. É durante esse curto espaço de tempo que a NASA perde o sinal da sonda, que inicia sua entrada e descida na atmosfera do planeta vermelho, realizando manobras bastante complicadas. Para pousar com segurança na paisagem acidentada do planeta, foi utilizada a tecnologia de Navegação Relativa ao Terreno, uma das mais modernas e pela primeira vez em ação, com um sistema de piloto automático. Agora, a Perseverance vai explorar a atmosfera e o solo de Marte, coletando inclusive amostras de rochas para análises posteriores, pelo período de um ano marciano, ou seja, 687 dias terrestres. O prazo pode variar para mais ou para menos. O pouso aconteceu na cratera de Jezero, que tem cerca de 45 km de diâmetro [...]. Mas o Perseverance não está sozinho! Ainda em operação no planeta vermelho temos o robô Curiosity, que pousou na cratera de Gale em 2012, também tentando encontrar sinais de vida passada em Marte. [...]","D17 - Reconhecer o sentido das relações lógico-discursivas marcadas por conjunções, advérbios etc.","Nesse texto, no trecho “O prazo pode variar para mais ou para menos.”, o termo ""ou"" foi utilizado para",b,indicar alternância.,"['demarcar adição.', 'indicar alternância.', 'marcar explicação.', 'sugerir oposição.']",9° ano,SPACE,Avaliação paraná
Pode tocar à vontade,"A mistura do olhar treinado de designer com o olhar de criança curiosa fez com que Juliana Gatti se perguntasse: “Por que eu não sei que planta é essa da esquina de casa?” A resposta veio em forma de um interessante projeto, o Árvores Vivas. Junto com uma equipe, que inclui biólogos e paisagistas, Juliana bate perna pelos parques de São Paulo ensinando botânica de um jeito pouco convencional. As nomenclaturas ficam em segundo plano e o que vale é a sensação de “experimentar” as plantas por meio do toque.” Não é essencial saber o nome da espécie. Isso está disponível nos livros. É só sentindo a textura da folha do manacá que você vai lembrar o que é a folha do manacá”, justifica Juliana, que faz um mapeamento das árvores do parque antes dos passeios. Além de sua experiência pessoal e da ajuda da equipe, leva a tiracolo sua “caixa mágica” – como apelidou seu acervo com cerca de 100 diferentes espécies. Atualmente, só podem participar do Árvores Vivas empresas e escolas, mas a ideia é abrir inscrições para grupos independentes até o final do ano.","D17 - Reconhecer o sentido das relações lógico-discursivas marcadas por conjunções, advérbios etc.","No trecho “Além de sua experiência pessoal...” a expressão ""Além de "" introduz uma ideia de",d,adição.,"['oposição.', 'explicação.', 'alternância.', 'adição.']",9° ano,SPACE,Avaliação paraná
A vizinha antipática que sabia matemática,"[...] Parecia uma sexta-feira como outra qualquer quando um caminhão de mudança parou em frente ao número 134 da minha rua, o sobrado geminado com o que eu moro. O pessoal da mudança descarregou uns móveis pesadões, uma escrivaninha irada, cheia de gavetinhas, parecida com a do meu avô. Do meu jardim, fiquei de olho em tudo. Quando o pessoal terminou de descarregar os móveis da casa, começou a tirar do caminhão umas caixas, milhares de caixas... Talvez centenas... Bem, umas dez caixas eu garanto que tinha. Aí apareceu uma senhora com cara de avó. Mas não vi nenhum neto. Uma mulher nem alta nem baixa e com os cabelos nem curtos nem compridos. Ela pagou aos homens da mudança e, quando ia entrando em casa, me viu. Não sei por que, mas me deu um frio na barriga, igual ao que tinha antes das aulas de matemática. A mulher me olhou, de baixo pra cima e de cima pra baixo, [...] entrou na casa e fechou a porta. [...] Ela podia ter dito alguma coisa do tipo: “Oi, você mora aí?”. Ou: “Oi, eu sou sua nova vizinha”. Mas nada. Fez que nem me viu [...]. Vizinha antipática! [...].","D17 - Reconhecer o sentido das relações lógico-discursivas marcadas por conjunções, advérbios etc.","Nesse texto, no trecho “Quando o pessoal terminou de descarregar os móveis...” o termo ""Quando"" produz o sentido de",b,destacar adição.,"['apontar causa.', 'destacar adição.', 'indicar tempo.', 'marcar oposição.']",9° ano,SPACE,Avaliação paraná
Branca lembrança de uma infância,"Naquela época, o carreirinho que ia à igreja já estava branquinho de neve, como se tivesse chovido algodão sobre a mata ainda virgem. Os galhos dos pinheiros – até os mais fortes – quebravam devido ao peso da neve. Os barrancos ficavam todos cobertos por uma manta branca e suave, formando um verdadeiro escorregador. Fazíamos bonecos de neve com nariz de cenoura, braços de galhos secos e uma panela velha como chapéu. Foi a nossa maior diversão! Contrastando com a neve, estava o marrom carnado do pinhão no chão. Pinhão, tinha bastante! Por isso era pinhão no almoço, na janta... Como a comida era pouco diversificada, a gente dava graças quando tinha alguma coisa diferente. O pinhão dava um sabor a mais a nossas refeições! A gente sabia que o pinhão só dava no inverno, mas queria catar pinhão o ano todo. Ah, que saudades daquela época em que a gente fazia o sapecado! O pinhão quentinho e o chimarrão eram nossos tesouros, nossa tradição... [...]","D17 - Reconhecer o sentido das relações lógico-discursivas marcadas por conjunções, advérbios etc.","Nesse texto, no trecho “...como se tivesse chovido algodão...” a palavra ""como"" dá ideia de",c,comparação.,"['adição.', 'causa', 'comparação.', 'modo.']",9° ano,SPAECE,Simulado 01 SPAECE
Caçadora de gigantes,"Bárbara Thorson é uma garota rebelde e solitária que prefere o mundo de calabouços e dragões ao mundo real. Ao passar por uma série de maus tratos na escola, seu comportamento muda e a vida que sempre imaginou se torna real. Logo ela se vê enfrentando seus medos da pior maneira e fica obcecada com o que acredita ser sua missão: matar gigantes. PAÍS DE ORIGEM: BÉLGICA/CHINA/EUA/GRÃ-BRETANHA/ ANO DE PRODUÇÃO: 2018 GÊNERO: DRAMA, FANTASÍA, SUSPENSE DURAÇÃO: 106 CENSURA: 10","D17 - Reconhecer o sentido das relações lógico-discursivas marcadas por conjunções, advérbios etc.","No trecho “...o mundo de calabouços e dragões...” o termo ""e"" estabelece uma relação de",a,adição.,"['adição.', 'causa.', 'comparação.', 'oposição.']",9° ano,SPAECE,Simulado 01 SPAECE
Do que é feito o iogurte?,"O iogurte é um alimento amplamente consumido por jovens e adultos, seja puro ou com açúcar, mel ou frutas. Apesar disso, muitas pessoas não sabem como esse produto é feito e imaginam apenas que há leite, açúcar e alguns frutos. O que muitos não sabem é que, além desses produtos, existem bactérias! [...] As bactérias também são importantes para a fabricação de alimentos, tais como os iogurtes, queijos, coalhadas e vinagres; na produção de insulina, que é usada no tratamento de diabetes, e até em tratamentos estéticos, como o Botox. [...] No que diz respeito ao iogurte, elas são usadas para transformar o açúcar encontrado no leite (lactose) em ácido lático, que é responsável por coagular o leite. Esse processo é conhecido como fermentação. Basicamente, duas bactérias são usadas no processo de fabricação de iogurtes, a Lactobacillus bulgaricus e a Streptococcus thermophilus. A primeira está mais relacionada com a cremosidade e o cheiro do iogurte, enquanto o Streptococcus thermophilus está mais relacionado com a fermentação. O iogurte, além de saboroso, possui várias outras qualidades. Os lactobacilos usados em sua produção são importantes, por exemplo, contra doenças do intestino. Além disso, alguns estudos comprovam que o iogurte diminui o mau hálito e é uma boa fonte de cálcio, auxiliando, assim, no combate à osteoporose e à hipertensão (pressão alta). Sem falar que o iogurte é uma grande fonte de vitaminas","D17 - Reconhecer o sentido das relações lógico-discursivas marcadas por conjunções, advérbios etc.","Nesse texto, no trecho “...além de saboroso...” o termo ""além de"" estabelece uma ideia de",a,adição.,"['adição.', 'alternância.', 'condição.', 'oposição.']",9° ano,SPAECE,Simulado 01 SPAECE
Onde judas perdeu as botas,"A expressão “onde Judas perdeu as botas” é usada para designar um lugar distante, desconhecido e inacessível. Existe uma história não comprovada a qual relata que após trair Jesus, Judas se enforcou em uma árvore sem nada nos pés, já que havia posto o dinheiro que ganhara por ter entregue o mestre dentro de suas botas. Ainda segundo o conto popular, quando os soldados viram que Judas estava sem seus sapatos, saíram desesperados em busca dos calçados e do dinheiro ali depositado (cerca de 30 moedas de ouro). No entanto, diz a lenda que ninguém achou, nem sequer ficou sabendo do paradeiro das botas de Judas. Foi por meio desta fantasiosa história que o termo “onde Judas perdeu as botas” surgiu e se transformou em uma expressão popular.","D17 - Reconhecer o sentido das relações lógico-discursivas marcadas por conjunções, advérbios etc.","Nesse texto, os trechos “Quando” e “No entanto” expressam, respectivamente uma ideia de",d,tempo e adversidade.,"['adição e causa.', 'adversidade e modo.', 'modo e tempo.', 'tempo e adversidade.']",9° ano,SPAECE,Simulado 01 SPAECE
Canastra das velhinhas,"Duas velhinhas, bem velhinhas estão jogando sua canastra semanal. Uma delas olha para a outra e diz: — Por favor, não me leve a mal. Nós somos amigas há tanto tempo e agora eu não consigo me lembrar do seu nome, veja só a minha cabeça. Qual é o seu nome, querida? A outra olha fixamente para a amiga, por uns dois minutos, coça a testa e diz: — Você precisa dessa informação para quando?","D17 - Reconhecer o sentido das relações lógico-discursivas marcadas por conjunções, advérbios etc.","Nesse texto, no trecho “A outra olha fixamente...” a palavra ""fixadamente"" indica",b,o modo como a outra velhinha olhava para a amiga.,"['o lugar onde acontecia o jogo de canastra.', 'o modo como a outra velhinha olhava para a amiga.', 'o motivo pelo qual a velhinha olhava para a amiga.', 'o tempo de amizade entre as duas velhinhas.']",9° ano,SPAECE,Simulado 01 SPAECE
Um homem e uma mulher,"Aconteceu um acidente de trânsito, com dois carros batendo de frente, um guiado por um homem e o outro por uma mulher. Os carros ficaram completamente destruídos, mas, surpreendentemente, os motoristas nada sofreram. Ficaram completamente ilesos. Depois de saírem de seus carros, a mulher disse: — Interessante, você é um homem e eu uma mulher com os carros totalmente destruídos, mas estamos sem nenhum arranhão. Isto deve ser um sinal de Deus. Nós realmente precisávamos nos encontrar. Estava em nossos destinos nos conhecermos e ficarmos vivendo em paz, como grandes amigos até o fim de nossos dias. — Concordo! - disse o homem. A mulher continuou: — Isto com certeza é um sinal de Deus. E olhe outro milagre! Meu carro está completamente destruído, mas esta garrafa de vinho não se quebrou. Está claro que o destino quer que a bebamos para celebrar a nossa vida, que foi salva milagrosamente neste acidente. Vamos celebrar! Então a mulher tirou a rolha e passou a garrafa para o homem. Ele concordou sem titubear, e bebeu pelo gargalo a metade do vinho da garrafa. Depois devolveu a garrafa à mulher. Ela, imediatamente, sem beber uma gota, recolocou a rolha no gargalo. Sem entender nada, o homem perguntou: — Não vai beber a sua metade para comemorar? A mulher respondeu: — Agora não. Vou esperar a polícia chegar primeiro...","D17 - Reconhecer o sentido das relações lógico-discursivas marcadas por conjunções, advérbios etc.",Qual dos trechos abaixo indica ideia de modo?,d,“...foi salva milagrosamente neste acidente.”,"['“Aconteceu um acidente de trânsito...”', '“ — Isto com certeza é um sinal de Deus.”', '“...foi salva milagrosamente neste acidente.”', '“...foi salva milagrosamente neste acidente.”']",9° ano,SPAECE,Simulado 01 SPAECE
Celulares e Smartphones: uso e abuso?,"Não há dúvida que os avanços tecnológicos incorporados aos aparelhos eletrônicos nos últimos anos trouxeram grandes benefícios para nossas vidas. [...] Entretanto, todo esse progresso que, inegavelmente, transformou a vida das pessoas, veio acompanhado de alguns aspectos negativos, dentre os quais salienta-se o chamado “vício de celular” (mobile phone addiction, em inglês). Estudos recentes demonstram que o uso excessivo de smartphones pode causar depressão, estresse e insônia. Segundo o professor de Psicologia Organizacional e Saúde da Universidade de Lancaster, Reino Unido, Cary Cooper, a utilização em demasia desses aparelhos oferece uma saída passiva na qual o usuário não precisa interagir com o mundo ou enfrentar seus problemas. Assim como a luz da televisão atrai e entorpece os sentidos, os smartphones e celulares, segundo o mesmo psicólogo, podem causar vício e outros malefícios. [...] Não há nada de errado com os smartphones, o problema é como a pessoa os usa. Como qualquer ferramenta, o smartphone precisa ser usado com sabedoria. Estipule horários para usar o aparelho e não faça diversos acessos rápidos ao longo do dia.","D17 - Reconhecer o sentido das relações lógico-discursivas marcadas por conjunções, advérbios etc.","No texto, as palavras “Entretanto” e “Assim como” estabelecem, respectivamente, uma
relação de",d,oposição e comparação.,"['alternância e adição. ', 'causa e comparação.', 'oposição e adição.', 'oposição e comparação.']",9° ano,SPAECE,Simulado 01 SPAECE
Dinossauros no shopping,"Passear pelo shopping pode ser divertido, principalmente num dia de chuva, em que não dá para brincar lá fora. Encontramos cinemas com filmes bacanas, lanches gostosos, dinossauros… Opa! Achou estranho? Pois saiba que a exposição Era T-Rex levou um monte de parentes meus para shoppings em Niterói e São Paulo. A aventura começa com um filme 5D, tecnologia que une os movimentos do cinema 3D com cheiros, ventania e até esguichos de água para contar a história de um filhote de Tyranosaurus rex que se perde da mãe. Depois, o passeio continua com uma visita a réplicas de diversas espécies que se mexem de verdade, emitem sons e têm tamanho real. Quem visitar a exposição vai ver uma fêmea maiassaura cuidando de seu filhote, um apatossauro com 22 metros de comprimento e até tocar o angaturama, um dinossauro que viveu aqui no Brasil. A viagem no tempo não para por aí. No final, você vai encontrar um tanque de areia cheio de fósseis para descobrir. Eu e Diná já fomos correndo visitar nossos parentes e, apesar de sentirmos falta de algumas espécies, adoramos. Se você mora em São Paulo e quer conhecer a exposição, é preciso correr: ela só fica por lá até 29 de julho. Já em Niterói, ela vai até outubro.","D17 - Reconhecer o sentido das relações lógico-discursivas marcadas por conjunções, advérbios etc.","No trecho “... brincar lá fora.” a palavra ""lá"" indica",b,lugar.,"['causa.', 'lugar.', 'modo.', 'tempo.']",7° ano,SPAECE,Avaliação paraná
O pardal que queria ser águia,"“Minhocas! Eca! Isso é comida para bebês!”, Tuco, o pequeno pardal, nunca deixa de irritar seus amigos. Um dia, ele vai visitar sua mãe e diz: “Eu, mais tarde, vou me tornar uma águia dourada!”, “Mas, querido, mais tarde você vai continuar sendo o que já é: um pequeno pardal” – explica-lhe a mãe. “Não, eu vou ser uma ave de rapina poderosa! Você vai ver! Além do mais, hoje à noite no jantar, vou comer um carneiro que eu mesmo vou pegar.” Ele voa sobre o campo próximo e começa a pairar sobre um rebanho de ovelhas. Vê uma bem gorda e crava suas unhas nas costas dela. “Quem está aí nas minhas costas?” – pergunta a ovelha. “Sou eu, o Tuco! Você está presa! Eu capturei você!” – disse com sua voz baixinha. “Quem é você? Eu não consigo nem vê-lo” – perguntou a ovelha, se divertindo. “Você é minha prisioneira agora!” – diz Tuco. Mas, de repente, ele escorrega e cai entre as pernas da ovelha. Ela inclina-se até ele: “Oh, oh! Vejam só, uma águia dourada!” E ela pega o pequeno pardal entre os dentes e o carrega de volta para sua mãe, dizendo: “Estou trazendo de volta a sua terrível águia.”. Ele nem consegue olhar para a mãe. Essa foi a primeira e única aventura de Tuco, a águia dourada!","D17 - Reconhecer o sentido das relações lógico-discursivas marcadas por conjunções, advérbios etc.","No trecho “‘Você é minha prisioneira agora!’” a palavra ""agora"" indica ideia de",d,tempo.,"['causa. ', 'lugar.', 'modo.', 'tempo.']",7° ano,SPAECE,Avaliação paraná
"Lili, uma Cocker Companheira","“Dim­dom!” – Oba! Temos visitas! – disse a minha dona. Eu sou a cachorrinha Lili, e sou uma Cocker. Eu gosto quando chegam visitas aqui em casa. Faço amizades com muita facilidade, mas sem ficar pulando ou pedindo carinho para os visitantes. Bom, a não ser que eles me convidem para fazer isso. Na verdade, sou muito alegre, gosto de brincar e de dar longos passeios. Tenho bastante energia para essas coisas. Mas também sou flexível. Posso simplesmente ser uma companheira tranquila ao lado da minha dona. Vai depender do que ela quiser que eu faça no momento. Há algo importante que você precisa saber sobre mim. Minhas orelhas compridas abafam os ouvidos, assim eles acumulam mais cera, umidade e sujeira. Por isso, você precisa limpar meus ouvidos com algodão umedecido em óleo de amêndoa. Depois, é só retirar o excesso com algodão seco. Sou bem gulosa e, se minha dona não me controlar, como um montão. Por falar em comida, já me deu uma fominha! Desculpa aí, pessoal, mas vou ver se já está na hora da minha ração. Tchauzinho!","D17 - Reconhecer o sentido das relações lógico-discursivas marcadas por conjunções, advérbios etc.","Nesse texto, no trecho: “Tenho bastante energia para essas coisas.” o termo ""bastante"" estabelece relação de",b,intensidade.,"['comparação.', 'intensidade.', 'proporção.', 'causa.']",7° ano,SPAECE,Avaliação paraná
-,"As festas juninas são celebradas ao longo do mês de junho. Sua origem foram as festas pagãs, com fogueiras e queimas de fogos [...]. Elas começaram nos campos e plantações originando os trajes típicos de caipiras e sinhazinhas, com casamento de roça, discurso do padrinho, as capelinhas decoradas, etc. Com o passar do tempo, as festividades foram tomando um cunho religioso. Pela tradição, a festa junina consiste em celebrar os bons resultados da colheita [...]. As festas juninas estão enraizadas de arte popular com suas influências próprias das regiões, cheias de pureza, ingenuidade, poesia e inspiração. [...]","D17 - Reconhecer o sentido das relações lógico-discursivas marcadas por conjunções, advérbios etc.",O trecho desse texto que apresenta uma ideia de tempo é:,a,“As festas juninas são celebradas ao longo do mês de junho.”.,"['“As festas juninas são celebradas ao longo do mês de junho.”. ', '“... foram as festas pagãs, com fogueiras e queimas de fogos”.\r', '“Elas começaram nos campos e plantações originando os trajes típicos...”. ', ' “... as festividades foram tomando um cunho religioso.”.\r']",7° ano,SPAECE,Avaliação paraná
-,"Beto Oi! Meu nome é Beto e vivo na Zoolândia, um lugar animal! Às vezes sou um pouco distraído, mas meus amigos Gisa, Hugo, Joca e Madá estão sempre por perto para me ajudar. Com eles, sempre vivo aventuras e entro em algumas confusões. Outro dia, quase derrubei uma prateleira da seção de cristais de uma loja de departamentos! Se não fosse o Hugo, nem sei o que teria acontecido! Mas, se existe algo em que presto muita atenção, é no sentimento dos outros. Não gosto de magoar quem quer que seja.","D14 - Reconhecer as relações entre partes de um texto, identificando os recursos coesivos que contribuem para sua continuidade.","Nesse texto, no trecho “... estão sempre por perto para me ajudar.”, a palavra ""me"" refere-se",c,ao Beto.,"['à Gisa.', 'à Madá.', 'ao Beto.', 'ao Hugo.']",6° ano,SPAECE,Avaliação paraná
-,"Aniversário da lagartixa Olha quem foi convidado O gambá, a cobra e o cágado A mocinha ficou foi metida... Logo chegou a vizinha Correu lá na cozinha Fez um prato caprichado E foi lhe fazer um agrado... O banquete não pode faltar Carne, legumes e guaraná O camaleão ajudou a comprar Mas não pode participar... A lagartixa só resmungava Ninguém na sua festa chegava Iria trancar a porta Quem chegasse mandaria ir embora... Os convidados demoraram a chegar A lagartixa ficou aborrecida O calango coitado Escorregou na descida Com a perna machucada Foi se deitar no telhado... Mas logo a turma chegou A lagartixa se animou Vieram a cabra, a vaca e a galinha Mas os convidados que ela queria Nenhum aparecia...","D14 - Reconhecer as relações entre partes de um texto, identificando os recursos coesivos que contribuem para sua continuidade.","Nesse texto, no verso “Mas os convidados que ela queria”, a palavra ""ela"" refere-se à",c,lagartixa.,"['cabra.', 'galinha.', 'lagartixa.', 'vaca.']",6° ano,SPAECE,Avaliação paraná
Bichos de estimação,"Sem essa de cãozinho ou gatinho. Algumas crianças escolhem criar em casa bichinhos estranhos como iguana, rato e perereca. É assim com Rodrigo Yuzo, 10, que tem uma iguana – a sensação do prédio. Toda vez que ele desce com o réptil para o térreo, os amigos ficam curiosos. Ele gosta de colocar a iguana no pescoço e na cabeça. E jura que o animal o reconhece: “Ela me lambe”. Rodrigo resolveu comprar a iguana porque mora em apartamento e, principalmente por ter alergia a pelos de gato e cachorro. Ele explica que o réptil não dá muito trabalho. “Não precisa nem dar banho.”","D14 - Reconhecer as relações entre partes de um texto, identificando os recursos coesivos que contribuem para sua continuidade.","No trecho “E jura que o animal o reconhece:”, a expressão ""o animal"" substitui",a,a iguana.,"['a iguana.', 'a perereca. ', 'o cãozinho.', 'o gatinho.']",6° ano,SPAECE,Avaliação paraná
As lembranças vão na mala,"Puft! Fui atingida por toneladas e toneladas de fotos e álbuns de fotografia. É, quando mamãe dizia para arrumar esse armário, ela estava realmente falando sério. Em meio a tantas e tantas fotos, uma me chamou a atenção. Depois de muito observá-la, conseguia sentir até mesmo a areia no meu pé, o cheirinho do mar, o barulho das ondas quebrando, os adultos conversando, as crianças brincando... Ah! As crianças... Essa risada gostosa, tão sutil e ao mesmo tempo estridente, tão sincera... E esse rostinho de quem vai aprontar alguma? Esse olhar sapeca brilhando na direção do mar, da areia, de tudo e todos, como se examinasse cada detalhe de um novo mundo com uma perspectiva totalmente diferente. E lá ia eu, deixando meu calmo e tranquilo mundo paralelo para ir atrás de uma miniatura de gente que corria em meio às gargalhadas pela praia lotada, em direção ao mar, para meu desespero e da minha mãe, é claro. Calma e tranquilidade não combinavam com a situação, então “desci do salto” e perdi a compostura. Saí pela praia gritando por meu irmão, para que voltasse o mais rápido possível, porém, isso não poderia ser conseguido com facilidade. [...] É... nossas viagens nunca foram de plena leveza e descanso e a falta de medo e noção dos perigos do Rafa, meu irmão, sempre foram os principais motivos para tais situações, mas sempre tornaram as viagens tão memoráveis e inesquecíveis ao ponto de deixar-me sorrindo como boba ao olhar fotos como esta. Momentos que me fazem sentir falta de cada gargalhada, brincadeira e, claro, de todas as maratonas atrás desse homenzinho de nossa família!","D14 - Reconhecer as relações entre partes de um texto, identificando os recursos coesivos que contribuem para sua continuidade.","Nesse texto, no trecho “... uma me chamou a atenção.” a palavra ""uma"" se refere à",b,foto.,"['criança.', 'foto.', 'mamãe.', ' risada.']",7° ano,SPAECE,Avaliação paraná
-,"[...] Querida CHC, é um prazer estar escrevendo esta carta! A revista é ótima, muito informativa e interessante! Gostei em especial da matéria “Uma ajuda dos Urubus”, pois ela tem como objetivo, além de localizar os lixões, conscientizar os moradores sobre como o despejo incorreto do lixo pode causar danos ambientais e à saúde da população. Essa ideia ajudaria a ter um grande avanço de consciência na sociedade, e geraria uma melhor condição ao meio ambiente. Conheci a revista através de uma aula de português, porém, agora sempre que tenho um tempo livre leio alguma matéria por interesse próprio, pois sei que ficarei bem informada. Meus parabéns a todos da revista CHC, que conseguem passar tantas informações interessantes e importantes de maneira descontraída. [...]","D14 - Reconhecer as relações entre partes de um texto, identificando os recursos coesivos que contribuem para sua continuidade.","Nesse texto, no trecho “... pois ela tem como objetivo...”  o termo ""ela"" refere-se a",d,matéria.,"['aula.', 'carta.', 'ideia.', 'matéria.']",7° ano,SPAECE,Avaliação paraná
O celular está destruindo nossa memória,"O Instagram recebe 95 milhões de fotos por dia. São 1.100 novas imagens no sistema a cada segundo. Isso sem falar nos outros bilhões de cliques armazenados na memória dos celulares e que nunca verão a luz do dia. [...] As câmeras digitais acabaram com a limitação de poses. [...] Só tem um problema: esse hábito pode estar acabando com as nossas vidas – pelo menos com a forma como nos lembramos das nossas vidas. E pode estar distorcendo nossas personalidades também. [...] Quando você vive com uma câmera fotográfica de capacidade virtualmente infinita no bolso, a tendência é que você se preocupe mais em registrar momentos do que em prestar atenção neles. Aí complica. “Prestar atenção é fundamental para codificar informações na memória”, diz a italiana Giuliana Mazzoni, professora de psicologia da Universidade de Hull, no Reino Unido. Por via das dúvidas, vale lembrar: sua memória talvez agradeça se você parar e dar uma boa olhada no que vai fotografar antes de efetivamente apertar o botão. [...]","D14 - Reconhecer as relações entre partes de um texto, identificando os recursos coesivos que contribuem para sua continuidade.","Nesse texto, no trecho “... prestar atenção neles.” o termo ""neles"" retoma",d,momentos.,"['milhões.', 'cliques.', 'celulares.', 'momentos.']",7° ano,SPAECE,Avaliação paraná
O que são os dinossauros?,"Há muitos e muitos anos, viveu um extraordinário grupo de animais chamado dinossauros. Eles sobreviveram por aproximadamente 150 milhões de anos e desapareceram da Terra da forma mais misteriosa já vista. Muitos deles eram gigantes e alguns deles não eram maiores que uma galinha. Alguns eram mansos e comiam somente plantas; outros tinham dentes afiados e comiam carne. Alguns dinossauros eram répteis1  assim como os lagartos. Eles tinham a pele escamosa e botavam ovos. Mas ao contrário do lagarto, que era pequeno, com pernas curtas, os dinossauros tinham longos pescoços em cima de seus corpos, o que significava que eles podiam se movimentar muito mais facilmente. Muitos outros répteis viveram na era dos dinossauros, nadando no mar e voando no céu, mas os dinossauros viveram apenas em terra. Hoje, nós sabemos sobre eles porque seus ossos [...] foram preservados em rochas como fósseis2","D14 - Reconhecer as relações entre partes de um texto, identificando os recursos coesivos que contribuem para sua continuidade.","No texto, no trecho “Eles sobreviveram por aproximadamente 150 milhões de anos...” a palavra ""Eles"" está no lugar de",a,dinossauros.,"['dinossauros.', 'répteis.', 'lagartos.', 'fósseis.']",7° ano,SPAECE,Avaliação paraná
O que é água?,"A água é uma substância química. Um elemento da natureza, transparente, sem sabor e odor, composto por dois gases: duas partes de hidrogênio (símbolo H) e uma parte de oxigênio (símbolo O). Sua fórmula química é H2 O. A água pode ser doce ou salgada. A água do mar é salgada porque os rios carregam para o mar cloro e sódio que se desprendem na erosão das rochas dos seus leitos. Como os rios recebem mais água doce das chuvas do que evaporam, sua água continua doce. Com o mar é diferente: ele perde mais água por meio da evaporação do que ganha com a chuva. Assim, como o sal não evapora com a água, essa substância vai se acumulando e se concentrando no mar. A repetição desse fenômeno durante centenas de milhões de anos aumentou a concentração de cloreto de sódio nos oceanos, tornando-os salgados como são hoje. A água pode se apresentar em diversos estados: líquido, sólido (gelo) e gasoso (vapor d’água).","D14 - Reconhecer as relações entre partes de um texto, identificando os recursos coesivos que contribuem para sua continuidade.","No trecho “... essa substância vai se acumulando...” a expressão ""essa substância"" está no lugar da palavra ",d,sal.,"['água', 'cloro.', 'sódio.', 'sal.']",7° ano,SPAECE,Avaliação paraná
Baratas ─ Conheça as características desse inseto resistente,"[...] Existem cerca de 5 mil espécies de baratas, das quais 1 mil são brasileiras. Muita gente não sabe que as baratas urbanas correspondem a 1% do total de espécies desses insetos – o restante são espécies silvestres. [...] Os fósseis mais antigos de baratas estão datados em cerca de 320 milhões de anos, do período Carbonífero. Esses registros são impressões em rochas pré-históricas – o padrão das nervuras presentes nas asas é característico de cada espécie. Fósseis de baratas encontrados nas rochas calcárias da Formação de Santana, na região mineira de Santana de Cariri, datam de 112 milhões de anos, do período Cretáceo Inferior. Isso prova que esses insetos foram contemporâneos dos dinossauros. [...] As baratas são sobreviventes de todas as alterações climáticas e ambientais sofridas pela Terra em centenas de milhões de anos. Como uma fórmula “que deu certo”, elas não mudaram muito de lá para cá. Apresentam apenas variação no número de nervuras em suas asas e de espinhos nas pernas. [...]","D14 - Reconhecer as relações entre partes de um texto, identificando os recursos coesivos que contribuem para sua continuidade.","Nesse texto, no trecho “... elas não mudaram muito de lá para cá.” o termo ""elas"" retoma a palavra
",b,baratas.,"['asas.', 'baratas.', 'nervuras.', 'rochas.']",8° ano,SPAECE,Avaliação paraná
Viagem a Brobdingnag,"[...] Os primeiros 20 dias de viagem não foram muito calmos, pois os ventos fortes dificultavam as operações de bordo e a manutenção da rota. Na madrugada do 21º dia, o Aventura foi atingido por uma violenta tempestade que, embora tenha durado horas, foi suficiente para fazer com que perdêssemos nossa localização no mapa. O dia seguinte amanheceu claro e bonito. Logo avistamos, ao sul, alguns rochedos, que poderiam pertencer a uma ilha ou mesmo a um continente. Como já se esgotava nossa água potável, o comandante ordenou a 12 homens que tomassem um bote e procurassem fontes ou rios; talvez até achassem alguém que nos informasse sobre nossa localização. [...] Foi um pouco custoso alcançar a praia, por causa dos recifes enormes e pontiagudos. Quando, finalmente, chegamos, resolvemos nos separar. Eu, com minha experiência, iria por um lado e os outros homens pelo outro, até nos encontrarmos no ponto de partida [...]. Andei bastante tempo sem encontrar vestígio de água. Decidi voltar para ver se os marinheiros tinham tido melhor sorte. Quase próximo ao lugar combinado, olhei para o mar e vi meus companheiros no bote, afastando-se rapidamente da praia em direção ao navio. Eles haviam me esquecido em terra! Comecei a chamá-los: – Esperem! Estou aqui! Porém, meu último grito ficou preso na garganta e meu olhar fixo na figura de um homem de mais ou menos 20 metros de altura, que ia no encalço do bote e do Aventura [...]. Dei meia-volta e saí em disparada pelo mesmo caminho que acabara de percorrer. [...]","D14 - Reconhecer as relações entre partes de um texto, identificando os recursos coesivos que contribuem para sua continuidade.","Nesse texto, no trecho “... que, embora tenha durado horas,...” o termo ""que"" retoma a palavra",c,tempestade.,"['madrugada.', 'rota.', 'tempestade.', 'viagem.\r']",8° ano,SPAECE,Avaliação paraná
-,"Desde sua invenção, os cosméticos evoluem no mesmo compasso das transformações sociais. Na França pré-revolucionária, eles marcaram os rostos, exageradamente pintados [...]. A maquiagem, então, mais uma vez se transformava. Daí em diante, ela evitaria o ostracismo1  se renovando sempre: batons, blushes e sombras se revezariam em uma infinidade de cores. 400 A.C. Os povos da mesopotâmia (antigo Iraque) usam o kohl para unir as sobrancelhas, o sulfito de antimônio (pó escuro e tóxico) como sombra, o açafrão para colorir unhas e a terra vermelha com frutas silvestres (também vermelhas) maceradas como blush. [...] 776 A.C. Na Antiguidade clássica, a maquiagem feita à base de óleos naturais, sem fixadores como os de hoje, brigava com o calor do verão mediterrâneo. [...] 476 As mulheres [...] usavam máscaras de farinha de trigo, mel, óleo e sanguessugas [...]. 1774 O maquiador particular de Maria Antonieta cria nove tonalidades de ruge exclusivas para a rainha. A choconilha (um corante de cor carmim), retirada de um inseto de mesmo nome, se tornou a base principal para o tom. [...] 1945 [...] Na era Disco, rosa, azul e verde dão cor às sombras. Em 1980, chegam os cosméticos de longa duração. 2010 A cosmetologia [...] trata da pele de homens e mulheres, usando produtos como bases com filtro solar e até batons hidratantes. [...]","D14 - Reconhecer as relações entre partes de um texto, identificando os recursos coesivos que contribuem para sua continuidade.","Nesse texto, no trecho “Desde sua invenção...” o termo ""sua"" faz referência a",b,cosméticos.,"['cores.', 'cosméticos.', 'farinha de trigo.\r', 'mel.']",8° ano,SPAECE,Avaliação paraná
"Poderes à prova
","Entre maio e agosto, muitos filmes são lançados nos cinemas norte-americanos, e consequentemente, no Brasil. [...] E tal como nos últimos anos, entre os principais sucessos estão os filmes de super-heróis. Vingadores, Homem de Ferro, Homem-Aranha, Batman, Superman, Capitão América e outros ganham destaque nas telas de cinema, talvez pelo apelo que esses personagens têm em diversas faixas etárias. [...] O mais famoso dos super-heróis é o Superman, que surgiu em 1938, em uma história em quadrinhos. Por ter nascido em um planeta diferente (Kripton), com uma gravidade muito maior do que a da Terra [...], apresenta características especiais. Os superpoderes do Superman são realmente fantásticos. Ele pode voar em altíssimas velocidades (algumas vezes até mais rápido do que a luz) e tem superforça, supervisão, superaudição, visão de calor e de raios X. Será que tais poderes seriam possíveis na vida real? Infelizmente, do ponto de vista da física, as habilidades do Superman são impossíveis. Por exemplo, seu voo acontece sem que nada o impulsione. Todos os movimentos decorrem da ação de uma única força. Para um avião a jato voar, por exemplo, ele usa turbinas que sugam o ar e, em seguida, o expele com grande força, para que ocorra uma reação, igual e contrária [...] que o impulsiona para frente. [...]","D14 - Reconhecer as relações entre partes de um texto, identificando os recursos coesivos que contribuem para sua continuidade.","Nesse texto, no trecho “Ele pode voar em altíssimas velocidades...” o termo ""Ele"" refere-se a",d,Superman.,"['Batman', 'Capitão América.', 'Homem de Ferro.', 'Superman.']",9° ano,SPACE,Avaliação paraná
Pode tocar à vontade,"A mistura do olhar treinado de designer com o olhar de criança curiosa fez com que Juliana Gatti se perguntasse: “Por que eu não sei que planta é essa da esquina de casa?” A resposta veio em forma de um interessante projeto, o Árvores Vivas. Junto com uma equipe, que inclui biólogos e paisagistas, Juliana bate perna pelos parques de São Paulo ensinando botânica de um jeito pouco convencional. As nomenclaturas ficam em segundo plano e o que vale é a sensação de “experimentar” as plantas por meio do toque.” Não é essencial saber o nome da espécie. Isso está disponível nos livros. É só sentindo a textura da folha do manacá que você vai lembrar o que é a folha do manacá”, justifica Juliana, que faz um mapeamento das árvores do parque antes dos passeios. Além de sua experiência pessoal e da ajuda da equipe, leva a tiracolo sua “caixa mágica” – como apelidou seu acervo com cerca de 100 diferentes espécies. Atualmente, só podem participar do Árvores Vivas empresas e escolas, mas a ideia é abrir inscrições para grupos independentes até o final do ano.","D14 - Reconhecer as relações entre partes de um texto, identificando os recursos coesivos que contribuem para sua continuidade.","No trecho “Isso está disponível nos livros.” o termo ""isso"" refere-se a",b,nome da espécie.,"['mapeamento das árvores.', 'nome da espécie.', 'projeto Árvores Vivas.', 'textura da folha.']",9° ano,SPACE,Avaliação paraná
ABC,"Quando a gente aprende a ler, as letras, nos livros, são grandes. Nas cartilhas – pelo menos nas cartilhas do meu tempo – as letras eram enormes. Lá estava o A, como uma grande tenda. O B, com seu grande busto e sua barriga ainda maior. O C, sempre pronto a morder a letra seguinte com a sua grande boca. O D, com seu ar próspero de grão-senhor. Etc. Até o Z, que sempre me parecia estar olhando para trás. Talvez porque não se convencesse que era a última letra do alfabeto e quisesse certificar-se de que atrás não vinha mais nenhuma. As letras eram grandes, claro, para que decorássemos a sua forma. Mas não precisavam ser tão grandes. Que eu me lembre, minha visão na época era perfeita. Nunca mais foi tão boa. E no entanto os livros infantis eram impressos com letras graúdas e entrelinhas generosas. E as palavras eram curtas. Para não cansar a vista. À medida que a gente ia crescendo, as letras iam diminuindo. E as palavras, aumentando. Quando não se tem mais uma visão de criança é que se começa, por exemplo, a ler jornal, com seus tipos miúdos e linhas apertadas que requerem uma visão de criança. Na época em que começamos a prestar atenção em coisas como notas de pé de página, bulas de remédio e subcláusulas de contrato, já não temos mais metade da visão perfeita que tínhamos na infância [...]. Chegamos à idade de ler grossos volumes em corpo 1 6 quando só temos olhos para as letras gigantescas, coloridas e cercadas de muito branco, dos livros infantis. Quanto mais cansada a vista, mais exigem dela. Alguns recorrem à lente de aumento para seccionar as grandes palavras em manejáveis monossílabos infantis. [...] O E, que sempre parecia querer distância das outras. O R! Todas as letras tinham pé, mas o R era o único que chutava. O V, que aparecia em várias formas: refletido na água (o X), de muletas (o M), com o irmão siamês (o W). O Q, que era um O com a língua de fora. De tanto ler palavras, nunca mais reparamos nas letras. E de tanto ler frases, nunca mais notamos as palavras, com todo o seu mistério. Por exemplo: pode haver palavra mais estranha do que “esdrúxulo”? É uma palavra, sei lá. Esdrúxula. [...] As cartilhas, com sua alegre simplicidade, serviam para dissimular os terrores que a língua nos reservava. Como “esdrúxulo”. Para não falar em “autóctone”. Ou, meu Deus, em “seborreia”! Na verdade, acho que as crianças deviam aprender a ler nos livros do Hegel e em longos tratados de metafísica. Só elas têm a visão adequada à densidade do texto, o gosto pela abstração e tempo disponível para lidar com o infinito. E na velhice, com a sabedoria acumulada numa vida de leituras, com as letras ficando progressivamente maiores à medida que nossos olhos se cansavam, estaríamos então prontos para enfrentar o conceito básico de que vovô vê a uva, e viva o vovô. [...]","D14 - Reconhecer as relações entre partes de um texto, identificando os recursos coesivos que contribuem para sua continuidade.","No trecho “... mais exigem dela.” a palavra ""dela"" substitui",c,vista.,"['infância.', 'idade.', 'vista.', 'lente.']",9° ano,SPACE,Avaliação paraná
Caçadora de gigantes,"Bárbara Thorson é uma garota rebelde e solitária que prefere o mundo de calabouços e dragões ao mundo real. Ao passar por uma série de maus tratos na escola, seu comportamento muda e a vida que sempre imaginou se torna real. Logo ela se vê enfrentando seus medos da pior maneira e fica obcecada com o que acredita ser sua missão: matar gigantes. PAÍS DE ORIGEM: BÉLGICA/CHINA/EUA/GRÃ-BRETANHA/ ANO DE PRODUÇÃO: 2018 GÊNERO: DRAMA, FANTASÍA, SUSPENSE DURAÇÃO: 106 CENSURA: 10","D14 - Reconhecer as relações entre partes de um texto, identificando os recursos coesivos que contribuem para sua continuidade.","Nesse texto, no trecho “...seu comportamento muda...” a palavra ""seu"" faz referência",a,à Bárbara.,"['à Bárbara.', 'aos dragões.', 'aos gigantes.\r', 'aos maus tratos.']",9° ano,SPAECE,Simulado 01 SPAECE
Ah… a praia!,"Minha fascinação por ela é uma imensidão [...]. E pensar que é formada na mais tranquila e paciente espera. Foram necessários milhões de anos para podermos desfrutar de algumas horas do dia; no meu caso, de um bom feriado. Largo meus afazeres e presto somente atenção nela. O vento que vem de lá traz-me uma felicidade que não encontro nesse lado de cá. Mesmo que seja por pouco tempo, faço tudo para que esse tempo seja necessário, não para que desfrute de tudo que ela ofereça, e sim para que eu sempre sinta vontade de visitá-la. Sua voz é tão linda que tem concha que teima a imitá-la. Repare como ela é completa. Sinto o quente da areia, o frio da maré que chega. Oferece-me comida. Nunca me canso de falar dos ensinamentos da natureza. Tudo que vale a pena deve ser cultivado na medida certa do tempo. O perfeito é criado sem muita pressa, tornando-se duradouro. Que assim seja meu amor por ela. Quente quando está perto, frio quando a saudade aperta. Alimentado por tudo que está dentro dela. E que surja no tempo certo, para que possamos desfrutar na medida certa por um tempo indefinido. Para que no final eu possa prestar somente atenção nela.","D14 - Reconhecer as relações entre partes de um texto, identificando os recursos coesivos que contribuem para sua continuidade.","Nos trechos abaixo, qual das palavras destacadas refere-se à praia?",d,“...eu possa prestar somente atenção nela.”,"['“Foram necessários milhões de anos...” ', '“Mesmo que seja por pouco tempo...” ', '“O perfeito é criado sem muita pressa, tornando-se duradouro...” ', '“...eu possa prestar somente atenção nela.”']",9° ano,SPAECE,Simulado 01 SPAECE
Nova York proíbe venda de refrigerantes em copos grandes,"A prefeitura de Nova York proibiu [...] a venda de refrigerantes em copos com mais de 473 mililitros – equivalente a 16 onças, medida usada nos EUA – nas lanchonetes, restaurantes, estádios e salas de cinema, em uma tentativa de combater a obesidade. A Comissão de Saúde da prefeitura aprovou a proibição, que inclui todas as bebidas ricas em açúcar. Segundo o prefeito Michael Bloomberg, mais da metade dos adultos em Nova York (58%) é de obesos ou possui excesso de peso, e este problema também afeta 40% das crianças nas escolas públicas. O consumo de refrigerantes, geralmente mais baratos que a água mineral e cujos copos não são mais caros que os pequenos, é uma das causas identificadas do problema. [...] A iniciativa provocou críticas de moradores que a consideram uma intromissão exagerada do poder público em questões particulares. Representantes dos produtores de refrigerantes também se expressaram contrários. [...] “Ainda não é o fim”, afirmou em nota o grupo Nova-iorquinos pela Escolha das Bebidas, que é patrocinado pela indústria de refrigerantes. A associação reuniu mais de 250 mil assinaturas contra o projeto e considera mover um processo na justiça. “Continuaremos expressando nossa oposição a essa proibição e lutaremos pelo direito dos nova-iorquinos de tomar suas próprias decisões. E estaremos ao lado dos comerciantes que serão afetados por essas limitações arbitrárias”, dizia a nota, assinada por Eliot Hoff","D14 - Reconhecer as relações entre partes de um texto, identificando os recursos coesivos que contribuem para sua continuidade.","Nesse texto, no trecho “...que serão afetados por essas limitações arbitrárias.” a palavra""que"" refere-se",d,aos comerciantes.,"['à prefeitura de Nova York', 'às limitações arbitrárias.', 'ao poder público.\n', 'aos comerciantes.']",9° ano,SPAECE,Simulado 01 SPAECE
-,"Em época de Natal, os pais enchem as lojas para atender os desejos dos filhos [...]. Esta cena não é comum somente no mês de dezembro. Os excessos quanto aos pedidos das crianças acontecem frequentemente, e isto se deve à forte influência que o consumo exerce sobre as crianças. Uma forma de lidar com esse aspecto é a orientação que os pais podem oferecer o quanto antes, esclarecendo que o importante é a personalidade do indivíduo, e não aquilo que ele consome. [...] Os shoppings possuem uma estrutura que fascina as crianças. As lojas de brinquedos, o parque, as cores e as luzes as atraem. O ser humano tem uma grande necessidade de aceitação, de pertencer a um grupo, e o ato de consumir seria uma forma de inserção social, ou seja, para vivenciar este sentimento de pertença, a criança “necessita” adquirir determinado brinquedo, certas marcas de tênis e roupas e até fazer alguns passeios que são interessantes para o seu grupo. Os pais e a escola podem ensinar a criança a consumir com consciência e responsabilidade. Considerando a qualidade do produto e as necessidades a fim de não desperdiçar e sim de economizar. Quando o pai é consumista, tem grande possibilidade de ter um filho também consumista. Se o pai é econômico, planeja e investe naquilo que é fundamental, consegue passar esses valores para o filho. [...]","D14 - Reconhecer as relações entre partes de um texto, identificando os recursos coesivos que contribuem para sua continuidade.","Nesse texto, no trecho “...as cores e as luzes as atraem. ” o termo ""as"" faz referência",b,às crianças.,"['às cores.', 'às crianças.', 'às lojas.', 'às luzes.']",9° ano,SPAECE,Simulado 01 SPAECE
Alvinho,"O Alvinho encarava um batente que não era mole. Se virava mais que charuto em boca de bêbado por uma grana muito mixuruca, que mal dava pra ele escorar os repuxos. Coisa que não é mole, hoje em dia, com a vida custando os olhos da cara como anda. Muito nego se abilola. Principalmente se o pinta é casado e tem montes de filhos pra sustentar. Às vezes, entra em bobeira e sai falando sozinho. E esse era o lance do Alvinho. Cheio de bronca com a sinuca de bico em que estava, ficava pelos botecos cavernosos e biroscas escamosas fazendo o maior quás-quás-quás da paróquia: — Estou na piorada. Sei que estou. Mas um dia vira o jogo. Tem que virar. Do jeito que está não pode ser. Vê eu? Mino linha de frente, me atucanando nessa zorra encardida. Tá direito? Tá, não. Eu, Alvinho boa cuca, cheio de embaixada, perdido aqui nessa joça. Entregue às traças. A perigo perpétuo. Um dia tem que mudar. E como esse papo que ele engrenava não dizia nada a ninguém, o jeito era ele mesmo continuar charlando: — Nasci pra ser tratado a pão-de-ló. E, no entanto, estou só comendo capim pela raiz. Não dá pedal. Um dia me arrumo. Claro que era conversa de bêbado. Nem o mais loque dos ouvintes botava fé. [...]","D14 - Reconhecer as relações entre partes de um texto, identificando os recursos coesivos que contribuem para sua continuidade.","Nesse texto, no trecho “E como esse papo que ele engrenava não dizia nada a ninguém...” o
termo ""ele"" substitui a palavra",a,Alvinho.,"['Alvinho.', 'engrenava.', 'ninguém.', 'papo.']",9° ano,SPAECE,Simulado 01 SPAECE
Greg e o passarinho,"Ontem à tarde, Greg foi ao bosque para juntar cogumelos. Depois de ter recolhido alguns, resolveu voltar para que a mãe fizesse uma omelete para o jantar. No caminho de retorno, ele achou um passarinho caído do ninho, parecendo ter a pata machucada. Greg o envolveu em sua blusa. Chegando à sua casa, ele mostrou o passarinho ao papai e à mamãe: “Olhem, ele está ferido. Precisamos tratá-lo!”. “Venha” – disse a mãe – “Vamos fazer uma caminha para ele [...]. Você lhe dará um pouco do miolo de pão ensopado na água.” Nesta manhã, o passarinho parecia totalmente reavivado. Greg o levou até o seu ninho e depois foi para a escola com pena, porque queria ficar com o passarinho em casa, talvez, numa gaiola. “Não” – pensou o menino – “Foi melhor assim, pois o bichinho ficaria infeliz demais.” Depois da aula, Greg [...] viu o pássaro bem pertinho, sobre um portão. Greg parou, pensando que o animal ia fugir, mas não. O pássaro pulou [...] bastante contente. Greg se aproximou [...] e teve uma ideia. Na sua bolsa, sobrara ainda um pouco do seu lanche. Ele esmigalhou o pão e estendeu sua mão aberta. O passarinho hesitou, virou-se, e então, depressa, bicou uma migalha minúscula antes de sair voando para um galho baixo.",D11 - Reconhecer os elementos que compõem uma narrativa e o conflito gerador.,O que fez com que essa história acontecesse?,c,Greg achar um passarinho caído do ninho.,"['A mãe de Greg cuidar do passarinho.', 'A mãe de Greg fazer omelete para o jantar.', 'Greg achar um passarinho caído do ninho.', 'Greg levar cogumelos para o jantar.\r']",6° ano,SPAECE,Avaliação paraná
O polvo chateado,"Popó, o polvinho, estava chateado. Ele não achava nada para fazer. Popó já tinha feito todo o seu trabalho e foi para a caverna. Resolveu fazer uma visitinha aos amigos. Mas, chegando lá, descobriu que Silena, a baleia, estava descansando... Saturnino, o tubarão, estava caçando... e Baca, o caranguejo, estava procurando uma casa nova. Ou seja, todos estavam ocupados, exceto Popó. Ele voltou para casa triste: “O que fazer?” – ele se perguntou, mordiscando um camarão no fundo de sua caverna. Popó já ia comer outro camarão, quando sentiu uma agitação em torno dele. Eram Silena, Saturnino e Baca que o estavam chamando. “Popó, Popó! Olhe para nós! Estamos todos manchados pelo óleo! Nós temos que nos limpar, senão vamos morrer!” Os amigos estavam mesmo cheios de petróleo. Popó teve que procurar uma solução. “Tragam-me todas as esponjas que vocês puderem encontrar e chamem todos os animais da área! – disse ele. Silena, Saturnino e Baca logo voltaram carregados de esponjas grandes e bonitas. Popó pegou as esponjas e começou a limpar os seus melhores amigos. Então, limpou os outros habitantes do mar que tinham sido manchados pelo petróleo também. E, durante a limpeza, Popó conversou bastante com eles. Popó estava realmente sem tempo para ficar chateado.",D11 - Reconhecer os elementos que compõem uma narrativa e o conflito gerador.,Quem é o personagem principal dessa história?,b,Popó.,"['Baca.', 'Popó.\r', 'Saturnino.', 'Silena.']",6° ano,SPAECE,Avaliação paraná
O pardal que queria ser águia,"“Minhocas! Eca! Isso é comida para bebês!”, Tuco, o pequeno pardal, nunca deixa de irritar seus amigos. Um dia, ele vai visitar sua mãe e diz: “Eu, mais tarde, vou me tornar uma águia dourada!”, “Mas, querido, mais tarde você vai continuar sendo o que já é: um pequeno pardal” – explica-lhe a mãe. “Não, eu vou ser uma ave de rapina poderosa! Você vai ver! Além do mais, hoje à noite no jantar, vou comer um carneiro que eu mesmo vou pegar.” Ele voa sobre o campo próximo e começa a pairar sobre um rebanho de ovelhas. Vê uma bem gorda e crava suas unhas nas costas dela. “Quem está aí nas minhas costas?” – pergunta a ovelha. “Sou eu, o Tuco! Você está presa! Eu capturei você!” – disse com sua voz baixinha. “Quem é você? Eu não consigo nem vê-lo” – perguntou a ovelha, se divertindo. “Você é minha prisioneira agora!” – diz Tuco. Mas, de repente, ele escorrega e cai entre as pernas da ovelha. Ela inclina-se até ele: “Oh, oh! Vejam só, uma águia dourada!” E ela pega o pequeno pardal entre os dentes e o carrega de volta para sua mãe, dizendo: “Estou trazendo de volta a sua terrível águia.”. Ele nem consegue olhar para a mãe. Essa foi a primeira e única aventura de Tuco, a águia dourada!",D11 - Reconhecer os elementos que compõem uma narrativa e o conflito gerador.,O que fez com que essa história acontecesse?,c,Tuco querer ser uma águia.,"['Tuco caçar um carneiro.', 'Tuco irritar os seus amigos.', 'Tuco querer ser uma águia.', 'Tuco visitar sua mãe.\r']",6° ano,SPAECE,Avaliação paraná
"Lêdo, o livrinho que queria ser lido","“Ninguém me vê...”, murmurava Lêdo, o livrinho esquecido na prateleira. [...] “Será que estou muito escondido?”, dizia Lêdo, ajeitando-se mais na ponta da prateleira. “Hummm, aqui está melhor. Agora sim, com certeza, vão me ver”. Mas ninguém o viu. [...] [...] Ele vê alunos e alunas passando por perto. “Olha, está vindo um menino, outro, agora uma menina e... passaram. Nem me viram.” [...] “A minha historinha é tão legal. Tantas crianças já riram e se emocionaram comi- go. Por que agora estão me ignorando?” Sem saber o que fazer, Lêdo foi procurar o doutor Livraldo, o grande médico dos livros. – Doutor Livraldo! Doutor Livraldo! gritava Lêdo, na biblioteca. – Quem me chama [...]? Apareceu [...] o doutor Livraldo. – Sou eu, doutor, o Lêdo. Estou muito preocupado. – Ora, e com o quê? Você é um livro tão jovem. – Acho que as crianças não gostam mais de mim. Elas passam nas prateleiras e não me leem. Estou muito triste com isso. Desse jeito vou virar enfeite ou ser esquecido. – Me deixe examiná-lo, – falava o doutor. [...] [...] as suas folhas estão um pouco apagadas de tanto serem usadas pelas crianças. Elas gostavam tanto de você que o marcavam, escreviam em você, e as letrinhas foram se apagando. Me deixa restaurar suas páginas. Assim, Doutor Livraldo mexe aqui e acolá, pinta, reescreve e remenda e... “Ah, agora sim, você está novo de novo.” – Legal, doutor Livraldo, estou novinho em folha! Daí, Lêdo voltou a sua estante muito contente e radiante. Quando a criançada viu aquele livro como novo fosse, passou a pegá-lo na estante, a lê-lo e a contar as suas histórias. Afinal, Lêdo tinha muito o que dizer. [...]",D11 - Reconhecer os elementos que compõem uma narrativa e o conflito gerador.,O trecho que mostra o local onde essa história acontece é:,b,"“– Doutor Livraldo! Doutor Livraldo! gritava Lêdo, na biblioteca.”.","[' “Tantas crianças já riram e se emocionaram comigo.”.', '“– Doutor Livraldo! Doutor Livraldo! gritava Lêdo, na biblioteca.”.', '“– Legal, doutor Livraldo, estou novinho em folha!”.', ' “Quando a criançada viu aquele livro como novo fosse,...”.']",6° ano,SPAECE,Avaliação paraná
-,"Aniversário da lagartixa Olha quem foi convidado O gambá, a cobra e o cágado A mocinha ficou foi metida... Logo chegou a vizinha Correu lá na cozinha Fez um prato caprichado E foi lhe fazer um agrado... O banquete não pode faltar Carne, legumes e guaraná O camaleão ajudou a comprar Mas não pode participar... A lagartixa só resmungava Ninguém na sua festa chegava Iria trancar a porta Quem chegasse mandaria ir embora... Os convidados demoraram a chegar A lagartixa ficou aborrecida O calango coitado Escorregou na descida Com a perna machucada Foi se deitar no telhado... Mas logo a turma chegou A lagartixa se animou Vieram a cabra, a vaca e a galinha Mas os convidados que ela queria Nenhum aparecia...",D11 - Reconhecer os elementos que compõem uma narrativa e o conflito gerador.,"Nesse texto, o personagem principal é",b,a lagartixa.,"['a cobra.', 'a lagartixa.', 'o calango.', 'o gambá.']",6° ano,SPAECE,Avaliação paraná
"Abelardo, o chocolate doce que queria ser amargo","Abelardo era um chocolate daqueles bem doces que as crianças adoravam. Todos na sua família eram doces como ele. O tio Teobaldo era doce e recheado. O pai, Benjamin, tinha recheio de amendoim. A mãe, Dona Zuleide, era de chocolate ao leite. Os irmãos, Teco e Beija, tinham recheio de ameixa. Mas ele achava chato ser sempre doce. Por que eu sou tão doce? Eu não podia ser amargo? Questionava Abelardo chateado. Um dia resolveu viajar, algum jeito de ser amargo ele iria achar. [...] Saiu andando pela vila doce, sem paradeiro. Até que chegou na cidade dos doceiros. [...] No meio da vila, uma enorme fábrica de doces, onde novos doces eram feitos. [...] Abelardo foi falar com o chefe da doceria, um biscoito bem salgado, que, puxando o bigode para o lado, foi logo explicando as regras a Abelardo: – Aqui você pode escolher se quer ser doce, ou amargo, que recheio quer ter, se quer ser redondo ou quadrado. E, se depois quiser mudar, pode aqui retornar. Abelardo se alegrou. Agora podia ser o que quisesse. Podia ser meio doce e meio amargo. E assim fez. Programou a máquina de chocolates, se tornou meio doce e meio amargo. Agora estava feliz. [...]",D11 - Reconhecer os elementos que compõem uma narrativa e o conflito gerador.,O desfecho dessa história acontece quando Abelardo,d,tornou-­se meio doce e meio amargo.,"['questionou\xadse por que era tão doce.', 'resolveu viajar e achar um modo de ser amargo.', 'saiu andando sem paradeiro pela vila doce.\r', 'tornou-\xadse meio doce e meio amargo.']",6° ano,SPAECE,Avaliação paraná
Um dia no campo,"A boneca Limãozinho foi visitar sua amiga, a boneca Fazendinha, que morava no campo. – Que maravilha de lugar, Fazendinha. Aqui há muitas frutas gostosas, como maçã, pera, uva, banana, jabuticaba, laranja... – disse Limãozinho. – Isso mesmo, amiga! Eu adoro este lugar, o ar puro, a companhia dos animais, a comida fresquinha... não troco isto aqui por nada – elogiou Fazendinha. Limãozinho gostou tanto da vida no campo que se mudou para lá e foi ajudar Fazendinha a cuidar dos bichos e do imenso pomar repleto de frutas que havia naquele lugar mágico e encantador. Agora, além das maravilhas da natureza, o campo contava com a presença das duas lindas bonecas.",D11 - Reconhecer os elementos que compõem uma narrativa e o conflito gerador.,Essa história termina quando,c,Limãozinho se muda para o campo.,"['Fazendinha diz que gosta do ar puro.', 'Fazendinha menciona a comida fresquinha', 'Limãozinho se muda para o campo.', 'Limãozinho vai visitar a amiga no campo.']",6° ano,SPAECE,Avaliação paraná
O pardal que queria ser águia,"“Minhocas! Eca! Isso é comida para bebês!”, Tuco, o pequeno pardal, nunca deixa de irritar seus amigos. Um dia, ele vai visitar sua mãe e diz: “Eu, mais tarde, vou me tornar uma águia dourada!”, “Mas, querido, mais tarde você vai continuar sendo o que já é: um pequeno pardal” – explica-lhe a mãe. “Não, eu vou ser uma ave de rapina poderosa! Você vai ver! Além do mais, hoje à noite no jantar, vou comer um carneiro que eu mesmo vou pegar.” Ele voa sobre o campo próximo e começa a pairar sobre um rebanho de ovelhas. Vê uma bem gorda e crava suas unhas nas costas dela. “Quem está aí nas minhas costas?” – pergunta a ovelha. “Sou eu, o Tuco! Você está presa! Eu capturei você!” – disse com sua voz baixinha. “Quem é você? Eu não consigo nem vê-lo” – perguntou a ovelha, se divertindo. “Você é minha prisioneira agora!” – diz Tuco. Mas, de repente, ele escorrega e cai entre as pernas da ovelha. Ela inclina-se até ele: “Oh, oh! Vejam só, uma águia dourada!” E ela pega o pequeno pardal entre os dentes e o carrega de volta para sua mãe, dizendo: “Estou trazendo de volta a sua terrível águia.”. Ele nem consegue olhar para a mãe. Essa foi a primeira e única aventura de Tuco, a águia dourada!",D11 - Reconhecer os elementos que compõem uma narrativa e o conflito gerador.,O que fez com que essa história acontecesse?,c,Tuco querer ser uma águia,"['Tuco caçar um carneiro.\r', 'Tuco irritar os seus amigos.', 'Tuco querer ser uma águia', 'Tuco visitar sua mãe.']",7° ano,SPAECE,Avaliação paraná
As lembranças vão na mala,"Puft! Fui atingida por toneladas e toneladas de fotos e álbuns de fotografia. É, quando mamãe dizia para arrumar esse armário, ela estava realmente falando sério. Em meio a tantas e tantas fotos, uma me chamou a atenção. Depois de muito observá-la, conseguia sentir até mesmo a areia no meu pé, o cheirinho do mar, o barulho das ondas quebrando, os adultos conversando, as crianças brincando... Ah! As crianças... Essa risada gostosa, tão sutil e ao mesmo tempo estridente, tão sincera... E esse rostinho de quem vai aprontar alguma? Esse olhar sapeca brilhando na direção do mar, da areia, de tudo e todos, como se examinasse cada detalhe de um novo mundo com uma perspectiva totalmente diferente. E lá ia eu, deixando meu calmo e tranquilo mundo paralelo para ir atrás de uma miniatura de gente que corria em meio às gargalhadas pela praia lotada, em direção ao mar, para meu desespero e da minha mãe, é claro. Calma e tranquilidade não combinavam com a situação, então “desci do salto” e perdi a compostura. Saí pela praia gritando por meu irmão, para que voltasse o mais rápido possível, porém, isso não poderia ser conseguido com facilidade. [...] É... nossas viagens nunca foram de plena leveza e descanso e a falta de medo e noção dos perigos do Rafa, meu irmão, sempre foram os principais motivos para tais situações, mas sempre tornaram as viagens tão memoráveis e inesquecíveis ao ponto de deixar-me sorrindo como boba ao olhar fotos como esta. Momentos que me fazem sentir falta de cada gargalhada, brincadeira e, claro, de todas as maratonas atrás desse homenzinho de nossa família!",D11 - Reconhecer os elementos que compõem uma narrativa e o conflito gerador.,"Nesse texto, a pessoa que conta a história",c,é o personagem principal.,"['é alguém que observa os fatos de maneira emotiva.', 'é alguém que observa os fatos de maneira imparcial.', 'é o personagem principal.', 'é um personagem secundário.']",7° ano,SPAECE,Avaliação paraná
Azulândia,"Os últimos dias não tinham sido fáceis para o Rei Lívio e para a sua amada esposa, a rainha Olga. Diariamente, chegavam ao palácio notícias de que os encantos do reino começavam a desaparecer a um ritmo alucinante e de forma misteriosa. Primeiro haviam desaparecido as borboletas e as libélulas, logo em seguida, as hortênsias azuis que adornavam as bermas dos caminhos. Não muito depois, os habitantes da Azulândia deixaram de ver, pela manhã, gotas de orvalho. Temia-se que, em pouco tempo, desaparecessem os regatos de água cristalina, as robustas e centenárias árvores, o canto dos pássaros… A catástrofe total seria no dia em que as nuvens, o Sol, a Lua, as estrelas e o arco-íris deixassem de oferecer luz e cor à ilha.",D11 - Reconhecer os elementos que compõem uma narrativa e o conflito gerador.,O fato que deu origem a essa história foi,c,o desaparecimento dos encantos do reino de forma misteriosa,"['a alegria dos homens ao verem que as bermas dos caminhos estavam bordadas.', 'a procura por homens que ainda conservassem a bondade no coração.', 'o desaparecimento dos encantos do reino de forma misteriosa', 'o retorno dos homens ao palácio para uma grande festa no salão.']",7° ano,SPAECE,Avaliação paraná
No silêncio,"Um fazendeiro descobriu que tinha perdido o relógio no celeiro, muito valioso e de grande valor sentimental. Após extensa procura em vão, ele recorreu à ajuda de um grupo de crianças e prometeu uma valiosa recompensa para quem encontrasse o seu relógio. Quando o fazendeiro estava prestes a desistir, um menino lhe pediu uma chance para procurar, já que todos os outros não conseguiram. Por que não? Seria uma tentativa a mais. Então, o fazendeiro autorizou o menino a entrar no celeiro. Depois de um tempo, o menino saiu com o relógio em sua mão!!! Todos ficaram espantados. Então o fazendeiro perguntou: “Como conseguiu encontrar?” O menino respondeu: “Eu não fiz nada a não ser ficar sentado no chão. No silêncio, eu escutei o tique-taque do relógio e apenas olhei para a direção certa.” [...]",D11 - Reconhecer os elementos que compõem uma narrativa e o conflito gerador.,"Nesse texto, o narrador",d," não faz parte dos fatos, porém sabe de tudo o que acontece com os personagens.
","['faz parte da história, contando algo que aconteceu com ele mesmo.', 'faz parte do acontecimento, sendo um personagem secundário da narrativa.', 'não faz parte das ações, mas tenta promover uma reflexão no leitor.', ' não faz parte dos fatos, porém sabe de tudo o que acontece com os personagens.\r']",7° ano,SPAECE,Avaliação paraná
De bem com a vida,"Filó, a joaninha, acordou cedo. – Que lindo dia! Vou aproveitar para visitar minha tia. [...] Filó colocou seu vestido amarelo de bolinhas pretas, passou batom cor-de-rosa, calçou os sapatinhos de verniz, pegou o guarda-chuva preto e saiu pela floresta: plecht, plecht... Andou, andou... e logo encontrou Loreta, a borboleta. – Que lindo dia! – E pra que esse guarda-chuva preto, Filó? – É mesmo! – pensou a joaninha. E foi para casa deixar o guardachuva. De volta à floresta: – Sapatinhos de verniz? Que exagero! – disse o sapo Tatá. Hoje nem tem festa na floresta. – É mesmo! – pensou a joaninha. E foi para casa trocar os sapatinhos. De volta à floresta: – Batom cor-de-rosa? Que esquisito! – disse Téo, o grilo falante. – É mesmo! – disse a joaninha. E foi para casa tirar o batom. – Vestido amarelo com bolinhas pretas? Que feio! Por que não usa o vermelho? – disse a aranha Filomena. – É mesmo! – pensou Filó. E foi para casa trocar de vestido. Cansada de tanto ir e voltar, Filó resmungava pelo caminho. O Sol estava tão quente que a joaninha resolveu desistir do passeio. Chegando em casa, ligou para tia Matilde. – Titia, vou deixar a visita para outro dia. – O que aconteceu, Filó? – Ah! Tia Matilde! Acordei cedo, me arrumei bem bonita e saí andando pela floresta. Mas no caminho... – Lembre-se, Filozinha... gosto de você do jeitinho que você é. Venha amanhã, estarei te esperando com um almoço bem gostoso. No dia seguinte, Filó acordou de bem com a vida. Colocou seu vestido amarelo de bolinhas pretas, amarrou a fita na cabeça, passou batom cor-de-rosa, calçou seus sapatinhos de verniz, pegou o guardachuva preto, saiu andando apressadinha pela floresta, plecht, plecht, plecht... e só parou para descansar no colo gostoso da tia Matilde.",D11 - Reconhecer os elementos que compõem uma narrativa e o conflito gerador.,"Qual é a personagem principal desse texto?
",c,A joaninha Filó.,"['A aranha Filomena.', 'A borboleta Loreta', 'A joaninha Filó.', 'A tia Matilde']",7° ano,SPAECE,Avaliação paraná
O Espelho Mágico,"O rapaz […] saiu pelo mundo para ganhar a vida. Ia por um caminho quando viu uma pedra tapando a boca de um formigueiro e as formigas lutando para arredá-la. O moço, que tinha bom coração, abaixou-se e tirou a pedra com cuidado para não matar as formigas. Quando acabou, uma formiguinha falou: - Se você se encontrar em dificuldades, diga: Valha-me o Rei das Formigas. O rapaz seguiu sua estrada e adiante encontrou um carneiro com uma pata enganchada num arame. Soltou o bichinho. O carneiro disse: - Quando você tiver uma dificuldade, diga: Valha-me o Rei dos Carneiros! Lá mais longe o rapaz viu um peixe dentro duma poça d’água rasa, quase se acabando. [...] O moço tirou-o da poça […]. - Quando você tiver uma dificuldade, diga: Valha-me o Rei dos Peixes. […] Chegando no reinado, o rapaz soube que a princesa tinha um espelho mágico que mostrava todas as cousas escondidas. O espelho só tinha forças de meia-noite até o primeiro cantar do galo. Quem se escondesse, e a princesa não descobrisse, casava com ela […]. O rapaz foi se oferecer para essa aventura. Na primeira noite […] disse: Valha-me o Rei dos Carneiros! […] - Monte nas minhas costas! – O rapaz montou e o carneiro largou-se correndo […]. Deitou o rapaz na gruta e encheu os arredores de carneiros, uns por cima dos outros, que ninguém via outra cousa afora carneiro. À meia-noite a moça puxou o espelho e procurou o rapaz […] e o espelho mostrou o rapaz deitado no chão, coberto de carneiros. […] O rapaz apelou para o peixe. Foi à beira-mar e chamou: Valha-me o Rei dos Peixes! […] O Rei dos Peixes mandou um tubarão engolir o rapaz e uma baleia engolir o tubarão e foi para o fundo do mar. Na meia-noite, a princesa foi consultar o espelho. […] descobriu onde o rapaz estava dormindo. […] a princesa ficou com pena dele e pediu ao rei para deixar o moço experimentar uma vez mais. O rapaz ficou contente e foi valer-se do Rei das Formigas. Esse ouviu a conversa toda e disse: - […] Eu vou virar você numa formiga [...] À meia-noite a princesa procurou o rapaz em toda parte, virou e mexeu, e nada de ver onde ele estava dormindo. Passouse a hora das forças do espelho encantado e ela não viu cousa alguma. Amanheceu o dia e o rapaz voltou a ser gente e veio perguntar onde tinha dormido. - Não sei onde você dormiu! Onde foi? - Não digo enquanto não me casar com você! Fizeram o casamento com muita festa e só depois de casado é que o moço disse onde tinha passado a sua última noite de solteiro.",D11 - Reconhecer os elementos que compõem uma narrativa e o conflito gerador.,A personagem principal dessa história é,d,"o rapaz.
","['o carneiro.', 'o espelho.', 'o peixe.', 'o rapaz.\r']",7° ano,SPAECE,Avaliação paraná
Viagem a Brobdingnag,"[...] Os primeiros 20 dias de viagem não foram muito calmos, pois os ventos fortes dificultavam as operações de bordo e a manutenção da rota. Na madrugada do 21º dia, o Aventura foi atingido por uma violenta tempestade que, embora tenha durado horas, foi suficiente para fazer com que perdêssemos nossa localização no mapa. O dia seguinte amanheceu claro e bonito. Logo avistamos, ao sul, alguns rochedos, que poderiam pertencer a uma ilha ou mesmo a um continente. Como já se esgotava nossa água potável, o comandante ordenou a 12 homens que tomassem um bote e procurassem fontes ou rios; talvez até achassem alguém que nos informasse sobre nossa localização. [...] Foi um pouco custoso alcançar a praia, por causa dos recifes enormes e pontiagudos. Quando, finalmente, chegamos, resolvemos nos separar. Eu, com minha experiência, iria por um lado e os outros homens pelo outro, até nos encontrarmos no ponto de partida [...]. Andei bastante tempo sem encontrar vestígio de água. Decidi voltar para ver se os marinheiros tinham tido melhor sorte. Quase próximo ao lugar combinado, olhei para o mar e vi meus companheiros no bote, afastando-se rapidamente da praia em direção ao navio. Eles haviam me esquecido em terra! Comecei a chamá-los: – Esperem! Estou aqui! Porém, meu último grito ficou preso na garganta e meu olhar fixo na figura de um homem de mais ou menos 20 metros de altura, que ia no encalço do bote e do Aventura [...]. Dei meia-volta e saí em disparada pelo mesmo caminho que acabara de percorrer. [...]",D11 - Reconhecer os elementos que compõem uma narrativa e o conflito gerador.,O trecho que apresenta o momento mais emocionante dessa história é:,c,"“Porém, meu último grito ficou preso na garganta e meu olhar fixo na figura de um homem de mais ou menos 20 metros de altura, que ia no encalço do bote e do Aventura.”.","['“Os primeiros 20 dias de viagem não foram muito calmos, pois os ventos fortes dificultavam as operações ...”.', '“Foi um pouco custoso alcançar a praia, por causa dos recifes enormes e pontiagudos. Quando, finalmente, chegamos, resolvemos nos separar.”. ', '“Porém, meu último grito ficou preso na garganta e meu olhar fixo na figura de um homem de mais ou menos 20 metros de altura, que ia no encalço do bote e do Aventura.”.', '“Dei meia-volta e saí em disparada pelo mesmo caminho que acabara de percorrer.”.']",8° ano,SPAECE,Avaliação paraná
Dicionário de formas,"Era uma vez eu, Zé Sorveteiro, que me apaixonei por uma princesa que acabara de chegar do outro lado da Terra. Bolei para ela um dicionário de quatro palavras: bola, quadrado, retângulo, triângulo. Japonês se escreve com desenhos. Com desenhos a princesa aprenderia português! [...] Ia até meu carrinho e pedia, desenhando no ar: – Triângulo-bola. Sorvete na casquinha! O dicionário funcionava às maravilhas. Eu? Mandava bilhetes. Desenhava um quadrado com um triângulo em cima e escrevia: casa!!! Caprichava nos pontos de exclamação. Casa!!! Casa!!! Fácil de entender: casa comigo. Mas toda princesa tem uma fera para encontrar bilhetes. Uma hora a fera mandou me chamar. Aí… Aí eu transformei ponto de exclamação em sinal de aguaceiro: – Um traço com um pingo é chuva. Três -!!! – muita chuva. Casa, chuva, chuva, chuva. Estou só avisando… Cuidado com goteiras. [...] Hoje, 60 anos depois, repito, valeu a pena. E lá vou eu apanhar uns triângulos vermelhos para a minha rainha arrumar no triângulo do retângulo do quadrado da frente. Perfeito. Daqui a pouco a jarra da mesa da sala estará toda perfumada com os… Como é mesmo? Vá lá! Com os triângulos vermelhos.",D11 - Reconhecer os elementos que compõem uma narrativa e o conflito gerador.,O trecho desse texto que mostra que o narrador conta uma história vivida por ele é:,a,"“Era uma vez eu, Zé Sorveteiro, que me apaixonei por uma princesa...”.","['“Era uma vez eu, Zé Sorveteiro, que me apaixonei por uma princesa...”.', '“Com desenhos a princesa aprenderia português!”.', '“Mas toda princesa tem uma fera para encontrar bilhetes.”.', '“Daqui a pouco a jarra da mesa da sala estará toda perfumada...”.']",8° ano,SPAECE,Avaliação paraná
O roubo da árvore,"Era um homem tímido [...] – mas não triste, de jeito algum. E tinha fascínio pelo Natal. [...] Adorava as festas de fim de ano. Vivia só num apartamento antigo, cercado de prédios modernos que tinham crescido em torno como cogumelos, mas da janela da sala tinha a visão de um bom pedaço do espelho d’água da Lagoa. E o melhor pedaço de todos – pois era bem ali que a prefeitura armava a árvore de Natal. Quando chegava novembro, ele – que já passava dos 60 – acompanhava a construção da árvore com uma excitação infantil. A imensa estrutura metálica levava semanas sendo armada e, depois de pronta, era deslocada até o meio da Lagoa, felizmente ainda dentro de seu campo de visão. [...] No dia marcado, acordou cedo e foi espiar para ver se a árvore já fora rebocada até seu lugar definitivo. E então percebeu, com um choque, que ela havia desaparecido. Encostouse ao parapeito da janela, os olhos varrendo o espelho d’água em busca de uma explicação, algum sinal. Nada. O que teria acontecido? Após algum tempo, concluiu: com certeza este ano tinham decidido colocá-la um pouco mais para lá, perto do Cantagalo, onde ele ouvira dizer que fora montado um palco, para um show. Se fosse isso, não haveria jeito. Teria de se conformar. [...] Torceu as mãos, ainda guardando a esperança de que, na hora da cerimônia, a árvore estivesse de volta ao espaço onde sempre ficara. Mas, à noite, foi com os olhos úmidos que ouviu o espoucar dos primeiros fogos da festa. Por cima dos edifícios altos, lá pelas bandas do Cantagalo, viu os clarões dos fogos de artifício – apenas os clarões, mais nada. Àquela altura, sua árvore já devia estar toda iluminada, cintilando no meio da Lagoa – mas para outros olhos, pensou. [...] No dia seguinte, evitou ir à janela. Andejou pela casa o dia inteiro, sem muito o que fazer, pois era domingo. Remexeu em papéis velhos, leu um pouco, ouviu música, mas preferiu não assistir ao noticiário da televisão. Já era de noitinha quando ouviu um barulhinho de chuva e, quase sem perceber, foi até a janela espiar. Seus olhos [...] então ficaram úmidos, como a noite lá fora.  No meio da Lagoa, brilhando por entre as gotas de chuva, lá estava ela. Sua árvore de volta",D11 - Reconhecer os elementos que compõem uma narrativa e o conflito gerador.,"Nesse texto, o desfecho da história ocorre quando o homem",d,vê pela janela que a árvore estava no meio da Lagoa.,"['acorda cedo para espiar se a árvore foi rebocada.', 'ouve os fogos de artifício perto do Cantagalo.', 'percebe que a árvore havia desaparecido.', 'vê pela janela que a árvore estava no meio da Lagoa.']",9° ano,SPACE,Avaliação paraná
Traços traçados,"Era uma vez um traço. E era uma outra vez outro traço. Os dois foram traçados por um menino que gostava muito de desenhar trecos com muitas tramas. A transação dos traços deu uma trança. E essa trança, trançada com outros tantos traços, deu ‘trocentos’ troços traçados! “Trocentos troços traçados fazem muitas trocas”, ele pensou, já tonto com tantos tês e ‘trs’. Então, no meio de tantos traços e tantas letras, sem travas nem trapaças, o menino fez uma descoberta transcendental! Foi assim, entre traços entrelaçados e letras tresloucadas, que ele descobriu que é assim que se fazem... Os livros.",D11 - Reconhecer os elementos que compõem uma narrativa e o conflito gerador.,Qual é o trecho que mostra o momento em que essa história acontece?,a,“Era uma vez um traço.”.,"['“Era uma vez um traço.”.', '“E essa trança, trançada...”.', '“... deu ‘trocentos’ troços traçados!”.', '“... é assim que se fazem... Os livros.”.']",9° ano,SPACE,Avaliação paraná
Branca lembrança de uma infância,"Naquela época, o carreirinho que ia à igreja já estava branquinho de neve, como se tivesse chovido algodão sobre a mata ainda virgem. Os galhos dos pinheiros – até os mais fortes – quebravam devido ao peso da neve. Os barrancos ficavam todos cobertos por uma manta branca e suave, formando um verdadeiro escorregador. Fazíamos bonecos de neve com nariz de cenoura, braços de galhos secos e uma panela velha como chapéu. Foi a nossa maior diversão! Contrastando com a neve, estava o marrom carnado do pinhão no chão. Pinhão, tinha bastante! Por isso era pinhão no almoço, na janta... Como a comida era pouco diversificada, a gente dava graças quando tinha alguma coisa diferente. O pinhão dava um sabor a mais a nossas refeições! A gente sabia que o pinhão só dava no inverno, mas queria catar pinhão o ano todo. Ah, que saudades daquela época em que a gente fazia o sapecado! O pinhão quentinho e o chimarrão eram nossos tesouros, nossa tradição... [...]",D11 - Reconhecer os elementos que compõem uma narrativa e o conflito gerador.,O trecho abaixo que comprova que o narrador participa da história é:,c,“Fazíamos bonecos de neve com nariz de cenoura...”,"['“Naquela época, o carreirinho que ia à igreja...”', '“Os barrancos ficavam todos cobertos...”', '“Fazíamos bonecos de neve com nariz de cenoura...”', '“Contrastando com a neve, estava o marrom carnado...”']",9° ano,SPAECE,Simulado 01 SPAECE
O amigo-secreto,"A turma reuniu-se na sala enfeitada. Martinha carregava um pacote enorme, cheio de laços, Suzana e Antônio conversavam animados. Mariana pediu para Juju começar a brincadeira. Cada um devia explicar antes por que escolhera o presente para seu amigo-secreto. Quando Juju terminou de falar, um tênis, que mais parecia uma nave especial, foi parar nas mãos de Felipe. Este contou por que comprou o CD importado para o Luís. Que explicou por que escolheu a bermuda de surfista para o Bruno. — Bruno, a turma gritou. — Agora é você! Bruno pôs-se a falar: Bom, pessoal, é o seguinte: na primeira semana de dezembro, já tarde da noite, lá em casa, ouvimos um grito de filme de terror. Todo mundo saltou da cama: “O que foi?” Minha mãe apontou, soluçando: “A Ge-la-dei-ra! Ela que-brou!” [...] “Precisamos comprar uma nova imediatamente”. “E o presente do amigo-secreto”, minha irmã lembrou mais que depressa. “Bolem um presente criativo e que não custe nada”, falou meu pai. — Foi aí que eu tive a ideia – continuou Bruno, abrindo a mochila e tirando de lá um pequeno pacote. — Espero que meu amigo-secreto goste. Ele é o Rafa. — Aí, Rafa! Vai lá! – gritou a turma. Rafa começou a abrir o pacote. O silêncio era total. — Não acredito que você guardou essa foto, cara! Que idade a gente tinha? — Mostra! Mostra! E a foto embrulhada de Bruno e de Rafa, quando tinham seis anos, foi passando de mão em mão. O maior sucesso. — Puxa, Bruno. Só faltou uma coisa — Disse Rafa . — O quê? — Um abraço, cara. Gosto de você! Bom fim de ano!",D11 - Reconhecer os elementos que compõem uma narrativa e o conflito gerador.,O fato que desencadeou essa história foi,a,Bruno ter que conseguir um presente criativo e barato para o amigo-secreto.,"['Bruno ter que conseguir um presente criativo e barato para o amigo-secreto.', 'Felipe ganhar um presente que mais parecia uma nave especial.', 'Martinha carregar um pacote enorme, cheio de laços.', 'Rafa abraçar e desejar um bom fim de ano ao seu amigo Bruno.']",9° ano,SPAECE,Simulado 01 SPAECE
A abelha gulosa,"A abelha era muito gulosa, de tal forma que passava o dia inteiro a beber o néctar das flores. Sua obrigação, como membro ativo da colmeia, era levar para a comunidade de abelhas o néctar necessário para o sustento diário de todas. Mas ela esquecia-se de tudo, tal era a obsessão de comer. — Abelhinha, não é correto o que você faz, disse-lhe uma de suas companheiras. Além de não cumprir a sua obrigação na colmeia, está prejudicando a si própria. Não vê, por acaso, como está ficando gorda? A abelha fazia-se de surda aos conselhos desse tipo e continuava no seu come-come. Engordou tanto, que aconteceu uma tragédia. A abelhinha regressou à colmeia, ao anoitecer. Tentou passar pela porta, mas não conseguiu. Estava gordíssima! Suas companheiras tentaram ajudá-la, mas foi tudo inútil e a abelhinha glutona teve que ficar lá fora, sujeita às intempéries. Na manhã seguinte, suas companheiras encontraram-na congelada. Não tinha conseguido resistir ao intenso frio da noite",D11 - Reconhecer os elementos que compõem uma narrativa e o conflito gerador.,"No desfecho dessa narrativa, a abelha",a,acaba morrendo congelada.,"['acaba morrendo congelada.', 'consegue ficar curada da gula. ', 'continua sendo muito gulosa.\r', 'ouve o conselho das companheiras.\r']",9° ano,SPAECE,Simulado 01 SPAECE
A Cidade dos Resmungos,"Era uma vez um lugar chamado Cidade dos Resmungos, onde todos resmungavam, resmungavam, resmungavam. No verão, resmungavam que estava muito quente. No inverno, que estava muito frio. Quando chovia, as crianças choramingavam porque não podiam sair. Quando fazia sol, reclamavam que não tinham o que fazer. Os vizinhos queixavam-se uns dos outros, os pais queixavam-se dos filhos, os irmãos das irmãs. Todos tinham um problema, e todos reclamavam que alguém deveria fazer alguma coisa. Um dia chegou à cidade um mascate carregando um enorme cesto às costas. Ao perceber toda aquela inquietação e choradeira, pôs o cesto no chão e gritou: — Ó cidadãos deste belo lugar! Os campos estão abarrotados de trigo, os pomares carregados de frutas. As cordilheiras são cobertas de florestas espessas, e os vales banhados por rios profundos. Jamais vi um lugar abençoado por tantas conveniências e tamanha abundância. Por que tanta insatisfação? Aproximem-se, e eu lhes mostrarei o caminho para a felicidade. [...] ele puxou uma corda comprida do cesto e a esticou entre dois postes na praça da cidade. Então, segurando o cesto diante de si, gritou: — Povo desta cidade! Aqueles que estiverem insatisfeitos escrevam seus problemas num pedaço de papel e ponham dentro deste cesto. Trocarei seus problemas por felicidade! A multidão se aglomerou ao seu redor. Ninguém hesitou diante da chance de se livrar dos problemas. Todo homem, mulher e criança da vila rabiscou sua queixa num pedaço de papel e jogou no cesto. Eles observaram o mascate pegar cada problema e pendurá-lo na corda. [...] Então ele disse: — Agora cada um de vocês deve retirar desta linha mágica o menor problema que puder encontrar. Todos correram para examinar os problemas. Procuraram, manusearam os pedaços de papel e ponderaram, cada qual tentando escolher o menor problema. Depois de algum tempo a corda estava vazia. Eis que cada um segurava o mesmíssimo problema que havia colocado no cesto. Cada pessoa havia escolhido o seu próprio problema, julgando ser ele o menor da corda. Daí por diante, o povo daquela cidade deixou de resmungar o tempo todo. E sempre que alguém sentia o desejo de resmungar ou reclamar, pensava no mascate e na sua corda mágica.",D11 - Reconhecer os elementos que compõem uma narrativa e o conflito gerador.,O fato que deu início a essa narrativa foi,b,as pessoas reclamarem o tempo todo.,"['as pessoas escreverem no papel seus problemas e pôr no cesto.', 'as pessoas reclamarem o tempo todo.', 'o mascate resolver todos os problemas das pessoas.', 'o povo da cidade dos resmungos parar de reclamar.']",9° ano,SPAECE,Simulado 01 SPAECE
Acidente na escola,"Um menino de nove anos estava sentado na sua carteira. De repente, uma poça entre seus pés e a parte dianteira de sua calça molhada. Não sabia como isso tinha acontecido e achava que seu coração ia parar. Nunca tinha passado por nada semelhante. Quando descobrirem, os meninos nunca o deixarão em paz, e as meninas nunca mais vão falar com ele. Com o coração batendo forte, o menino abaixou a cabeça e rezou: — Querido Deus, isto é uma emergência! Eu necessito de ajuda, agora! Mais cinco minutos e serei um menino morto. Quando levantou os olhos, viu a professora chegando com um olhar que dizia que ele tinha sido descoberto. Enquanto a professora caminhava na sua direção, uma coleguinha, chamada Susie, passou na sua frente carregando um aquário cheio de água. Susie tropeçou na frente da professora e despejou, inexplicavelmente, toda a água no colo do menino. O menino fingiu ficar com raiva, mas, ao mesmo tempo, lá no fundo de seu coração, exclamou: — Obrigado, Senhor! De repente, em vez de ser motivo de ridículo e gozações, o menino virou centro da compaixão e das atenções de toda a turma. A professora levou-o apressadamente, para trocar de roupa e colocar a calça a secar. Todas as outras crianças, espontaneamente, se puseram a limpar o chão e a carteira do menino. Mas, o ridículo e as gozações caíram sobre a coitada Susie. Ela também tentou ajudar, mas as crianças a afastaram: — Olha o que você fez! Você é uma desajeitada! Finalmente, no fim das aulas, enquanto estavam esperando a chegada de seus pais, o menino viu Susie, aproximou-se dela, e cochichou no seu ouvido: — Você fez aquilo de propósito, não foi? Susie, também cochichando, e com um sorriso, confessou: — Eu também molhei minha calça uma vez",D11 - Reconhecer os elementos que compõem uma narrativa e o conflito gerador.,O clímax dessa narrativa acontece quando,d,Susie derrama a água do aquário no colo do menino,"['o menino finge estar com raiva por Susie derramar água nele.', 'o menino vira o centro das atenções da turma.', 'Susie confessa que também molhou a calça uma vez', 'Susie derrama a água do aquário no colo do menino']",9° ano,SPAECE,Simulado 01 SPAECE
Epitáfio,Devia ter amado mais Ter chorado mais Ter visto o sol nascer Devia ter arriscado mais [...] Ter feito o que eu queria fazer Queria ter aceitado As pessoas como elas são [...] O acaso vai me proteger Enquanto eu andar distraído [...] Devia ter complicado menos Trabalhado menos Ter visto o sol se pôr Devia ter me importado menos Com problemas pequenos Ter morrido de amor Queria ter aceitado A vida como ela é A cada um cabe alegrias E a tristeza que vier,D10 - Identificar o propósito comunicativo em diferentes gêneros.,"Nesse texto, há uma ideia de exagero nos versos:",c,“Ter morrido de amor”,"['“Devia ter amado mais” ', '“Ter visto o sol se pôr”', '“Ter morrido de amor” ', '“A cada um cabe alegrias”']",9° ano,SPAECE,Simulado 01 SPAECE
-,"A palavra “café” vem do árabe qahhwah e significa “vinho”. Foi cultivado pela primeira vez pelo povo muçulmano, sendo por isso conhecido também como vinho da Arábia. As sensações de vigor e ânimo que o fruto proporciona foram descobertas pelo pastor etíope Caldi, que, após perceber que suas cabras andavam agitadas, viu que elas se alimentavam de folhas e grãos de um arbusto específico. Os monges que viviam na região colheram os frutos e prepararam um chá. A partir daí, passaram a consumir frequentemente a bebida para ficarem mais acordados nas noites de vigília e oração. Seu cultivo tornou-se tão importante para o povo árabe, que era terminantemente proibido que seus grãos deixassem a região. Todo café negociado era previamente fervido para que não pudesse mais germinar. Apenas no século XVIII a planta ganhou a Europa, sendo cultivada na Holanda",D10 - Identificar o propósito comunicativo em diferentes gêneros.,Esse texto tem a finalidade de,d,informar sobre a origem do café.,"['expor as características do café. ', 'falar sobre o cultivo de café no mundo.', 'incentivar o consumo de café.', 'informar sobre a origem do café.']",9° ano,SPAECE,Simulado 01 SPAECE
Nova York proíbe venda de refrigerantes em copos grandes,"A prefeitura de Nova York proibiu [...] a venda de refrigerantes em copos com mais de 473 mililitros – equivalente a 16 onças, medida usada nos EUA – nas lanchonetes, restaurantes, estádios e salas de cinema, em uma tentativa de combater a obesidade. A Comissão de Saúde da prefeitura aprovou a proibição, que inclui todas as bebidas ricas em açúcar. Segundo o prefeito Michael Bloomberg, mais da metade dos adultos em Nova York (58%) é de obesos ou possui excesso de peso, e este problema também afeta 40% das crianças nas escolas públicas. O consumo de refrigerantes, geralmente mais baratos que a água mineral e cujos copos não são mais caros que os pequenos, é uma das causas identificadas do problema. [...] A iniciativa provocou críticas de moradores que a consideram uma intromissão exagerada do poder público em questões particulares. Representantes dos produtores de refrigerantes também se expressaram contrários. [...] “Ainda não é o fim”, afirmou em nota o grupo Nova-iorquinos pela Escolha das Bebidas, que é patrocinado pela indústria de refrigerantes. A associação reuniu mais de 250 mil assinaturas contra o projeto e considera mover um processo na justiça. “Continuaremos expressando nossa oposição a essa proibição e lutaremos pelo direito dos nova-iorquinos de tomar suas próprias decisões. E estaremos ao lado dos comerciantes que serão afetados por essas limitações arbitrárias”, dizia a nota, assinada por Eliot Hoff",D10 - Identificar o propósito comunicativo em diferentes gêneros.,Qual o objetivo desse texto?,c,Informar as pessoas.,"['Convencer o leitor.', 'Fazer uma propaganda.', 'Informar as pessoas.\r', 'Incentivar o consumismo.']",9° ano,SPAECE,Simulado 01 SPAECE
Patativa do Assaré,"Antônio Gonçalves da Silva, o Patativa do Assaré, nasceu na Serra de Santana, a 18 Km da cidade de Assaré, em 5 de março de 1909. Filho de Pedro Gonçalves da Silva e Maria Pereira da Silva, família pobre, perdeu o pai aos oito anos, passando a partir daí a trabalhar na roça para garantir o sustento da família. Logo que ingressou na escola, aos doze anos, passou a escrever poesia e produzir pequenos textos. [...] O nome “Patativa” surgiu devido à semelhança entre seu canto e o do pássaro Patativa, ave nordestina que possui um canto mavioso e singular, quando o jovem poeta tinha apenas vinte anos. Com um nome artístico, passou a viajar pela região cantando seus repentes e apresentando-se várias vezes na rádio Araripe. Patativa é considerado o gênio da literatura cearense [...].",D09 - Reconhecer gênero discursivo.,Esse texto é um exemplo de,a,biografia.,"['biografia.', 'conto.', 'notícia.\r', 'propaganda.']",9° ano,SPAECE,Simulado 01 SPAECE
Surfista é mordido no rosto por tubarão em Fernando de Noronha,"Um surfista foi mordido por um tubarão nesta quinta-feira (14), em Fernando de Noronha. Vinícius Cavalcanti, 31 anos, estava surfando na praia da Cacimba do Padre quando aconteceu o incidente. Ele foi levado de carro, pela esposa, ao Hospital São Lucas com ferimentos na face, no pescoço e na orelha. Ele chegou com sangramento intenso, mas com ""sinais vitais estáveis, lúcido e orientado"", de acordo com informações preliminares da unidade de saúde. Ainda segundo o hospital, ele está bem, estável, tranquilo e conversando. Vinícius é vendedor de açaí na Cacimba e aproveitou o final do expediente para pegar onda. Segundo relato da mulher do vendedor, Juliana Cavalcanti, o rapaz caiu em cima do tubarão e levou uma mordida. “Meu marido me contou que estava surfando, quando caiu e o tubarão o abocanhou. A mordida pegou no supercílio, orelha, no queixo e no pescoço. Sangrava muito"", conta.",D09 - Reconhecer gênero discursivo.,Esse texto pertence ao gênero,c,notícia.,"['conto.', 'lenda.', 'notícia.\r', 'propaganda.']",9° ano,SPAECE,Simulado 01 SPAECE
Canastra das velhinhas,"Duas velhinhas, bem velhinhas estão jogando sua canastra semanal. Uma delas olha para a outra e diz: — Por favor, não me leve a mal. Nós somos amigas há tanto tempo e agora eu não consigo me lembrar do seu nome, veja só a minha cabeça. Qual é o seu nome, querida? A outra olha fixamente para a amiga, por uns dois minutos, coça a testa e diz: — Você precisa dessa informação para quando?",D09 - Reconhecer gênero discursivo.,Esse texto é um exemplo de,d,piada.,"['charge', 'conto.', 'notícia.\r', 'piada.']",9° ano,SPAECE,Simulado 01 SPAECE
Ah… a praia!,"Minha fascinação por ela é uma imensidão [...]. E pensar que é formada na mais tranquila e paciente espera. Foram necessários milhões de anos para podermos desfrutar de algumas horas do dia; no meu caso, de um bom feriado. Largo meus afazeres e presto somente atenção nela. O vento que vem de lá traz-me uma felicidade que não encontro nesse lado de cá. Mesmo que seja por pouco tempo, faço tudo para que esse tempo seja necessário, não para que desfrute de tudo que ela ofereça, e sim para que eu sempre sinta vontade de visitá-la. Sua voz é tão linda que tem concha que teima a imitá-la. Repare como ela é completa. Sinto o quente da areia, o frio da maré que chega. Oferece-me comida. Nunca me canso de falar dos ensinamentos da natureza. Tudo que vale a pena deve ser cultivado na medida certa do tempo. O perfeito é criado sem muita pressa, tornando-se duradouro. Que assim seja meu amor por ela. Quente quando está perto, frio quando a saudade aperta. Alimentado por tudo que está dentro dela. E que surja no tempo certo, para que possamos desfrutar na medida certa por um tempo indefinido. Para que no final eu possa prestar somente atenção nela.",D09 - Reconhecer gênero discursivo.,Esse texto é um exemplo de,d,crônica.,"['artigo científico.', 'biografia.', 'carta.', 'crônica.']",9° ano,SPAECE,Simulado 01 SPAECE
Companhia de teatro apresenta peça gratuita para crianças no interior do Paraná,"Uma companhia de teatro está apresentando peças gratuitas para crianças, no interior do Para- ná, com a temática do meio ambiente. Conforme a organização, as peças são realizadas em Ortigueira, nos Campos Gerais do Paraná, e Marilândia do Sul, no norte, entre sexta-feira (19) e 24 de novembro. [...] O grupo performará o espetáculo “O Grande Perigo”, que narra a história de uma pequena tarta- ruga que volta ao mar em busca da mãe, enfrentando perigos da vida marinha, incluindo, lixos na água. As apresentações duram cerca de 20 minutos e são indicadas para o público de 3 a 11 anos. [...]",D07 - Diferenciar a informação principal das secundárias em um texto.,A informação principal desse texto é,a,a apresentação gratuita de uma peça de teatro.,"['a apresentação gratuita de uma peça de teatro.\r', 'a duração de uma peça de teatro. ', 'o público indicado para assistir à peça de teatro.', 'o título de uma peça de teatro.']",6° ano,SPAECE,Avaliação paraná
Zoológico traz arara azul da Espanha para formar casal com o paulista Teobaldo,"Guadalupe [...] deixou as Ilhas Canárias, na Espanha, prometida para o paulista Teo- baldo [...]. Ele é sociável, enquanto ela é desconfiada. Ele foi criado por uma equipe e ela, pelos pais biológicos. Para o casamento arranjado, ela deixou a família na sua terra natal e desembarcou no Brasil em outubro [...]. [...] ela agora está conhecendo melhor o pretendente [...]. Agora, resta saber se essa fase vai evoluir para uma história de amor. O possível romance é protagonizado por um casal de araras azuis que vive no Zoológico de São Paulo e tem como objetivo aumentar a espécie que integra a lista de animais em perigo de extinção [...].",D07 - Diferenciar a informação principal das secundárias em um texto.,A informação principal desse texto é,a,é a vinda de uma arara azul para o Brasil.,"['é a vinda de uma arara azul para o Brasil.', 'são as diferentes espécies de arara da Espanha.', 'é o trabalho de preservação do Zoológico de São Paulo.', 'são os animais em extinção encontrados nas Ilhas Canárias.']",6° ano,SPAECE,Avaliação paraná
Cubo mágico: filme sobre o brinquedo está sendo desenvolvido!,"[...] um filme sobre o cubo mágico, um dos brinquedos mais famosos do mundo, está sendo desenvolvido [...]. Detalhes da produção não foram divulgados e estão sendo mantidos em segredo! O filme [...] ainda não tem previsão de estreia. Vamos aguardar! Para quem não sabe, o cubo mágico foi criado em 1974 pelo arquiteto e escultor húngaro Erno Rubik e até hoje já foram vendidos mais de 450 milhões de cubos mágicos ao redor do mundo. EITA! [...]",D07 - Diferenciar a informação principal das secundárias em um texto.,A informação principal desse texto é,d,o desenvolvimento de um filme sobre o cubo mágico.,"['a nacionalidade do inventor do cubo mágico.', 'a quantidade de cubos mágicos vendidos pelo mundo.\r', 'o ano em que o cubo mágico foi fabricado.', 'o desenvolvimento de um filme sobre o cubo mágico.']",6° ano,SPAECE,Avaliação paraná
Aposentada divide a casa com 1.300 cachorros na China,"[...] Ela dedica todo o seu tempo, economias e todos os cômodos da sua casa a eles. No sudoeste
da China, Weng Junhong, 68, abriga mais de 1.300 cachorros de rua em sua residência, que recebe
novos hóspedes todos os dias.
Há 20 anos, Wen pegou um filhote de cachorro abandonado em uma rua da cidade [...]. Desde
então, não parou de pegar cães perdidos, protegendo-os dos acidentes de estrada [...].
“É importante se ocupar desses cachorros”, explica a enérgica aposentada. “A Terra não foi feita
apenas para o ser humano, também pertence aos animais”, defende. [...]
Wen encontra frequentemente novos inquilinos em frente à sua porta e recebe “pedidos de ajuda
todos os dias”.
Além dos seus 1.300 cachorros, Wen também aloja centenas de gatos, quatro cavalos, coelhos e
pássaros. [...]",D07 - Diferenciar a informação principal das secundárias em um texto.,"Nesse texto, o trecho que apresenta a informação principal é:",a,"“... Weng Junhong, 68, abriga mais de 1.300 cachorros de rua em sua residência,...”.","['“... Weng Junhong, 68, abriga mais de 1.300 cachorros de rua em sua residência,...”. ', '“Há 20 anos, Wen pegou um filhote de cachorro abandonado em uma rua da cidade...”.', '“Wen encontra frequentemente novos inquilinos em frente à sua porta...”', '“... Wen também aloja centenas de gatos, quatro cavalos, coelhos e pássaros.”.']",6° ano,SPAECE,Avaliação paraná
Colheita,"O agricultor Gabriel Rieg, de Anitápolis, em Santa Catarina, colheu nesta sexta-feira (11) uma abóbora de 1,2 metro. O legume foi colhido na propriedade, onde ele mora com a família. Ele faz parte de uma associação de agricultores que abrem suas propriedades para turistas. Toda a alimentação dos hóspedes é composta por produtos naturais, cultivados com adubo orgânico. Neste final de semana, esse legumezinho deve ir para a mesa dos hóspedes.",D07 - Diferenciar a informação principal das secundárias em um texto.,Qual é a informação principal desse texto?,a,"“O agricultor Gabriel Rieg [...], em Santa Catarina, colheu nesta sexta-feira (11) uma abóbora de 1,2 metro.”.","['“O agricultor Gabriel Rieg [...], em Santa Catarina, colheu nesta sexta-feira (11) uma abóbora de 1,2 metro.”. ', '“O legume foi colhido na propriedade, onde ele mora com a família.”.', ' “Ele faz parte de uma associação de agricultores que abrem suas propriedades para turistas.”. ', '“Toda a alimentação dos hóspedes é composta por produtos naturais...”.']",6° ano,SPAECE,Avaliação paraná
"Entusiasmos no primeiro dia de aulas na Orquestra Cidadã – Meninos
do Ipojuca
","Esta terça-feira (16) foi o primeiro dia de aula na sede Orquestra Criança Cidadã –Meninos do Ipojuca, no distrito de Camela. A garotada compareceu com muita expectativa e entusiasmo à nova rotina diária. A programação conta com cursos de teoria musical e de instrumentos de cordas, reforço escolar, aulas de informática, além de atendimento psicológico e pedagógico e três refeições diárias [...]. O núcleo funcionará nos horários da manhã e da tarde de segunda a sexta-feira e aos sábados com o ensaio geral. O prédio [...] conta com 15 salas de aulas, miniauditório, telecentro, sala de acompanhamento pedagógico, sala para atendimento psicossocial, banheiros e refeitório. O coordenador pedagógico e maestro da Orquestra em Camela, Márcio Pereira, acredita que os alunos terão facilidade no aprendizado. “Estou muito feliz, além de ensinar a garotada, estou passando por um aprendizado, tenho a certeza que daqui sairão excelentes músicos, como o que acontece com os ‘Meninos do Coque’”, ressaltou Pereira. Ao final do ano, durante o ciclo natalino, a Orquestra Cidadã do Ipojuca pretende realizar um pequeno concerto na localidade.",D07 - Diferenciar a informação principal das secundárias em um texto.,A informação principal desse texto está no trecho,a,“Esta terça-feira (16) foi o primeiro dia de aula na sede Orquestra Criança Cidadã...”,"['“Esta terça-feira (16) foi o primeiro dia de aula na sede Orquestra Criança Cidadã...”', '“O núcleo funcionará nos horários da manhã e da tarde de segunda a sexta-feira...”. ', '“... Márcio Pereira, acredita que os alunos terão facilidade no aprendizado.”.', '“... a Orquestra Cidadã do Ipojuca pretende realizar um pequeno concerto....”. ']",7° ano,SPAECE,Avaliação paraná
"A ideia é repassar para as mães assistidas pelo programa como cultivar uma horta saudável em
pequenos espaços","Parceria entre o programa Mãe Coruja do Ipojuca e Secretaria de Agricultura desenvolve, quinzenalmente, a ação do Horta no Quintal. A programação oferecida, desde o final do ano passado, tem o objetivo de estimular a produção de hortaliças para o consumo da família. O ninho Mãe Coruja do Ipojuca-sede recebeu, na tarde desta quinta-feira (10), mães e futuras mamães do Programa para entender o passo a passo do cultivo de hortaliças em casa. A didática foi repassada pelo técnico em Agropecuária da Secretaria de Agricultura, Antenor Gomes, que destacou o processo como fácil, prático e gratificante. “Basta usar o que temos ao nosso redor de material reciclável, como garrafa pet, baldes e caqueiras velhas. Materiais que causam danos ao meio ambiente se tornam aliados nessa atividade”, declarou Gomes. [...]",D07 - Diferenciar a informação principal das secundárias em um texto.,A informação principal do texto está em:,a,“Aprogramação oferecida [...] tem o objetivo de estimular a produção de hortaliças para o consumo da família.”.,"['“Aprogramação oferecida [...] tem o objetivo de estimular a produção de hortaliças para o consumo da família.”. ', '“Adidática foi repassada pelo técnico em Agropecuária da Secretaria deAgricultura,Antenor Gomes,...”. ', '“‘Basta usar o que temos ao nosso redor de material reciclável,...’”.', '“‘Materiais que causam danos ao meio ambiente se tornam aliados...’”.']",7° ano,SPAECE,Avaliação paraná
Praias onde vale a pena curtir o verão,"Está chegando o momento mais aguardado do ano. É quando os estudos dão uma trégua, o trabalho fica para depois e as únicas coisas importantes para fazer são curtir o sol, praticar esportes e aproveitar a paisagem. Para onde ir? Os 9.198 quilômetros do litoral brasileiro abrigam lugares paradisíacos, onde o banho de mar e a areia branquinha são uma tentação para quem passou 11 meses do ano vendo o mar a distância. Mas é preciso ser realista. Há pedaços da costa perdidos para as férias. “Em geral, a condição do litoral brasileiro é ruim para os banhos de mar”, confirma Luiz Roberto Tommasi, um dos maiores especialistas em poluição marinha do país, que há anos avalia as condições das praias. Diante da imensidão azul, pode parecer que o quadro não é assim tão grave. Afinal, o mar deveria diluir a sujeira toda deixada pelos turistas concentrados nesta época do ano. Mas o excesso de esgoto não se manifesta apenas pelo cheiro desagradável, a cor escura da água e o lixo generalizado. O esgoto mata o plâncton que produz o oxigênio e carrega bactérias nocivas e materiais que não são degradados. Entra na cadeia alimentar marinha e contamina os peixes. [...] A poluição das praias não é causada apenas pelo esgoto e a sujeira deixada pelos banhistas mal-educados. O petróleo que vaza dos navios, por exemplo, causa danos ecológicos que perduram durante anos. Mas é um problema localizado. A poluição mais grave do litoral brasileiro é provocada pelo saneamento deficiente. Apenas 4,8% da população das cidades costeiras é atendida pela rede de esgoto. As consequências na qualidade da água do mar são percebidas por meio de exames do nível de coliformes fecais. As medições periódicas indicam se a praia está contaminada por esgoto [...]. Muitos jornais costumam dar os resultados desses exames, principalmente no verão. Mas os interessados também podem acompanhar a situação de sua praia favorita pela internet [...].",D07 - Diferenciar a informação principal das secundárias em um texto.,Qual trecho apresenta a informação principal do texto?,d,"“‘Em geral, a condição do litoral brasileiro é ruim’...”.","['“Está chegando o momento mais aguardado do ano.”.', '“É quando os estudos dão uma trégua, o trabalho fica para depois...”. ', '“Os 9.198 quilômetros do litoral brasileiro abrigam lugares paradisíacos,...”.', '“‘Em geral, a condição do litoral brasileiro é ruim’...”.']",7° ano,SPAECE,Avaliação paraná
Etapa Lindeiros dos Jogos de Aventura e Natureza inicia nesta sexta-feira,"Começa nesta sexta-feira (26) a Etapa Lindeiros dos Jogos de Aventura e Natureza do Paraná (Jans). A competição será disputada em sete municípios com 10 modalidades em disputa até domingo (28). Marechal Cândido Rondon, Pato Bragado, Entre Rios do Oeste, Guaíra, Mercedes, 5 Terra Roxa e Missal serão as sedes do evento, recebendo competições de vôlei de praia, [...] canoagem de velocidade, pesca, futevôlei, skate, [...] e o futebol das estrelas. Para o diretor de Inovação da Superintendência do Esporte, Tiago Campos, o retorno dos jogos representa mais do que a volta das competições esportivas. “Teremos muitas atrações como o campeonato de pesca e a canoagem de velocidade em Entre Rios do Oeste. 10 Vamos fomentar o turismo dos municípios com modalidades de terra, água e ar, mostrando as características dos Jogos de Aventura e Natureza”, disse. [...] JANS – A primeira edição dos Jans aconteceu em 2019 e se destacou por ser um projeto inovador que uniu a prática esportiva, o turismo e a natureza em um evento itinerante, que beneficiou a população paranaense esportivamente e economicamente. Os Jogos de 15 Aventura e Natureza são realizados pelo Governo do Paraná por meio da Superintendência Geral do Esporte, com o apoio dos municípios-sede.",D07 - Diferenciar a informação principal das secundárias em um texto.,A informação principal desse texto está no trecho:,a,“Começa nesta sexta-feira (26) a Etapa Lindeiros dos Jogos de Aventura e Natureza do Paraná...”.,"['“Começa nesta sexta-feira (26) a Etapa Lindeiros dos Jogos de Aventura e Natureza do Paraná...”.', 'Marechal Cândido Rondon, Pato Bragado, Entre Rios do Oeste, Guaíra, Mercedes, Terra Roxa e Missal serão as sedes do evento...”.', '“‘Teremos muitas atrações como o campeonato de pesca e a canoagem de velocidade em Entre Rios do Oeste.’”. ', '“A primeira edição dos Jans aconteceu em 2019 e se destacou por ser um projeto inovador que uniu a prática esportiva, o turismo e a natureza...”. ']",7° ano,SPAECE,Avaliação paraná
Unidos no desejo por um futuro melhor – É possível,"Com a proposta de [...] construir novas relações partindo de ideias de sustentabilidade, desenvolvendo novas narrativas para a humanidade se reconectar à teia da vida, os escritores e ativistas ambientais André Carvalhal, Fe Cortez, Giovanna Nader e Yamê Reis se reúnem para lançar seus respectivos livros numa ação conjunta no dia 11 de dezembro, às 14h, nos jardins do Museu da República durante a edição da Junta Local [...]. Lançados [...] de forma não-presencial, os títulos [...] terão sua primeira sessão de autógrafos. [...] Para André Carvalhal, que lançou seu livro no início deste ano e já está na segunda impressão, é primordial acontecer este encontro. “O ritual de lançamento de um livro é algo muito importante. Não só porque marca a sua chegada no mercado, mas também porque é o momento de celebrar com as pessoas que fizeram parte e estar perto das pessoas que são o motivo do livro existir: os leitores. [...]”, comemora. [...] Giovanna Nader afirma que está emocionada com o fato de lançar o livro entre amigos [...]. “Lançar meu livro com grandes amigos e autores de livros [...] é muito emocionante. [...] Feliz em fazer isso com toda essa gente”, finaliza.",D07 - Diferenciar a informação principal das secundárias em um texto.,A informação principal desse texto está no trecho:,b,"“... os escritores e ativistas ambientais André Carvalhal, Fe Cortez, Giovanna Nader e Yamê Reis se reúnem para lançar seus respectivos livros numa ação conjunta...”. ","['“... construir novas relações partindo de ideias de sustentabilidade, desenvolvendo novas narrativas para a humanidade...”. ', '“... os escritores e ativistas ambientais André Carvalhal, Fe Cortez, Giovanna Nader e Yamê Reis se reúnem para lançar seus respectivos livros numa ação conjunta...”. ', '“... terão sua primeira sessão de autógrafos.”.', '“... lançou seu livro no início deste ano e já está na segunda impressão...”.']",7° ano,SPAECE,Avaliação paraná
O clima está esquentando!,"Você sabe o que é uma estufa? É uma caixa ou casinha de vidro usada por jardineiros e botânicos1 , onde se criam plantas que precisam de bastante calor para crescer. O vidro permite que o sol aqueça o ar dentro da estufa, que, por ser fechada, mantém esse calor. Mas, e se o planeta inteiro ficasse preso dentro de uma estufa? Na verdade, isso já acontece. [...] O problema é o tão falado aquecimento global, provocado pelo aumento exagerado do efeito estufa. [...] O resultado não é só um calorzinho: o desequilíbrio do clima provoca o aumento de tempestades, seca em algumas regiões e enchentes em outras. [...] E como cada um de nós pode colaborar para evitar as mudanças climáticas provocadas pelo aquecimento global? A preocupação com o ambiente está ligada a hábitos simples, como produzir menos lixo, usar menos o carro (que tal um passeio de bicicleta?) e reciclar materiais, porque tudo consome energia de alguma maneira para ser fabricado. Evitar o desperdício de água doce também é importante, pois ela tende a ficar mais escassa com a mudança do clima. O futuro depende de novas atitudes de todos.",D07 - Diferenciar a informação principal das secundárias em um texto.,Qual a informação principal desse texto?,c,Os fatores que levam ao aquecimento global.,"['A importância de andar mais de bicicleta.', 'A necessidade de preservação da água doce.\r', 'Os fatores que levam ao aquecimento global.\r', 'Os governantes que elaboraram um tratado.']",7° ano,SPAECE,Avaliação paraná
A origem do sorvete,"Para se refrescar do calor, os persas tomavam um sumo de frutas bem doce e gelado. Os egípcios também fabricavam os seus gelados há 3 mil anos, enquanto os árabes misturavam sumo de fruta com gelo. Na China, o leite era uma mercadoria cara. Por isso, a sobremesa predileta da nobreza era uma pasta, feita de leite e arroz, que era colocada na neve para solidificar. O principal problema era armazenar neve para o verão em rudimentares câmaras frigoríficas subterrâneas, com grossas paredes de pedra. Na Idade Média, quando os chineses já faziam gelados, adicionando a neve ao leite, Marco Polo (1254-1324), o explorador veneziano, levou o gelado para a Itália. Dali, os famosos sumos de fruta congelados alcançaram a França e logo depois o resto do mundo. No século XVI, o italiano Bernardo Buontalenti inventou o gelado à base de leite, mais macio e nutritivo. Na primeira metade do século seguinte, um outro italiano, Procópio Coltelli, criou a máquina de fazer gelados.",D07 - Diferenciar a informação principal das secundárias em um texto.,Qual é a informação principal desse texto?,c,A origem do sorvete no mundo.,"['A criação da máquina de fazer gelados.', 'A importação de produtos chineses.', 'A origem do sorvete no mundo.', 'A sobremesa predileta da nobreza.']",7° ano,SPAECE,Avaliação paraná
"Mais uma ação do “Horta no Quintal” no Mãe Coruja
A ideia é repassar para as mães assistidas pelo programa como cultivar uma horta saudável em
pequenos espaços","Parceria entre o programa Mãe Coruja do Ipojuca e Secretaria de Agricultura desenvolve, quinzenalmente, a ação do Horta no Quintal. A programação oferecida, desde o final do ano passado, tem o objetivo de estimular a produção de hortaliças para o consumo da família. O ninho Mãe Coruja do Ipojuca-sede recebeu, na tarde desta quinta-feira (10), mães e futuras mamães do Programa para entender o passo a passo do cultivo de hortaliças em casa. A didática foi repassada pelo técnico em Agropecuária da Secretaria de Agricultura, Antenor Gomes, que destacou o processo como fácil, prático e gratificante. “Basta usar o que temos ao nosso redor de material reciclável, como garrafa pet, baldes e caqueiras velhas. Materiais que causam danos ao meio ambiente se tornam aliados nessa atividade”, declarou Gomes. [...]",D07 - Diferenciar a informação principal das secundárias em um texto.,A informação principal do texto está em:,a,“Aprogramação oferecida [...] tem o objetivo de estimular a produção de hortaliças para o consumo da família.”.,"['“Aprogramação oferecida [...] tem o objetivo de estimular a produção de hortaliças para o consumo da família.”. ', '“Adidática foi repassada pelo técnico em Agropecuária da Secretaria deAgricultura,Antenor Gomes,...”.', '“‘Basta usar o que temos ao nosso redor de material reciclável,...’”.', '“‘Materiais que causam danos ao meio ambiente se tornam aliados...’”.']",8° ano,SPAECE,Avaliação paraná
"Aparelho nos dentes, antes motivo de piada, agora é moda
","Sorriso metálico virou moda. Aparelhos para os dentes têm borrachas coloridas e em forma de bichos, são feitos com material que brilha no escuro e “glitter”. Com tanta novidade para atrair crianças, ferros na boca não são mais motivo de piada, como eram há pouco tempo. Além de acessórios fashion (da moda), o aumento do uso fez com que os aparelhos não parecessem estranhos. Antes, eles não eram tão comuns. O tratamento era mais caro e acreditava-se que era preciso esperar os dentes permanentes para usá-los. Essa ideia mudou. “Os dentes são como planta. Quando nasce torta, é mais fácil corrigir antes que cresça”, diz Inês Verginia Zampieri Bof, especialista em ortodontia (correção dos dentes) infantil. O Brasil começou a produzir aparelhos, o que os tornou mais baratos (antes, vinham de outros países).[...]",D07 - Diferenciar a informação principal das secundárias em um texto.,A informação principal desse texto é,a,“Sorriso metálico virou moda.”.,"['“Sorriso metálico virou moda.”. ', '“Antes, eles não eram tão comuns.”.', '“O tratamento era mais caro...”.', '“O Brasil começou a produzir aparelhos,...”']",9° ano,SPACE,Avaliação paraná
Férias e excesso de jogos eletrônicos,"As férias estão aí [...]. Alguns planejam viajar, outros preferem simplesmente descansar. Mas uma coisa é certa: jogos eletrônicos em geral estão cada vez mais presentes na rotina dos jovens. Em primeiro lugar, devemos lembrar que jogos em geral são muito importantes no desenvolvimento dos adolescentes [...] “O jogo é uma espécie de brincadeira compartilhada além de ser uma forma de diversão” [...], diz Fernanda Canavêz, psicóloga. De nada adianta proibi-lo de jogar e não oferecer nenhuma alternativa em troca. “É importante que o adolescente tenha outras opções de lazer, para diversificar a maneira como utiliza o seu tempo livre, além da possibilidade de conviver com seus amigos e familiares”. [...] Procure opções esportivas e culturais na sua cidade, geralmente as ofertas aumentam nesse período. Use a criatividade.",D07 - Diferenciar a informação principal das secundárias em um texto.,A parte principal do texto está marcada no trecho,c,"“‘É importante que o adolescente tenha outras opções de lazer, para diversificar a maneira como utiliza o seu tempo livre,...’”.","['“Alguns planejam viajar,...”', '“‘O jogo é uma espécie de brincadeira compartilhada, além de ser uma forma de diversão’ [...], diz Fernanda Canavêz, psicóloga.”.', '“‘É importante que o adolescente tenha outras opções de lazer, para diversificar a maneira como utiliza o seu tempo livre,...’”.', '“Use a criatividade.”']",9° ano,SPACE,Avaliação paraná
Surfista é mordido no rosto por tubarão em Fernando de Noronha,"Um surfista foi mordido por um tubarão nesta quinta-feira (14), em Fernando de Noronha. Vinícius Cavalcanti, 31 anos, estava surfando na praia da Cacimba do Padre quando aconteceu o incidente. Ele foi levado de carro, pela esposa, ao Hospital São Lucas com ferimentos na face, no pescoço e na orelha. Ele chegou com sangramento intenso, mas com ""sinais vitais estáveis, lúcido e orientado"", de acordo com informações preliminares da unidade de saúde. Ainda segundo o hospital, ele está bem, estável, tranquilo e conversando. Vinícius é vendedor de açaí na Cacimba e aproveitou o final do expediente para pegar onda. Segundo relato da mulher do vendedor, Juliana Cavalcanti, o rapaz caiu em cima do tubarão e levou uma mordida. “Meu marido me contou que estava surfando, quando caiu e o tubarão o abocanhou. A mordida pegou no supercílio, orelha, no queixo e no pescoço. Sangrava muito"", conta.",D07 - Diferenciar a informação principal das secundárias em um texto.,O trecho abaixo que contém a informação principal desse texto é:,a,"“Um surfista foi mordido por um tubarão nesta quinta-feira (14), em Fernando de Noronha""","['“Um surfista foi mordido por um tubarão nesta quinta-feira (14), em Fernando de Noronha""', '“Ele foi levado de carro, pela esposa, ao Hospital São Lucas...” ', '“Segundo relato da mulher do vendedor [...] o rapaz caiu em cima do tubarão...”', '“A mordida pegou no supercílio, orelha, no queixo e no pescoço.” ']",9° ano,SPAECE,Simulado 01 SPAECE
Nova York proíbe venda de refrigerantes em copos grandes,"A prefeitura de Nova York proibiu [...] a venda de refrigerantes em copos com mais de 473 mililitros – equivalente a 16 onças, medida usada nos EUA – nas lanchonetes, restaurantes, estádios e salas de cinema, em uma tentativa de combater a obesidade. A Comissão de Saúde da prefeitura aprovou a proibição, que inclui todas as bebidas ricas em açúcar. Segundo o prefeito Michael Bloomberg, mais da metade dos adultos em Nova York (58%) é de obesos ou possui excesso de peso, e este problema também afeta 40% das crianças nas escolas públicas. O consumo de refrigerantes, geralmente mais baratos que a água mineral e cujos copos não são mais caros que os pequenos, é uma das causas identificadas do problema. [...] A iniciativa provocou críticas de moradores que a consideram uma intromissão exagerada do poder público em questões particulares. Representantes dos produtores de refrigerantes também se expressaram contrários. [...] “Ainda não é o fim”, afirmou em nota o grupo Nova-iorquinos pela Escolha das Bebidas, que é patrocinado pela indústria de refrigerantes. A associação reuniu mais de 250 mil assinaturas contra o projeto e considera mover um processo na justiça. “Continuaremos expressando nossa oposição a essa proibição e lutaremos pelo direito dos nova-iorquinos de tomar suas próprias decisões. E estaremos ao lado dos comerciantes que serão afetados por essas limitações arbitrárias”, dizia a nota, assinada por Eliot Hoff",D07 - Diferenciar a informação principal das secundárias em um texto.,O trecho abaixo que contém a informação principal desse texto é:,a,“...Nova York proibiu [...] a venda de refrigerantes em copos com mais de 473 mililitros...”,"['“...Nova York proibiu [...] a venda de refrigerantes em copos com mais de 473 mililitros...”', '“...mais da metade dos adultos em Nova York é de obesos ou possui excesso de peso...”', '“A iniciativa provocou críticas de moradores que a consideram uma intromissão...” ', '“A associação reuniu mais de 250 mil assinaturas contra o projeto...”']",9° ano,SPAECE,Simulado 01 SPAECE
Brasil é o 4º maior produtor de lixo plástico do mundo e recicla apenas 1%,"O Brasil é o 4º maior produtor de lixo plástico do mundo, atrás apenas de Estados Unidos, China e Índia. O país também é um dos que menos recicla este tipo de lixo: apenas 1,2% é reciclado, ou seja, 145.043 toneladas. Os dados são do estudo feito pelo Fundo Mundial para a Natureza (WWF, sigla em inglês). O relatório “Solucionar a Poluição Plástica – Transparência e Responsabilização"" será apresentado na Assembleia das Nações Unidas para o Meio Ambiente (UNEA-4), que será realizada em Nairóbi, no Quênia, de 11 a 15 de março. Veja os números: • Brasil produz 11.355.220 milhões de toneladas de lixo plástico por ano • Cada brasileiro produz 1 kg de lixo plástico por semana • Somente 145.043 toneladas de lixo plástico são recicladas • 2,4 milhões de toneladas de plástico são descartadas de forma irregular • 7,7 milhões de toneladas ficam em aterros sanitários • Mais de 1 milhão de toneladas não é recolhida no país O Brasil é um dos países que menos recicla no mundo ficando atrás de Yêmen e Síria e bem abaixo da média mundial que é de 9%. Dentre os maiores produtos de lixo plástico, é o que menos recicla.",D07 - Diferenciar a informação principal das secundárias em um texto.,A informação principal desse texto está no trecho,a,“O Brasil é o 4º maior produtor de lixo plástico do mundo...também é um dos que menos recicla este tipo de lixo,"['“O Brasil é o 4º maior produtor de lixo plástico do mundo...também é um dos que menos recicla este tipo de lixo', '“Os dados são do estudo feito pelo Fundo Mundial para a Natureza (WWF, sigla em inglês).” ', '“O relatório [...] será apresentado na Assembleia das Nações Unidas para o Meio Ambiente', '“... ficando atrás de Yêmen e Síria e bem abaixo da média mundial que é de 9%.""']",9° ano,SPAECE,Simulado 01 SPAECE
Beber e comer ao mesmo tempo faz bem ou mal?,"Logo após o pedido de comida em um restaurante a pergunta do garçom sempre é: ""E para beber?"". Há quem não consiga comer sem um copo de suco, água ou até refrigerante por perto para ""ajudar"" na digestão. Mas, será que isso faz bem para a saúde? [...] Seja no café da manhã, com o tradicional café com pão, ou em lanches, almoços e jantares, a bebida acaba sendo uma companhia habitual às refeições. Porém, a nutricionista Sheila Basso explica que essa união pode não ser tão saudável, já que a alta ingestão de líquido durante a refeição pode prejudicar a digestão e até diminuir a absorção de nutrientes do organismo (biodisponibilidade). ""A digestão é um processo tanto químico, quanto físico, e se dá início na boca, quando os alimentos são triturados pelos dentes e os carboidratos digeridos pela enzima amilase salivar. Quando ingerimos grande quantidade de líquidos durante as refeições, essas enzimas podem acabar se diluindo ou, no caso dos refrigerantes, sucos ou bebidas ácidas, elas podem interferir no pH dessas moléculas e, consequentemente, dificultar a digestão"", explica a profissional.",D07 - Diferenciar a informação principal das secundárias em um texto.,Qual a informação principal desse texto?,d,"“A digestão [...] se dá início na boca, quando os alimentos são triturados...” (","['“...a bebida acaba sendo uma companhia habitual às refeições.”', '“A alta ingestão de líquido durante a refeição pode prejudicar a digestão...” ', '“A digestão é um processo tanto químico, quanto físico...”', '“A digestão [...] se dá início na boca, quando os alimentos são triturados...” (']",9° ano,SPAECE,Simulado 01 SPAECE
Baleia é encontrada morta com 40 quilos de plástico no estômago,"Uma baleia da espécie bicuda de Cuvier foi encontrada em Mabini, na costa das Filipinas, morta com 40 quilos de plástico em seu estômago. A informação foi divulgada pelos cientistas do grupo D'Bone Collector Museum, organização que visa educar as pessoas sobre a preservação do meio ambiente. O biólogo marino Darrell Blatchley, fundador da organização, disse em entrevista à rede americana ""CNN"" que a baleia morreu de desidratação e inanição e vomitou sangue antes de morrer. ""Eu não estava preparado para a quantidade de plástico"", disse Blatchley. ""Cerca de 40 quilos de sacas de arroz, sacolas de supermercado, sacolas de plantação de banana e sacolas plásticas em geral. Dezesseis sacas de arroz no total.""",D07 - Diferenciar a informação principal das secundárias em um texto.,A informação principal desse texto está no trecho:,a,"“Uma baleia...foi encontrada...morta com 40 quilos de plástico em seu estômago""","['“Uma baleia...foi encontrada...morta com 40 quilos de plástico em seu estômago""', '“A informação foi divulgada pelos cientistas do grupo D\'Bone Collector Museum...""', '“Eu não estava preparado para a quantidade de plástico.”', '“Cerca de 40 quilos de sacas de arroz, sacolas de supermercado...” ']",9° ano,SPAECE,Simulado 01 SPAECE
"Lêdo, o livrinho que queria ser lido","“Ninguém me vê...”, murmurava Lêdo, o livrinho esquecido na prateleira. [...] “Será que estou muito escondido?”, dizia Lêdo, ajeitando-se mais na ponta da prateleira. “Hummm, aqui está melhor. Agora sim, com certeza, vão me ver”. Mas ninguém o viu. [...] [...] Ele vê alunos e alunas passando por perto. “Olha, está vindo um menino, outro, agora uma menina e... passaram. Nem me viram.” [...] “A minha historinha é tão legal. Tantas crianças já riram e se emocionaram comi- go. Por que agora estão me ignorando?” Sem saber o que fazer, Lêdo foi procurar o doutor Livraldo, o grande médico dos livros. – Doutor Livraldo! Doutor Livraldo! gritava Lêdo, na biblioteca. – Quem me chama [...]? Apareceu [...] o doutor Livraldo. – Sou eu, doutor, o Lêdo. Estou muito preocupado. – Ora, e com o quê? Você é um livro tão jovem. – Acho que as crianças não gostam mais de mim. Elas passam nas prateleiras e não me leem. Estou muito triste com isso. Desse jeito vou virar enfeite ou ser esquecido. – Me deixe examiná-lo, – falava o doutor. [...] [...] as suas folhas estão um pouco apagadas de tanto serem usadas pelas crianças. Elas gostavam tanto de você que o marcavam, escreviam em você, e as letrinhas foram se apagando. Me deixa restaurar suas páginas. Assim, Doutor Livraldo mexe aqui e acolá, pinta, reescreve e remenda e... “Ah, agora sim, você está novo de novo.” – Legal, doutor Livraldo, estou novinho em folha! Daí, Lêdo voltou a sua estante muito contente e radiante. Quando a criançada viu aquele livro como novo fosse, passou a pegá-lo na estante, a lê-lo e a contar as suas histórias. Afinal, Lêdo tinha muito o que dizer. [...]",D06 - Distinguir fato de opinião relativa ao fato.,"Nesse texto, o trecho que apresenta uma opinião é:",c,“– Acho que as crianças não gostam mais de mim.”.,"['“Mas ninguém o viu.”', '“– Sou eu, doutor, o Lêdo.”', ' “– Acho que as crianças não gostam mais de mim.”.', ' “Elas passam nas prateleiras e não me leem.”.']",6° ano,SPAECE,Avaliação paraná
Cães inteligentes,"Olá, pessoal da CHC! Nós, do 2o ano, lemos o artigo Esperto para cachorro na apostila da minha escola e resolvemos escrever porque gostamos muito. Adoramos saber que os cachorros podem entender as pessoas. Isso é muito legal! Alunos do 2o ano [...]. Campinas/SP. [...] Bom saber que vocês gostaram do texto. Visitem a CHC digital e fiquem por dentro de outras curiosidades sobre bichos e muito mais!",D06 - Distinguir fato de opinião relativa ao fato.,"Nesse texto, o trecho que traz uma opinião é:",c,“Isso é muito legal!”,"['“Olá, pessoal da CHC!”.', '“Nós, do 2º ano, lemos o artigo...”.', '“Isso é muito legal!”', '“Visitem a CHC digital...”. \r']",6° ano,SPAECE,Avaliação paraná
Hilda Hilst fez livro ‘Eu Sou a Monstra’ para a ‘crionça’ Daniel,"Daniel nunca se incomodou em ser a única criança no meio de vários adultos, nem mesmo quando eles se reuniam à mesa, à noite, para conversar, [...] como muitos adultos fazem. Nestas situações, Daniel ficava junto, desenhando [...]. Agora que ele também virou um adulto, Daniel Fuentes, que tem 37 anos, conta que não só não achava ruim aquela época da infância, quanto até gostava que não houvesse “concorrência” – é que, sendo o único pequeno entre tanta gente grande, ele podia ser amado e mimado pela tia Hilda Hilst. Hilda foi uma grande escritora e poeta. [...] Ela morava na Casa do Sol, uma grande chácara em Campinas, no interior de São Paulo, cheia de cachorros. Como os pais de Daniel eram os melhores amigos de Hilda, o menino cresceu como se fosse seu sobrinho. [...] E foi para ele que a tia Hilda Hilst escreveu seu único livro infantil, chamado “Eu Sou a Monstra”, lançado agora pela editora Companhia das Letrinhas. “A Monstra era a Hilda, mas ela era uma monstra muita simpática”, explica. Escrito em forma de poema, o livro conta a história da personagem que tem “muitas caras”, “mil capas”, e que pode ser tudo que a imaginação do leitor quiser. “Ela fez de presente para mim quando eu tinha uns seis anos”, conta Daniel. [...] Além do privilégio de ter “Eu Sou a Monstra” escrito e dedicado só para ele, Daniel também tinha a sorte de receber outros carinhos de Hilda. “Ninguém me deu tantos presentes ao longo da vida.” “Eu tive várias fases. A fase do dinossauro, dos bonecos. E era só eu falar que estava gostando daquilo que ela me dava um monte de livro sobre o assunto, e a gente ficava conversando a respeito. Esse amor pelo conhecimento é a Hilda na minha vida.” [...]",D06 - Distinguir fato de opinião relativa ao fato.,"Nesse texto, há uma opinião no trecho:",c,"“‘A Monstra era a Hilda, mas ela era uma monstra muita simpática’, explica.”.","['“Ela morava na Casa do Sol, uma grande chácara em Campinas, no interior de São Paulo, cheia de cachorros.”.', '“Como os pais de Daniel eram os melhores amigos de Hilda, o menino cresceu como se fosse seu sobrinho.”. ', '“‘A Monstra era a Hilda, mas ela era uma monstra muita simpática’, explica.”.', '“‘Ela fez de presente para mim quando eu tinha uns seis anos’, conta Daniel.”. ']",6° ano,SPAECE,Avaliação paraná
"Toy Story 4’ brinca com nostalgia e relacionamentos, dizem produtores","Poucos filmes trazem tantas lembranças em tantas pessoas como os da série Toy Story. […] Em entrevista exclusiva ao R7, o diretor de Toy Story 4, Josh Cooley, e o produtor […], Jonas Rivera, revelam como esse sentimento […] fez parte da concepção para a nova história. […] Toy Story 3 não era o final? […] “Nós também pensamos que o três seria o final, mas quanto mais eu penso, mais animado eu fico quando as pessoas falam isso. Porque não foi um fim, existem muito mais histórias do Woody para serem contadas”, comenta animado o produtor. Novos personagens e um retorno “Eu adoro poder introduzir novos personagens. Eu acho que é isso que faz Toy Story ser fresco toda vez, introduzir novos brinquedos que você não sabia que existiam no mundo e ver como Woody, Buzz e os outros personagens apenas interagem com eles. […]”, conta Jonas. Josh […] resume […]. Expandir estes relacionamentos e trazer novos personagens para eles é uma parte importante da experiência com Toy Story”. […] “É ótimo poder trazer a Betty de volta, porque nós sempre amamos ela. Mesmo que o papel dela tenha sido pequeno nos primeiros dois filmes, ela é importante […].” Sentimentos reais, personagens reais […] “Nós damos o nosso melhor para fazer personagens divertidos e interessantes, mas também torná-los reais. Então eles não são só divertidos e interessantes. Eles são interessantes porque são reais. […] Nosso pensamento é de que as pessoas veem um pouco de si mesmas ali, porque são personagens verdadeiros. É sempre sobre ser verdadeiro”, explica Josh […].",D06 - Distinguir fato de opinião relativa ao fato.,"Nesse texto, há uma opinião no trecho:",c,"“‘Eu acho que é isso que faz Toy Story ser fresco toda vez, introduzir novos brinquedos…’”","['“Em entrevista exclusiva ao R7, o diretor de Toy Story 4, Josh Cooley, e o produtor...”.', '“‘…não foi um fim, existem muito mais histórias do Woody para serem contadas…’”.', '“‘Eu acho que é isso que faz Toy Story ser fresco toda vez, introduzir novos brinquedos…’”', '“‘... ver como Woody, Buzz e os outros personagens apenas interagem com eles.’”.']",6° ano,SPAECE,Avaliação paraná
"Filme produzido em MT alerta sobre as consequências do desequilíbrio ambiental no
mundo","O filme “Operação Ozônio”, que foi produzido em Mato Grosso, será exibido nesta segundafeira (29), no Cine Teatro Cuiabá. [...] O filme surgiu na sala de aula, em Primavera do Leste, a 244 km de Cuiabá. [...] A história começa em 2050, quando sete crianças voltam no tempo até o ano de 2021. O objetivo deles é auxiliar os pais, que neste momento ainda estão na infância, a proteger o meio ambiente. As emoções estão além das telas. Durante as filmagens, o diretor Bellamir Freire conta que viu os atores e seus pais sonharem juntos e se emocionarem. “O que achei incrível foi acompanhar a emoção das crianças e dos pais delas durante as filmagens. Eles choravam, se emocionavam e sonhavam juntos”, conta. O filme foi gravado nos municípios de Chapada dos Guimarães, Barra do Garças, Primavera do Leste e no Pantanal Mato­grossense. [...]",D06 - Distinguir fato de opinião relativa ao fato.,"Nesse texto, há uma opinião no trecho",c,“‘O que achei incrível foi acompanhar a emoção das crianças e dos pais delas...’”,"['“O filme ‘Operação Ozônio’, que foi produzido em Mato Grosso, será exibido nesta segunda\xadfeira (29), no Cine Teatro Cuiabá.”. ', '“A história começa em 2050, quando sete crianças voltam no tempo até o ano de 2021.”.', '“‘O que achei incrível foi acompanhar a emoção das crianças e dos pais delas...’”', '“O filme foi gravado nos municípios de Chapada dos Guimarães, Barra do Garças, Primavera do Leste...”.']",6° ano,SPAECE,Avaliação paraná
Um dia no campo,"A boneca Limãozinho foi visitar sua amiga, a boneca Fazendinha, que morava no campo. – Que maravilha de lugar, Fazendinha. Aqui há muitas frutas gostosas, como maçã, pera, uva, banana, jabuticaba, laranja... – disse Limãozinho. – Isso mesmo, amiga! Eu adoro este lugar, o ar puro, a companhia dos animais, a comida fresquinha... não troco isto aqui por nada – elogiou Fazendinha. Limãozinho gostou tanto da vida no campo que se mudou para lá e foi ajudar Fazendinha a cuidar dos bichos e do imenso pomar repleto de frutas que havia naquele lugar mágico e encantador. Agora, além das maravilhas da natureza, o campo contava com a presença das duas lindas bonecas.",D06 - Distinguir fato de opinião relativa ao fato.,"Nesse texto, há um fato no trecho:",a,"“A boneca Limãozinho foi visitar sua amiga, a boneca Fazendinha,...”.","['“A boneca Limãozinho foi visitar sua amiga, a boneca Fazendinha,...”.', '“Aqui há muitas frutas gostosas, como maçã, pera, uva, banana,...""', '“... pomar repleto de frutas que havia naquele lugar mágico e encantador.”.', '“... o campo contava com a presença das duas lindas bonecas.”.']",6° ano,SPAECE,Avaliação paraná
Regiões brasileiras,"Nosso país é realmente fantástico! Há abundância em tudo: vegetação, água, espécies animais, extensão territorial, etc. Justamente pela grande diversidadei natural, social, econômica e também pela extensãoii territorial – temos 8 514 877 km2 em extensão, foi necessário dividir nosso país em regiões, dessa forma fica mais fácil administrar e estimular o desenvolvimento baseando-se nas características regionais. Atualmente o Brasil é formado por 26 estados e um Distrito Federal, divididos em cinco regiões: Centro-Oeste, Nordeste, Norte, Sul e Sudeste. [...]",D06 - Distinguir fato de opinião relativa ao fato.,O trecho desse texto que apresenta uma opinião é:,a,“Nosso país é realmente fantástico!”.,"['“Nosso país é realmente fantástico!”.', '“... temos 8 514 877 km² em extensão,...”', '“... foi necessário dividir nosso país em regiões,...”', '“Atualmente o Brasil é formado por 26 estados...”.']",6° ano,SPAECE,Avaliação paraná
-,"Aquelas férias com os sobrinhos tinham sido maravilhosas. Embora os garotos viessem de vez em quando passar uns dias lá no sítio, nada se comparava àquelas férias de julho [...]. Eles visitaram as belas fazendas da região. Passearam a cavalo. Pescaram, andaram pelos pastos e pelos cafezais e se divertiram à beça. [...] Como as noites de julho estavam muito frias, os tios resolveram colocar os moleques para dormirem todos juntos. Assim eles poderiam se aquecer melhor. O irmão do meio contou que durante a noite ele acordou assustado porque o irmão mais novo despertou feito um maluco e gritava desesperadamente: – Socorroooo! Eu não estou sentindo a minha pernaaaa! Eu perdi a minha perna! Eu belisco a minha perna e não sinto nadaaaa! Foi quando o irmão mais velho resmungou irritado: – Vai dormir, garoto! Você vai ver se continuar a beliscar a minha perna!",D06 - Distinguir fato de opinião relativa ao fato.,"Nesse texto, há uma opinião no trecho:",a,“Aquelas férias com os sobrinhos tinham sido maravilhosas.”.,"['“Aquelas férias com os sobrinhos tinham sido maravilhosas.”. ', '“Embora os garotos viessem de vez em quando passar uns dias lá no sítio,...”.', ' “Passearam a cavalo. Pescaram, andaram pelos pastos...”.', '“O irmão do meio contou que durante a noite ele acordou assustado...”.']",6° ano,SPAECE,Avaliação paraná
Empresa traz peixe fresco a Curitiba e gera renda extra para pescadores artesanais,"Foi durante a faculdade que o estudante de oceanografia da Universidade Federal do Paraná, Bryan Muller, 30, percebeu as dificuldades enfrentadas no dia a dia pelos pescadores artesanais em Matinhos e Pontal do Paraná. O gargalo principal está na comercialização dos pescados: como conseguir que os atravessadores paguem um preço justo aos pescadores? “Os pequenos pescadores não têm estrutura para estocar grandes quantidades de pescado e não têm acesso a canais de venda direta, por isso sempre dependeram dos atravessadores”, explica Muller. [...] Em setembro de 2018, a situação [...] desses produtores levou o estudante a criar a Olha o Peixe!, uma empresa com um olho no negócio e outro no impacto sobre pessoas e meio ambiente. Ao vender seus produtos para a Olha o Peixe!, os pescadores recebem valores bem acima dos praticados pelo mercado. Segundo Bryan, em alguns casos, a renda mensal dos pescadores aumentou em até 200%. Do preço para o consumidor final, 60% do dinheiro vai para o pescador, o restante para a empresa. [...] “A importância do projeto é também criar uma nova cultura entre os consumidores e fazer um contraponto à enorme indústria de tilápia e salmão”, diz Bryan. A zootecnista, Regina Nicodemo Cândido, 57, virou cliente assídua no final do ano passado. “Acho legal apoiar os pescadores. De longe não podemos fazer muita coisa, mas pequenos gestos podem fazer a diferença”, avalia. [...]",D06 - Distinguir fato de opinião relativa ao fato.,"Nesse texto, há uma opinião no trecho:",d," “‘Acho legal apoiar os pescadores. De longe não podemos fazer muita coisa, mas pequenos gestos podem fazer a diferença’,...”.","['“... Bryan Muller [...] percebeu as dificuldades enfrentadas no dia a dia pelos pescadores artesanais...”.', '“‘Os pequenos pescadores não têm estrutura para estocar grandes quantidades de pescado e não têm acesso a canais de venda direta,...’”.', '“... a situação [...] desses produtores levou o estudante a criar a Olha o Peixe!,...”.', ' “‘Acho legal apoiar os pescadores. De longe não podemos fazer muita coisa, mas pequenos gestos podem fazer a diferença’,...”.']",7° ano,SPAECE,Avaliação paraná
Clifford: O Gigante Cão Vermelho é lançado no Brasil,"Atingindo em cheio a nostalgia dos fãs, Clifford: O Gigante Cão Vermelho acaba de estrear nos cinemas brasileiros. O filme mistura comédia e aventura em uma trama para toda a família, baseada na série de livros infantis de Norman Bridwell. Com Clifford, crianças e adultos podem se divertir, dar muitas risadas e, é claro, se emocionar. [...] Clifford: O Gigante Cão Vermelho acompanha a história de Emily, uma garota de 12 anos que ganha um cachorrinho vermelho de um mágico criador de animais. O que a protagonista não esperava era que, no dia seguinte, cãozinho vermelho se tornaria um gigante de três metros – tudo isso dentro de um pequeno apartamento em Nova York. Como a mãe de Emily está em uma viagem de negócios, a garota conta com a ajuda do atrapalhado Tio Casey em uma aventura divertida pelas ruas da cidade. [...]",D06 - Distinguir fato de opinião relativa ao fato.,"No texto, há uma opinião no trecho:",d,“... em uma aventura divertida pelas ruas da cidade.”.,"[' “... acompanha a história de Emily,...”', '“... ganha um cachorrinho vermelho...”.', '“... a mãe de Emily está em uma viagem de negócios...”.', '“... em uma aventura divertida pelas ruas da cidade.”.']",7° ano,SPAECE,Avaliação paraná
-,"Olá, revista CHC. Tenho 11 anos e estudo na escola Marechal Floriano. Eu estava lendo uma das duas matérias, ela se chama Chá de sumiço e fala que as pessoas estão destruindo as florestas e fazendo os animais entrarem em extinção. Eu gostei da matéria, pois ela serve de aviso para algumas pessoas. Até mais!",D06 - Distinguir fato de opinião relativa ao fato.,"Nesse texto, o trecho que apresenta uma opinião é:",d,"“Eu gostei da matéria, pois ela serve de aviso...”.
","['“... estudo na escola Marechal Floriano.”', '“Eu estava lendo uma das duas matérias,...”', '“... fala que as pessoas estão destruindo as florestas...”.', '“Eu gostei da matéria, pois ela serve de aviso...”.\r']",7° ano,SPAECE,Avaliação paraná
Esquadrão trovão,Flora Oliveira Ontem à noite vi o filme chamado Thunderforce1 [...]. A duração do filme é de uma hora e 47 minutos. As duas atrizes no filme são Melissa McCarthy e Octavia Spencer. O filme é uma comédia muito engraçada. É sobre as duas atrizes tentando salvar a sua cidade de nascimento. Thunderforce é um filme perfeito para famílias porque além de ser engraçado tem um pouco de tudo. [...],D06 - Distinguir fato de opinião relativa ao fato.,"Nesse texto, há um fato no trecho:",a,“... à noite vi o filme chamado Thunderforce...”.,"['“... à noite vi o filme chamado Thunderforce...”.', '“O filme é uma comédia muito engraçada.”.', '“Thunderforce é um filme perfeito para famílias...”.', '“... além de ser engraçado tem um pouco de tudo.”.']",7° ano,SPAECE,Avaliação paraná
Água cidadã,"A gente tem um monte de direitos, os animais também têm, mas e a água, será que ela tem direitos também? Tem sim, e graças à ONU! A Organização das Nações Unidas criou um documento chamado Declaração Universal dos Direitos da Água! Ele tem 10 parágrafos, todos explicando como ela é importante para o nosso planeta! O primeiro item diz, logo de cara, que a água é patrimônio do planeta, e que cada povo e cada nação são responsáveis por ela! Já o parágrafo 7 diz claramente que a água não deve ser desperdiçada, nem poluída e nem envenenada! Puxa, seria legal se todo mundo respeitasse essa declaração, né?",D06 - Distinguir fato de opinião relativa ao fato.,O trecho desse texto que apresenta uma opinião do autor é:,d,"“Puxa, seria legal se todo mundo respeitasse essa declaração, né?”.","[' “A gente tem um monte de direitos, os animais também têm,...”.', '“A Organização das Nações Unidas criou um documento...”. \r', '“O primeiro item diz, logo de cara, que a água é patrimônio do planeta,...”.', '“Puxa, seria legal se todo mundo respeitasse essa declaração, né?”.']",7° ano,SPAECE,Avaliação paraná
De bem com a vida,"Filó, a joaninha, acordou cedo. – Que lindo dia! Vou aproveitar para visitar minha tia. [...] Filó colocou seu vestido amarelo de bolinhas pretas, passou batom cor-de-rosa, calçou os sapatinhos de verniz, pegou o guarda-chuva preto e saiu pela floresta: plecht, plecht... Andou, andou... e logo encontrou Loreta, a borboleta. – Que lindo dia! – E pra que esse guarda-chuva preto, Filó? – É mesmo! – pensou a joaninha. E foi para casa deixar o guardachuva. De volta à floresta: – Sapatinhos de verniz? Que exagero! – disse o sapo Tatá. Hoje nem tem festa na floresta. – É mesmo! – pensou a joaninha. E foi para casa trocar os sapatinhos. De volta à floresta: – Batom cor-de-rosa? Que esquisito! – disse Téo, o grilo falante. – É mesmo! – disse a joaninha. E foi para casa tirar o batom. – Vestido amarelo com bolinhas pretas? Que feio! Por que não usa o vermelho? – disse a aranha Filomena. – É mesmo! – pensou Filó. E foi para casa trocar de vestido. Cansada de tanto ir e voltar, Filó resmungava pelo caminho. O Sol estava tão quente que a joaninha resolveu desistir do passeio. Chegando em casa, ligou para tia Matilde. – Titia, vou deixar a visita para outro dia. – O que aconteceu, Filó? – Ah! Tia Matilde! Acordei cedo, me arrumei bem bonita e saí andando pela floresta. Mas no caminho... – Lembre-se, Filozinha... gosto de você do jeitinho que você é. Venha amanhã, estarei te esperando com um almoço bem gostoso. No dia seguinte, Filó acordou de bem com a vida. Colocou seu vestido amarelo de bolinhas pretas, amarrou a fita na cabeça, passou batom cor-de-rosa, calçou seus sapatinhos de verniz, pegou o guardachuva preto, saiu andando apressadinha pela floresta, plecht, plecht, plecht... e só parou para descansar no colo gostoso da tia Matilde.",D06 - Distinguir fato de opinião relativa ao fato.,"O trecho desse texto que apresenta uma opinião é:
",a,“– Batom cor-de-rosa? Que esquisito!”.,"['“– Batom cor-de-rosa? Que esquisito!”. ', '“E foi para casa trocar de vestido.”.', '“... Filó resmungava pelo caminho.”', '“Venha amanhã, estarei te esperando...”']",7° ano,SPAECE,Avaliação paraná
"A ideia é repassar para as mães assistidas pelo programa como cultivar uma horta saudável em
pequenos espaços
","Parceria entre o programa Mãe Coruja do Ipojuca e Secretaria de Agricultura desenvolve, quinzenalmente, a ação do Horta no Quintal. A programação oferecida, desde o final do ano passado, tem o objetivo de estimular a produção de hortaliças para o consumo da família. O ninho Mãe Coruja do Ipojuca-sede recebeu, na tarde desta quinta-feira (10), mães e futuras mamães do Programa para entender o passo a passo do cultivo de hortaliças em casa. A didática foi repassada pelo técnico em Agropecuária da Secretaria de Agricultura, Antenor Gomes, que destacou o processo como fácil, prático e gratificante. “Basta usar o que temos ao nosso redor de material reciclável, como garrafa pet, baldes e caqueiras velhas. Materiais que causam danos ao meio ambiente se tornam aliados nessa atividade”, declarou Gomes. [...]",D06 - Distinguir fato de opinião relativa ao fato.,"No texto, há uma opinião no trecho:",c,"“... Antenor Gomes, que destacou o processo como fácil, prático e gratificante.”. ","['“Parceria entre o programa Mãe Coruja do Ipojuca e Secretaria de Agricultura desenvolve,...”.', '“A programação oferecida, desde o final do ano passado, tem o objetivo de estimular...”.', '“... Antenor Gomes, que destacou o processo como fácil, prático e gratificante.”. ', '“‘Basta usar o que temos ao nosso redor de material reciclável,... ’”.']",7° ano,SPAECE,Avaliação paraná
Praias onde vale a pena curtir o verão,"Está chegando o momento mais aguardado do ano. É quando os estudos dão uma trégua, o trabalho fica para depois e as únicas coisas importantes para fazer são curtir o sol, praticar esportes e aproveitar a paisagem. Para onde ir? Os 9.198 quilômetros do litoral brasileiro abrigam lugares paradisíacos, onde o banho de mar e a areia branquinha são uma tentação para quem passou 11 meses do ano vendo o mar a distância. Mas é preciso ser realista. Há pedaços da costa perdidos para as férias. “Em geral, a condição do litoral brasileiro é ruim para os banhos de mar”, confirma Luiz Roberto Tommasi, um dos maiores especialistas em poluição marinha do país, que há anos avalia as condições das praias. Diante da imensidão azul, pode parecer que o quadro não é assim tão grave. Afinal, o mar deveria diluir a sujeira toda deixada pelos turistas concentrados nesta época do ano. Mas o excesso de esgoto não se manifesta apenas pelo cheiro desagradável, a cor escura da água e o lixo generalizado. O esgoto mata o plâncton que produz o oxigênio e carrega bactérias nocivas e materiais que não são degradados. Entra na cadeia alimentar marinha e contamina os peixes. [...] A poluição das praias não é causada apenas pelo esgoto e a sujeira deixada pelos banhistas mal-educados. O petróleo que vaza dos navios, por exemplo, causa danos ecológicos que perduram durante anos. Mas é um problema localizado. A poluição mais grave do litoral brasileiro é provocada pelo saneamento deficiente. Apenas 4,8% da população das cidades costeiras é atendida pela rede de esgoto. As consequências na qualidade da água do mar são percebidas por meio de exames do nível de coliformes fecais. As medições periódicas indicam se a praia está contaminada por esgoto [...]. Muitos jornais costumam dar os resultados desses exames, principalmente no verão. Mas os interessados também podem acompanhar a situação de sua praia favorita pela internet [...].",D06 - Distinguir fato de opinião relativa ao fato.,O texto apresenta uma opinião no trecho:,a,"“... as únicas coisas importantes para fazer são curtir o sol, praticar esportes e aproveitar a paisagem.”","['“... as únicas coisas importantes para fazer são curtir o sol, praticar esportes e aproveitar a paisagem.”', '“... o mar deveria diluir a sujeira toda deixada pelos turistas concentrados nesta época do ano.”.', '“A poluição mais grave do litoral brasileiro é provocada pelo saneamento deficiente.”.', '“Muitos jornais costumam dar os resultados desses exames, principalmente no verão.”. ']",7° ano,SPAECE,Avaliação paraná
Jurássicas penas,"Olá, CHC! Gostei muito da notícia do dinossauro com penas. Fiquei em dúvida se ele é só carnívoro ou onívoro (comem carne e vegetais), seria legal se vocês publicassem sobre isso. Também não sabia que existiam dinossauros que tinham penas no rabo. Podem publicar, por favor, a minha carta? Sophie Sauer Harber Machado. Curitiba/PR. Oi, Sophie. Veja a sua carta publicada! Sobre os dinossauros, você pode encontrar essas res postas na CHC digital!",D06 - Distinguir fato de opinião relativa ao fato.,"Nesse texto, qual trecho apresenta uma opinião?",b,“... seria legal se vocês publicassem sobre isso.”.,"['“Fiquei em dúvida se ele é só carnívoro ou onívoro...”.', '“... seria legal se vocês publicassem sobre isso.”.', ' “... existiam dinossauros que tinham penas no rabo.”. ', '“Podem publicar, por favor, a minha carta?”.']",8° ano,SPAECE,Avaliação paraná
Família paranaense fatura medalha de prata em concurso de queijo mais importante do mundo,"O Paraná foi muito bem representado no Concours Mondial du Fromage et des Produits Laitiers (Concurso Mundial dos Queijos e Laticínios). A premiação aconteceu de 12 a 14 de setembro, em Tours, na França. Os produtores de leite, Marisa Alexandre Martins e Leomar Melo Martins, responsáveis pelo Sítio Aliança, localizado no município Santana do Itararé, conquistaram a medalha de prata. A grande aposta da família Martins foi o queijo Maná Concafé Gourmet, com 30 dias de maturação. “O nosso queijo é feito de leite de vaca Jersey com gordura e qualidade alta. É feito com café gourmet de altíssima qualidade e precisa de 30 dias de maturação na câmara fria. É saboroso e possui um gosto não muito forte de café”, explica Leomar. Segundo o produtor, o prêmio internacional coloca o Estado do Paraná em posição de destaque. “O Paraná está entrando no âmbito nacional e internacional, isso demonstra que temos produtos originais de qualidade e seguros. Ganhar um prêmio internacional como esse, principalmente, para nós que somos de uma pequena propriedade de agricultura familiar do Norte do Paraná, é indescritível.” ressaltou a família Martins. [...] No total, participaram da competição 940 queijos de 46 países. Destes, 183 vieram de 57 produtores brasileiros, que garantiram 57 medalhas ao país: cinco delas foram super ouro, as mais importantes da disputa. O Brasil ainda conquistou 11 medalhas de ouro, 24 de prata e 17 de bronze. Ao todo, 331 medalhas foram concedidas na competição.",D06 - Distinguir fato de opinião relativa ao fato.,O trecho desse texto que apresenta um fato é:,d,"“O Brasil ainda conquistou 11 medalhas de ouro, 24 de prata e 17 de bronze.”","['“O Paraná foi muito bem representado...”.', '“‘É feito com café gourmet de altíssima qualidade...’”.', '“‘É saboroso e possui um gosto não muito forte de café”, explica Leomar.’”.', '“O Brasil ainda conquistou 11 medalhas de ouro, 24 de prata e 17 de bronze.”']",8° ano,SPAECE,Avaliação paraná
"A importância da gentileza no dia a dia
","Um ditado popular diz que: “gentileza gera gentileza”. Quando se é gentil com os outros ajudamos a tornar ambiente melhor. Ser gentil é ser amável, agradável, elegante, cortês. Atos de gentileza tornam você aos olhos do outro um ser encantador e digno de receber um tratamento semelhante. Luiz Gabriel Tiago, empresário indicado ao Prêmio Nobel da Paz, disse: “A gentileza pode transformar uma vida, uma relação, um relacionamento profissional, basta praticar. A gentileza no ambiente de trabalho é o grande trunfo dos profissionais que estão prontos para fazer a diferença no mercado.” E Gandhi, dizia que: “A gentileza não diminui com o uso. Ela retorna multiplicada.” [...] Pessoas gentis não são individualistas, respeitam o trabalho do colega, e com isso elas chegam mais longe, já que abrem caminhos de comunicação com os outros e se tornam mais acessíveis. [...] É preciso praticar a gentileza com todos, sejam seus subalternos, familiares ou amigos próximos. Dizem que o favor é feito com o cérebro e a gentileza com o coração, ou seja, não é um gesto planejado, mas você pode se esforçar para desenvolver essa característica, caso não a tenha. [...]",D06 - Distinguir fato de opinião relativa ao fato.,Em qual trecho desse texto há uma opinião do autor?,c,"“É preciso praticar a gentileza com todos,...”.","['“... empresário indicado ao Prêmio Nobel da Paz,...”.', '“... abrem caminhos de comunicação com os outros...”.', '“É preciso praticar a gentileza com todos,...”.', '“Dizem que o favor é feito com o cérebro...”']",8° ano,SPAECE,Avaliação paraná
-,"Em As Três Marias acompanhamos Maria Augusta que, ao fazer 12 anos, deixa a fazenda do pai e vai para a capital estudar em um colégio de freiras. Assustada com as novas regras e rotinas rígidas do internato, a garota logo faz amizade com outras duas alunas, Maria Glória e Maria José. Através da perspectiva de Maria Augusta, acompanhamos a adolescência das amigas e o início da vida adulta, mas não apenas as delas. Rachel de Queiroz traz uma história sobre várias mulheres e o que ser mulher significava na primeira metade do século XX, através de uma narrativa quase poética. Esse é um livro curto, mas me arrebatou completamente. Na primeira parte do livro, acompanhamos a vida nesse colégio de freiras e isso me prendeu logo de cara. Eu adoro histórias que se passam em internatos. O clima de amizade, de confidências, das regras [...]. É nesse momento em que descobrimos mais sobre a vida da protagonista e suas amigas. Mas como comentei, Guta (a narradora) não centra a história apenas nela e em suas amigas mais próximas. Ela apresenta um leque de meninas e mulheres com diferentes personalidades [...]. É nessa fase, em que as meninas são inseparáveis, que elas recebem o apelido de As Três Marias, por estarem sempre juntas, como as estrelas, mas serem claramente diferentes. [...] Achei arrebatador. A escrita é um caso à parte de tão bonita e sei que não vou conseguir fazer jus a esse aspecto, então fica o recado: leiam. Sobre a história, já ficou claro o quanto eu amei conhecer essas várias mulheres, mesmo que esse seja um livro bem mais melancólico do que estou acostumada. As Três Marias me tirou um pouco da zona de conforto e estou pronta para ler mais dessa autora.",D06 - Distinguir fato de opinião relativa ao fato.,Qual trecho desse texto apresenta uma opinião?,d,“Achei arrebatador. A escrita é um caso à parte de tão bonita...”.,"['“Através da perspectiva de Maria Augusta, acompanhamos a adolescência das amigas...”.', '“Rachel de Queiroz traz uma história sobre várias mulheres...”. ', '""É nesse momento em que descobrimos mais sobre a vida da protagonista e suas amigas.”. ', '“Achei arrebatador. A escrita é um caso à parte de tão bonita...”.']",8° ano,SPAECE,Avaliação paraná
Que tal criar um projeto nas férias?,"Kaciane Caroline tem dez anos, mora numa cidade do interior de São Paulo, vai à escola, faz lição de casa, brinca. Tem uma coisa que ela adora fazer: ler. Já leu um montão de livros (mais de 500!), quer ler mais, e ainda tem vontade de incentivar outras pessoas a também gostar dos livros. Para isso, Caroline teve a ideia de montar uma biblioteca no quintal de casa. Olha que coisa mais interessante: a menina conseguiu a ajuda de empresas da cidade, da escola, de colegas e de várias pessoas da comunidade. Com isso, seus pais puderam construir um local para lotar de livros. E deu certo! Hoje, o lugar funciona com mais de 4.000 obras e, durante três horas por dia, sempre no período da tarde, quem quiser pode ir lá e pegar um livro emprestado, assim como acontece em qualquer biblioteca. Mas Caroline quer mais. Está fazendo uma vaquinha pela internet para tornar a biblioteca dela profissional. E se você aproveitasse suas férias para, além de brincar, dormir, brincar ainda mais, ficar sem fazer nada e passear, também pensar em um projeto bem legal? [...] A garota da biblioteca é um exemplo para todas as crianças. Ela conseguiu fazer um gosto dela ser também o gosto de muitos outros. Ela é uma menina generosa, criativa e ativa. E todas as crianças, inclusive você, podem ser assim também. [...]",D06 - Distinguir fato de opinião relativa ao fato.,"Nesse texto, há uma opinião no trecho:",b,“Olha que coisa mais interessante: a menina conseguiu a ajuda...”.,"['“Para isso, Caroline teve a ideia de montar uma biblioteca no quintal...”..', '“Olha que coisa mais interessante: a menina conseguiu a ajuda...”.', '“... seus pais puderam construir um local para lotar de livros.”. ', '“... sempre no período da tarde, quem quiser pode ir lá...”.']",8° ano,SPAECE,Avaliação paraná
Água cidadã,"“Olha que coisa mais interessante: a menina conseguiu a ajuda...”. A gente tem um monte de direitos, os animais também têm, mas e a água, será que ela tem direitos também? Tem sim, e graças à ONU! A Organização das Nações Unidas criou um documento chamado Declaração Universal dos Direitos da Água! Ele tem 10 parágrafos, todos explicando como ela é importante para o nosso planeta! O primeiro item diz, logo de cara, que a água é patrimônio do planeta, e que cada povo e cada nação são responsáveis por ela! Já o parágrafo 7 diz claramente que a água não deve ser desperdiçada, nem poluída e nem envenenada! Puxa, seria legal se todo mundo respeitasse essa declaração, né?",D06 - Distinguir fato de opinião relativa ao fato.,O trecho desse texto que apresenta uma opinião do autor é:,d,"“Puxa, seria legal se todo mundo respeitasse essa declaração, né?”. ","['“A gente tem um monte de direitos, os animais também têm,...”.', '“A Organização das Nações Unidas criou um documento...”. \r', '“O primeiro item diz, logo de cara, que a água é patrimônio do planeta,...”. \r', '“Puxa, seria legal se todo mundo respeitasse essa declaração, né?”. ']",8° ano,SPAECE,Avaliação paraná
"Mais uma ação do “Horta no Quintal” no Mãe Coruja
A ideia é repassar para as mães assistidas pelo programa como cultivar uma horta saudável em
pequenos espaços","Parceria entre o programa Mãe Coruja do Ipojuca e Secretaria de Agricultura desenvolve, quinzenalmente, a ação do Horta no Quintal. A programação oferecida, desde o final do ano passado, tem o objetivo de estimular a produção de hortaliças para o consumo da família. O ninho Mãe Coruja do Ipojuca-sede recebeu, na tarde desta quinta-feira (10), mães e futuras mamães do Programa para entender o passo a passo do cultivo de hortaliças em casa. A didática foi repassada pelo técnico em Agropecuária da Secretaria de Agricultura, Antenor Gomes, que destacou o processo como fácil, prático e gratificante. “Basta usar o que temos ao nosso redor de material reciclável, como garrafa pet, baldes e caqueiras velhas. Materiais que causam danos ao meio ambiente se tornam aliados nessa atividade”, declarou Gomes. [...]",D06 - Distinguir fato de opinião relativa ao fato.,"No texto, há uma opinião no trecho:",c,"“... Antenor Gomes, que destacou o processo como fácil, prático e gratificante.”.","['“Parceria entre o programa Mãe Coruja do Ipojuca e Secretaria de Agricultura desenvolve,...”.', '“A programação oferecida, desde o final do ano passado, tem o objetivo de estimular...”.', '“... Antenor Gomes, que destacou o processo como fácil, prático e gratificante.”. ', '“‘Basta usar o que temos ao nosso redor de material reciclável,... ’”.']",8° ano,SPAECE,Avaliação paraná
Dicionário de formas,"Era uma vez eu, Zé Sorveteiro, que me apaixonei por uma princesa que acabara de chegar do outro lado da Terra. Bolei para ela um dicionário de quatro palavras: bola, quadrado, retângulo, triângulo. Japonês se escreve com desenhos. Com desenhos a princesa aprenderia português! [...] Ia até meu carrinho e pedia, desenhando no ar: – Triângulo-bola. Sorvete na casquinha! O dicionário funcionava às maravilhas. Eu? Mandava bilhetes. Desenhava um quadrado com um triângulo em cima e escrevia: casa!!! Caprichava nos pontos de exclamação. Casa!!! Casa!!! Fácil de entender: casa comigo. Mas toda princesa tem uma fera para encontrar bilhetes. Uma hora a fera mandou me chamar. Aí… Aí eu transformei ponto de exclamação em sinal de aguaceiro: – Um traço com um pingo é chuva. Três -!!! – muita chuva. Casa, chuva, chuva, chuva. Estou só avisando… Cuidado com goteiras. [...] Hoje, 60 anos depois, repito, valeu a pena. E lá vou eu apanhar uns triângulos vermelhos para a minha rainha arrumar no triângulo do retângulo do quadrado da frente. Perfeito. Daqui a pouco a jarra da mesa da sala estará toda perfumada com os… Como é mesmo? Vá lá! Com os triângulos vermelhos.",D06 - Distinguir fato de opinião relativa ao fato.,"Nesse texto, o trecho que apresenta uma opinião é:",c,“O dicionário funcionava às maravilhas.”.,"['“Era uma vez eu, Zé Sorveteiro, que me apaixonei...”', '“Ia até meu carrinho e pedia, desenhando no ar:...”. ', '“O dicionário funcionava às maravilhas.”.', '“Aí eu transformei ponto de exclamação em sinal de aguaceiro:""']",8° ano,SPAECE,Avaliação paraná
Quem é esse Will?,"Era uma vez eu, Zé Sorveteiro, que me apaixonei por uma princesa que acabara de chegar do outro lado da Terra. Bolei para ela um dicionário de quatro palavras: bola, quadrado, retângulo, triângulo. Japonês se escreve com desenhos. Com desenhos a princesa aprenderia português! [...] Ia até meu carrinho e pedia, desenhando no ar: – Triângulo-bola. Sorvete na casquinha! O dicionário funcionava às maravilhas. Eu? Mandava bilhetes. Desenhava um quadrado com um triângulo em cima e escrevia: casa!!! Caprichava nos pontos de exclamação. Casa!!! Casa!!! Fácil de entender: casa comigo. Mas toda princesa tem uma fera para encontrar bilhetes. Uma hora a fera mandou me chamar. Aí… Aí eu transformei ponto de exclamação em sinal de aguaceiro: – Um traço com um pingo é chuva. Três -!!! – muita chuva. Casa, chuva, chuva, chuva. Estou só avisando… Cuidado com goteiras. [...] Hoje, 60 anos depois, repito, valeu a pena. E lá vou eu apanhar uns triângulos vermelhos para a minha rainha arrumar no triângulo do retângulo do quadrado da frente. Perfeito. Daqui a pouco a jarra da mesa da sala estará toda perfumada com os… Como é mesmo? Vá lá! Com os triângulos vermelhos.Sente-se. [...] Meu nome é Willian Leite. Sou designer gráfico, quadrinista e ilustrador. Nasci em 1986 na discreta cidade de Porecatu, no Paraná. Atualmente moro em Apucarana, ainda no Paraná. Sou formado em Publicidade e Propaganda e pós-graduado em Design, Cognição e Mídia. O design foi até aqui o meu maior ganha-pão. Mas pouco a pouco o Will Tirando vem tomando conta da minha vida. Faço tiras desde 2007. Comecei publicando nas redes sociais da vida. Meu público era minha família e meus amigos. No início as tiras tinham um estilo bem conhecido no mundo das webcomics: o stickman ou boneco palitinho. Diante de muitas críticas e da necessidade de mudança, fui adaptando meu estilo até chegar no que é hoje. Sou só mais um cartunista influenciado pelos gigantes dos quadrinhos nacionais. Meus personagens, como você pode notar, não têm nariz [...]. Isso não é só influência. Isso é opção também. Meus desenhos não são bonitos, mas são felizes. Na internet ganhei um bom espaço graças (principalmente) a sites de humor [...]. É estranho elogiar o próprio trabalho, mas atribuo a boa aceitação dos leitores ao fato desses se identificarem com o conteúdo das tiras – que quase sempre abordam temas bem populares, por ter um estilo próprio e por publicar com boa frequência. O blog já ultrapassou a marca de 1000 tiras publicadas (sem contar as tiras palitos). Outro aspecto que cativa certos leitores é a pureza que as tiras carregam. [...] Há quem diga que as tiras despertam o poder de reflexão. Não sei… não é a prioridade que tenho quando as faço. [...]",D06 - Distinguir fato de opinião relativa ao fato.,Um trecho desse texto que apresenta uma opinião é:,d,"“Meus desenhos não são bonitos, mas são felizes.”.","['“O design foi até aqui o meu maior ganha-pão.”.', '“Comecei publicando nas redes sociais da vida.”.', '“Meus personagens, como você pode notar, não têm nariz...”.', '“Meus desenhos não são bonitos, mas são felizes.”.']",8° ano,SPAECE,Avaliação paraná
A vizinha antipática que sabia matemática,"[...] Parecia uma sexta-feira como outra qualquer quando um caminhão de mudança parou em frente ao número 134 da minha rua, o sobrado geminado com o que eu moro. O pessoal da mudança descarregou uns móveis pesadões, uma escrivaninha irada, cheia de gavetinhas, parecida com a do meu avô. Do meu jardim, fiquei de olho em tudo. Quando o pessoal terminou de descarregar os móveis da casa, começou a tirar do caminhão umas caixas, milhares de caixas... Talvez centenas... Bem, umas dez caixas eu garanto que tinha. Aí apareceu uma senhora com cara de avó. Mas não vi nenhum neto. Uma mulher nem alta nem baixa e com os cabelos nem curtos nem compridos. Ela pagou aos homens da mudança e, quando ia entrando em casa, me viu. Não sei por que, mas me deu um frio na barriga, igual ao que tinha antes das aulas de matemática. A mulher me olhou, de baixo pra cima e de cima pra baixo, [...] entrou na casa e fechou a porta. [...] Ela podia ter dito alguma coisa do tipo: “Oi, você mora aí?”. Ou: “Oi, eu sou sua nova vizinha”. Mas nada. Fez que nem me viu [...]. Vizinha antipática! [...].",D06 - Distinguir fato de opinião relativa ao fato.,"Nesse texto, há uma opinião em",d,“Vizinha antipática!”.,"['“Aí apareceu uma senhora...”.', '“Mas não vi nenhum neto.”.', '“Ela pagou aos homens da mudança...”', '“Vizinha antipática!”.']",9° ano,SPACE,Avaliação paraná
Resenhas – O Pequeno Príncipe,"[...] Que livro fantástico! Ele atende todos os públicos, ensina lições para qualquer idade e sua linguagem fácil colabora para isso. Ser criança é ver a vida de forma mais colorida, é sonhar e ter esperança de que irá realizar. É ter as brincadeiras e a imaginação como as grandes atividades do dia. Bem se fala que devemos ter a pureza e o coração de uma criança, pois elas veem além do superficial. Por isso, deixar que a nossa criança interior viva é nos permitir olhar além do que vemos. Permita-se apreciar os prazeres da vida e a desfrutar dos momentos que vivencia, assim, você perceberá que o essencial é invisível aos olhos, porque o que é bom é visto pelo coração. Cativa as relações adquiridas ao longo da caminhada e não se esqueça: todo adulto já foi uma criança cheia de sonhos. Você já realizou os seus?",D06 - Distinguir fato de opinião relativa ao fato.,"Nesse texto, há uma opinião em",a,“Que livro fantástico!”,"['“Que livro fantástico!”', '""Ele atende todos os públicos...”', '“Cativa as relações adquiridas...”.', '“Você já realizou os seus?”.']",9° ano,SPACE,Avaliação paraná
O amanhã dos livros,"Sou um “livrólatra”. [...] Começo um, devoro e parto para outros. Não posso evitar. Devo admitir que o momento de pós-leitura é melhor do que a leitura em si, pois passo a diagnosticar os motivos pelos quais o enredo chegou ao clímax. Assim posto, meu gostar de livros é condicionado: jamais cederei à literatura digital. Durante a semana observei, dentro de um ônibus, alguns jovens usando aparelhos de e-books. Sem temer olhares paralelos, eles liam arquivos que outrora eram impressos e colocados com orgulho na estante. Parei para pensar. Será que os livros eletrônicos vão acabar com o bom e velho livro [...]? Desde Gutenberg, fundador da prensa gráfica – que permitiu a propagação de um imenso universo literário – o homem deu asas à criação. A comunicação escrita, restrita então às classes dominantes, viu na impressão uma expansão por todos os cantos da Europa e do mundo. E tal evolução permanece em constante movimento, pois os impressos, tidos como grande referência de conhecimento, tiveram de se adaptar às novas tendências, ganhando outros formatos e se propagando pelo meio digital. E-books, desse modo, são a prensa gráfica do século XXI. [...] Jamais se pode condenar a tecnologia, pois ela surge para nos auxiliar. A inovação sempre será uma opção. Você pode utilizá-la ou não. [...] Um livro digital pode ser carregado em um mínimo pen drive. Mais do que isso, dentro de leitores digitais é possível armazenar milhares de títulos e explorar universos que vão muito além da tela [...]. Os impressos, entretanto, são cult e carregam as memórias de um passado brilhante. Observar suas capas, escolher entre um e outro num jogo de encontros e desencontros são fatores diferenciais para leitores assíduos como eu. Um caso de amor, diga-se de passagem, para a vida inteira.",D06 - Distinguir fato de opinião relativa ao fato.,"Nesse texto, há marca de opinião no trecho",d,"“Os impressos, entretanto, são cult e carregam as memórias de um passado brilhante.”.","['“Durante a semana observei, dentro de um ônibus, alguns jovens usando aparelhos de e-books.”.', '“A comunicação escrita, restrita então às classes dominantes, viu na impressão uma expansão...”', '“Mais do que isso, dentro de leitores digitais é possível armazenar milhares de títulos...”.', '“Os impressos, entretanto, são cult e carregam as memórias de um passado brilhante.”.']",9° ano,SPACE,Avaliação paraná
"Computador não faz com que se leia menos’, diz Ruth Rocha; leia entrevista","Há 45 anos, em setembro de 1969, Ruth Machado Lousada Rocha teclava uma máquina de escrever trancada no quarto. Acostumada a criar textos para adultos, ela tentava terminar a sua primeira história infantil, para a revista “Recreio”. Só abriu a porta quando finalizou o conto “Romeu e Julieta”, sobre duas borboletas de cores diferentes. Como uma lagarta que sai do casulo, “nascia” ali também a escritora Ruth Rocha. [...] Folhinha ─ A infância mudou nesses 45 anos? Ruth Rocha ─ As crianças são muito parecidas. Por isso, livros infantis mais antigos e contos de fadas ainda encantam gente do mundo todo. Mas hoje tem o computador e outras tecnologias. O problema não é o computador ou a TV, é o uso excessivo deles. Tem criança que fica o dia inteiro com as telinhas ligadas. Não pode. É preciso ter hora para brincar, estudar, sair, comer e, claro, também para o computador e a TV. Tem que ter disciplina. [...] Usar o computador faz com que as crianças leiam menos? Não acho. Nunca se vendeu ou produziu tanto livro. Na minha época, não tínhamos opções, meus colegas não conversavam sobre literatura [...]. Conhecíamos só as histórias do Monteiro Lobato. Hoje há mais opções. [...] A sra. lia muito quando era criança? Muito. Quando eu tinha 13 anos, decidi ler todos os livros de uma biblioteca circulante que ficava na avenida São Luís. Claro que não consegui. Mas acho que li a biblioteca inteira do colégio Rio Branco, onde estudei e trabalhei. E ouvia muitas histórias também? Meu avô era um grande contador de histórias. Era um velhinho engraçado que adorava contar contos de folclore, dos irmãos Grimm, fábulas, histórias das “Mil e Uma Noites”. [...]",D06 - Distinguir fato de opinião relativa ao fato.,"Nesse texto, há um fato no trecho",b,“Conhecíamos só as histórias do Monteiro Lobato.”.,"['“... contos de fadas ainda encantam gente do mundo todo.”', '“Conhecíamos só as histórias do Monteiro Lobato.”.', ' “... acho que li a biblioteca inteira do colégio Rio Branco...”', '“Era um velhinho engraçado que adorava contar contos de folclore,...”.']",9° ano,SPACE,Avaliação paraná
O roubo da árvore,"Era um homem tímido [...] – mas não triste, de jeito algum. E tinha fascínio pelo Natal. [...] Adorava as festas de fim de ano. Vivia só num apartamento antigo, cercado de prédios modernos que tinham crescido em torno como cogumelos, mas da janela da sala tinha a visão de um bom pedaço do espelho d’água da Lagoa. E o melhor pedaço de todos – pois era bem ali que a prefeitura armava a árvore de Natal. Quando chegava novembro, ele – que já passava dos 60 – acompanhava a construção da árvore com uma excitação infantil. A imensa estrutura metálica levava semanas sendo armada e, depois de pronta, era deslocada até o meio da Lagoa, felizmente ainda dentro de seu campo de visão. [...] No dia marcado, acordou cedo e foi espiar para ver se a árvore já fora rebocada até seu lugar definitivo. E então percebeu, com um choque, que ela havia desaparecido. Encostouse ao parapeito da janela, os olhos varrendo o espelho d’água em busca de uma explicação, algum sinal. Nada. O que teria acontecido? Após algum tempo, concluiu: com certeza este ano tinham decidido colocá-la um pouco mais para lá, perto do Cantagalo, onde ele ouvira dizer que fora montado um palco, para um show. Se fosse isso, não haveria jeito. Teria de se conformar. [...] Torceu as mãos, ainda guardando a esperança de que, na hora da cerimônia, a árvore estivesse de volta ao espaço onde sempre ficara. Mas, à noite, foi com os olhos úmidos que ouviu o espoucar dos primeiros fogos da festa. Por cima dos edifícios altos, lá pelas bandas do Cantagalo, viu os clarões dos fogos de artifício – apenas os clarões, mais nada. Àquela altura, sua árvore já devia estar toda iluminada, cintilando no meio da Lagoa – mas para outros olhos, pensou. [...] No dia seguinte, evitou ir à janela. Andejou pela casa o dia inteiro, sem muito o que fazer, pois era domingo. Remexeu em papéis velhos, leu um pouco, ouviu música, mas preferiu não assistir ao noticiário da televisão. Já era de noitinha quando ouviu um barulhinho de chuva e, quase sem perceber, foi até a janela espiar. Seus olhos [...] então ficaram úmidos, como a noite lá fora.  No meio da Lagoa, brilhando por entre as gotas de chuva, lá estava ela. Sua árvore de volta",D06 - Distinguir fato de opinião relativa ao fato.,Qual trecho desse texto apresenta uma marca de opinião?,a,“E o melhor pedaço de todos – pois era bem ali que a prefeitura armava a árvore de Natal.”.,"['“E o melhor pedaço de todos – pois era bem ali que a prefeitura armava a árvore de Natal.”.', '“Quando chegava novembro, ele – que já passava dos 60 – acompanhava a construção...”.', '“Encostou-se ao parapeito da janela, os olhos varrendo o espelho d’água...”.', '“No meio da Lagoa, brilhando por entre as gotas de chuva, lá estava ela.”.']",9° ano,SPACE,Avaliação paraná
Alô... é do hospital?,"Toca o telefone na recepção do hospital: – Bom dia, é da recepção? Eu gostaria de falar com alguém que me desse informações sobre os pacientes. Queria saber se certa pessoa está melhor ou piorou... – Qual é o nome do paciente? – Chama-se Maria Isabel e está no quarto 302. – Um momentinho, vou transferir a ligação para o setor de enfermagem... – Bom dia, sou a enfermeira Lourdes. O que deseja? – Gostaria de saber as condições clínicas da paciente Maria Isabel do quarto 302, por favor! – Um minuto, vou localizar o médico de plantão. – Aqui é o Dr. Carlos plantonista. Em que posso ajudar? – Olá, doutor. Precisaria que alguém me informasse sobre a saúde de Maria Isabel que está internada há três semanas no quarto 302. – Ok, minha senhora, vou consultar o prontuário da paciente... Um instante só! Hummm, aqui está: ela se alimentou bem hoje, a pressão arterial e pulso estão estáveis, responde bem à medicação prescrita e vai ser retirada do monitor cardíaco até amanhã. Continuando bem, o médico responsável assinará alta em três dias. – Ahhhh, Graças a Deus! São notícias maravilhosas! Que alegria! – Pelo seu entusiasmo, deve ser alguém muito próximo, certamente da família?! – Não, sou a própria Maria Isabel, telefonando aqui do 302! É que todo mundo entra e sai do quarto mas ninguém me diz nada!!!",D06 - Distinguir fato de opinião relativa ao fato.,O trecho desse texto que apresenta uma opinião é,d,“São notícias maravilhosas! Que alegria!”.,"['“Queria saber se certa pessoa está melhor...”', '“Um momentinho, vou transferir a ligação para o setor de enfermagem...”.', '“Gostaria de saber as condições clínicas da paciente Maria Isabel...”.', '“São notícias maravilhosas! Que alegria!”.']",9° ano,SPACE,Avaliação paraná
Tamoios no Arpoador,"[...] Convidado a escrever sobre um canto do Rio, escolhi o Arpoador, porque de lá se costuma desfrutar deslumbrantes entardeceres. Os termômetros marcavam quase 40º [...]. Sentado nas pedras, apreciava o Sol refletir com tal intensidade sobre o mar espelhado que devo ter experimentado aquela ilusão ótica que no deserto se chama miragem.Agente entra num clima onírico1 e acredita ver o que não existe. De repente, senti uma urgência febril de dividir aquele espetáculo mágico com alguns personagens que cantaram e encantaram o Rio. A primeira aparição foi de Millôr, que veio correndo pela areia [...]. Passou pelo largo que agora leva o seu nome, subiu até onde eu estava e repetiu uma de suas geniais definições: “O pôr do sol é de quem olha”. Em seguida, foi a vez de Tom e Vinicius, que atravessaram o Parque Garota de Ipanema carregando o violão. [...] Finalmente, vindo de Copacabana, chegou Oscar Niemeyer, trazendo nos olhos as curvas [...] dos morros cariocas com que fez sua arquitetura. Como não podia deixar de ser, a conversa girou em torno dessa cidade solar, [...] exibida que nasceu para ser musa. [...] Era ainda uma criança quando um de seus adoradores, o primeiro governador-geral Tomé de Souza, se desmanchou: “Tudo é graça o que dela se pode dizer”. Alguém lembrou que até os religiosos lançaram sobre ela olhares [...]: “É a mais airosa e amena baía que há em todo o Brasil”, suspirou o padre Anchieta [...]. Estimulado pela exuberância sensorial daquela tarde, resolvi corrigir Vinicius, que dizia que ser carioca é um estado de espírito. Acho que é mais. Não se trata apenas de alma, mas de corpo e alma. Ama-se a cidade com todos os sentidos, a começar pelos olhos. [...] Segundo Tom, que transformou em música tudo isso [...] é uma herança de nossos antepassados tamoios, que nos ensinaram a curtir a água, o corpo, a música e a dança. O Sol já estava sendo rendido no seu plantão diário [...]. Foi quando chegou Cazuza para fazer parte do show. Antes de dar um mergulho, cantou: “Vago na lua deserta das pedras do Arpoador”. Nunca me senti tão tamoio quanto nesse fim de tarde, início de noite nas pedras mágicas do Arpoador.",D06 - Distinguir fato de opinião relativa ao fato.,"Nesse texto, o trecho que apresenta uma opinião do autor é",c,"“Acho que é mais. Não se trata apenas de alma, mas de corpo e alma.”. ","['“Era ainda uma criança quando um de seus adoradores, o primeiro governador-geral...”.', ' “... resolvi corrigir Vinicius, que dizia que ser carioca é um estado de espírito.”.', '“Acho que é mais. Não se trata apenas de alma, mas de corpo e alma.”. ', '“Foi quando chegou Cazuza para fazer parte do show...”.']",9° ano,SPACE,Avaliação paraná
Dicionário de formas,"Era uma vez eu, Zé Sorveteiro, que me apaixonei por uma princesa que acabara de chegar do outro lado da Terra. Bolei para ela um dicionário de quatro palavras: bola, quadrado, retângulo, triângulo. Japonês se escreve com desenhos. Com desenhos a princesa aprenderia português! [...] Ia até meu carrinho e pedia, desenhando no ar: – Triângulo-bola. Sorvete na casquinha! O dicionário funcionava às maravilhas. Eu? Mandava bilhetes. Desenhava um quadrado com um triângulo em cima e escrevia: casa!!! Caprichava nos pontos de exclamação. Casa!!! Casa!!! Fácil de entender: casa comigo. Mas toda princesa tem uma fera para encontrar bilhetes. Uma hora a fera mandou me chamar. Aí… Aí eu transformei ponto de exclamação em sinal de aguaceiro: – Um traço com um pingo é chuva. Três -!!! – muita chuva. Casa, chuva, chuva, chuva. Estou só avisando… Cuidado com goteiras. [...] Hoje, 60 anos depois, repito, valeu a pena. E lá vou eu apanhar uns triângulos vermelhos para a minha rainha arrumar no triângulo do retângulo do quadrado da frente. Perfeito. Daqui a pouco a jarra da mesa da sala estará toda perfumada com os… Como é mesmo? Vá lá! Com os triângulos vermelhos.",D06 - Distinguir fato de opinião relativa ao fato.,"Nesse texto, o trecho que apresenta uma opinião é",c,“O dicionário funcionava às maravilhas.”.,"['“Era uma vez eu, Zé Sorveteiro, que me apaixonei...”.', '“Ia até meu carrinho e pedia, desenhando no ar:...”.', '“O dicionário funcionava às maravilhas.”.', '“Aí eu transformei ponto de exclamação em sinal de aguaceiro: ”.']",9° ano,SPACE,Avaliação paraná
Branca lembrança de uma infância,"Naquela época, o carreirinho que ia à igreja já estava branquinho de neve, como se tivesse chovido algodão sobre a mata ainda virgem. Os galhos dos pinheiros – até os mais fortes – quebravam devido ao peso da neve. Os barrancos ficavam todos cobertos por uma manta branca e suave, formando um verdadeiro escorregador. Fazíamos bonecos de neve com nariz de cenoura, braços de galhos secos e uma panela velha como chapéu. Foi a nossa maior diversão! Contrastando com a neve, estava o marrom carnado do pinhão no chão. Pinhão, tinha bastante! Por isso era pinhão no almoço, na janta... Como a comida era pouco diversificada, a gente dava graças quando tinha alguma coisa diferente. O pinhão dava um sabor a mais a nossas refeições! A gente sabia que o pinhão só dava no inverno, mas queria catar pinhão o ano todo. Ah, que saudades daquela época em que a gente fazia o sapecado! O pinhão quentinho e o chimarrão eram nossos tesouros, nossa tradição... [...]",D06 - Distinguir fato de opinião relativa ao fato.,Qual dos trechos abaixo revela uma opinião do autor?,c,“Foi a nossa maior diversão!”,"['“...o carreirinho...já estava branquinho de neve...”', '“Os galhos dos pinheiros...quebravam...”', '“Foi a nossa maior diversão!”', '“...era pinhão no almoço, na janta...” ']",9° ano,SPAECE,Simulado 01 SPAECE
Riqueza,"Qual a verdadeira riqueza desse mundo? No dicionário é sinônimo de abundância, ostentação e luxo. Mas acredito que esteja longe disso. Recentemente tive dois exemplos claros de que a riqueza de fato está contida em outra fonte. Vi um programa que mostrou a história de um senhor heptagenário que possui três empregos humildes, acorda as 4:00 para começar a rica jornada de trabalho, adorado por todos habitantes da pacata cidadezinha. Quer saber se é infeliz? Seu sorriso espontâneo a todo momento responde essa pergunta. Quer outro exemplo? Há alguns dias fui hospedado na casa de um grande amigo. Casa simples que acompanha uma família simples e linda. A todo momento sou questionado se estou sendo bem tratado. A todo momento recebo pedido de desculpas por qualquer falha na hospedagem. Para minha surpresa, encontro uma mesa farta sempre, e quando digo farta não significa nenhuma ostentação. Encontro também uma mãe autônoma que cria seus filhos com muita intuição e amor. Intuição que é expresso no coração bondoso de seus filhos; ajudado por um padrasto carinhoso e dedicado. Sou uma pessoa rica? Sou à medida que aprendo com o senhor heptagenário e choro com sua história de superação. Sou à medida que extraio dessa família todas as qualidades que preciso para ter uma família verdadeiramente rica de sentimentos e preceitos de vida. Quero viver dessa fonte de forma inesgotável.",D06 - Distinguir fato de opinião relativa ao fato.,O trecho abaixo que exprime uma opinião do autor é:,a,"“Mas acredito que esteja longe disso.""","['“Mas acredito que esteja longe disso.""', '“Vi um programa que mostrou a história de um senhor...” ', '“Quer outro exemplo?” ', '“...recebo pedido de desculpas...” ']",9° ano,SPAECE,Simulado 01 SPAECE
A abelha gulosa,"A abelha era muito gulosa, de tal forma que passava o dia inteiro a beber o néctar das flores. Sua obrigação, como membro ativo da colmeia, era levar para a comunidade de abelhas o néctar necessário para o sustento diário de todas. Mas ela esquecia-se de tudo, tal era a obsessão de comer. — Abelhinha, não é correto o que você faz, disse-lhe uma de suas companheiras. Além de não cumprir a sua obrigação na colmeia, está prejudicando a si própria. Não vê, por acaso, como está ficando gorda? A abelha fazia-se de surda aos conselhos desse tipo e continuava no seu come-come. Engordou tanto, que aconteceu uma tragédia. A abelhinha regressou à colmeia, ao anoitecer. Tentou passar pela porta, mas não conseguiu. Estava gordíssima! Suas companheiras tentaram ajudá-la, mas foi tudo inútil e a abelhinha glutona teve que ficar lá fora, sujeita às intempéries. Na manhã seguinte, suas companheiras encontraram-na congelada. Não tinha conseguido resistir ao intenso frio da noite",D06 - Distinguir fato de opinião relativa ao fato.,"Nesse texto, há uma opinião no seguinte trecho:",a,"“— Abelhinha, não é correto o que você faz...”","['“— Abelhinha, não é correto o que você faz...”', '“A abelha fazia-se de surda aos conselhos...” ', '“Suas companheiras tentaram ajudá-la...” ', '“...suas companheiras encontraram-na congelada.”']",9° ano,SPAECE,Simulado 01 SPAECE
Eu não perco as esperanças nos jovens de hoje,"Às vezes, quando estou voando entre uma conferência e outra, vejo-me sentado perto de alguém que é muito conversador. Isso frequentemente é uma experiência agradável para mim, porque sou um inveterado observador do ser humano. Aprendo muito observando e ouvindo as pessoas que vejo todos os dias. [...] Infelizmente, há ocasiões em que sento perto de alguém que apenas deseja extravasar o seu mau humor ou impor as suas opiniões políticas...Em uma delas, fiquei sentado resignadamente, enquanto meu vizinho de poltrona começava a falar sobre a situação terrível do mundo, usando o clichê: — Você sabe como os jovens de hoje são... [...] Quando, aliviado, finalmente saí do avião e fui para o meu hotel, comprei o jornal local e fui jantar. Em uma página interna do jornal, estava um artigo que acho que deveria ter sido colocado na primeira página. Em uma cidadezinha de Indiana, havia um garoto de quinze anos que tinha um tumor cerebral. Ele estava sendo tratado com radioterapia e quimioterapia. Como resultado desses tratamentos, perdera todos os seus cabelos. Eu não sei quanto a vocês, mas sei como me teria sentido se aquilo tivesse acontecido comigo na sua idade – mortificado! Os colegas daquele jovem foram espontaneamente em seu socorro: todos os garotos da sua série pediram às suas mães que os deixassem raspar a cabeça para que Brian não fosse o único garoto careca na escola secundária. Ali, naquela página, estava a fotografia de uma mãe raspando a cabeça do filho, sob o olhar aprovador da família. Ao fundo, via-se um grupo de jovens igualmente carecas. Não, eu não perco as esperanças nos jovens de hoje",D06 - Distinguir fato de opinião relativa ao fato.,Qual dos trechos abaixo exprime uma opinião do autor?,a,“Isso frequentemente é uma experiência agradável...”,"['“Isso frequentemente é uma experiência agradável...”', '“Isso frequentemente é uma experiência agradável...”', '“Ele estava sendo tratado com radioterapia...”', '“...Ali, naquela página, estava a fotografia de uma mãe...”']",9° ano,SPAECE,Simulado 01 SPAECE
Beber e comer ao mesmo tempo faz bem ou mal?,"Logo após o pedido de comida em um restaurante a pergunta do garçom sempre é: ""E para beber?"". Há quem não consiga comer sem um copo de suco, água ou até refrigerante por perto para ""ajudar"" na digestão. Mas, será que isso faz bem para a saúde? [...] Seja no café da manhã, com o tradicional café com pão, ou em lanches, almoços e jantares, a bebida acaba sendo uma companhia habitual às refeições. Porém, a nutricionista Sheila Basso explica que essa união pode não ser tão saudável, já que a alta ingestão de líquido durante a refeição pode prejudicar a digestão e até diminuir a absorção de nutrientes do organismo (biodisponibilidade). ""A digestão é um processo tanto químico, quanto físico, e se dá início na boca, quando os alimentos são triturados pelos dentes e os carboidratos digeridos pela enzima amilase salivar. Quando ingerimos grande quantidade de líquidos durante as refeições, essas enzimas podem acabar se diluindo ou, no caso dos refrigerantes, sucos ou bebidas ácidas, elas podem interferir no pH dessas moléculas e, consequentemente, dificultar a digestão"", explica a profissional.",D06 - Distinguir fato de opinião relativa ao fato.,O trecho abaixo que revela uma opinião do autor é:,a,“Há quem não consiga comer sem um copo de suco...”,"['“Há quem não consiga comer sem um copo de suco...”', '“A digestão é um processo tanto químico, quanto físico...” ', '“...os alimentos são triturados pelos dentes...”', '“...podem interferir no pH dessas moléculas e, consequentemente, dificultar a digestão""']",9° ano,SPAECE,Simulado 01 SPAECE
Qual é o cão mais popular? Buldogue francês luta contra labrador por isso,"Os buldogues franceses estão prestes a encerrar o reinado de três décadas dos labradores como cães mais populares dos Estados Unidos, afirmou o American Kennel Club nesta terça-feira (16). Os cachorros de cara chata comumente chamados de “franceses” saltaram no ano passado do quarto para o segundo lugar no ranking de cães mais populares do clube. Os cães fofos com orelhas do estilo morcego levaram os pastores alemães do segundo lugar — uma posição que ocupavam desde 2009 ─ para a terceira posição. Os franceses também ultrapassaram os golden retrievers. O labrador é a raça pura mais popular da América em 2020 pelo 30º ano consecutivo, com base em registros. Mas o American Kennel Club disse que é apenas uma questão de tempo até que os buldogues franceses assumam a liderança da lista em termos de popularidade. [...]",D05 - Identificar o tema ou assunto de um texto.,O assunto desse texto é,a,o aumento da popularidade do buldogue francês nos Estados Unidos.,"['o aumento da popularidade do buldogue francês nos Estados Unidos.', 'o formato diferenciado das orelhas dos cachorros buldogues franceses.', 'o lugar ocupado pelos pastores alemães no ranking de cães populares.', 'o reinado dos labradores como cães mais populares dos Estados Unidos.']",6° ano,SPAECE,Avaliação paraná
"Abelardo, o chocolate doce que queria ser amargo","Abelardo era um chocolate daqueles bem doces que as crianças adoravam. Todos na sua família eram doces como ele. O tio Teobaldo era doce e recheado. O pai, Benjamin, tinha recheio de amendoim. A mãe, Dona Zuleide, era de chocolate ao leite. Os irmãos, Teco e Beija, tinham recheio de ameixa. Mas ele achava chato ser sempre doce. Por que eu sou tão doce? Eu não podia ser amargo? Questionava Abelardo chateado. Um dia resolveu viajar, algum jeito de ser amargo ele iria achar. [...] Saiu andando pela vila doce, sem paradeiro. Até que chegou na cidade dos doceiros. [...] No meio da vila, uma enorme fábrica de doces, onde novos doces eram feitos. [...] Abelardo foi falar com o chefe da doceria, um biscoito bem salgado, que, puxando o bigode para o lado, foi logo explicando as regras a Abelardo: – Aqui você pode escolher se quer ser doce, ou amargo, que recheio quer ter, se quer ser redondo ou quadrado. E, se depois quiser mudar, pode aqui retornar. Abelardo se alegrou. Agora podia ser o que quisesse. Podia ser meio doce e meio amargo. E assim fez. Programou a máquina de chocolates, se tornou meio doce e meio amargo. Agora estava feliz. [...]",D05 - Identificar o tema ou assunto de um texto.,Esse texto trata,a,do chocolate que achava chato ser sempre doce.,"['do chocolate que achava chato ser sempre doce.', 'do chocolate que gostava muito de viajar.', 'da criatividade do chefe da doceria.', 'da variedade de doces existentes.']",6° ano,SPAECE,Avaliação paraná
Lagosta “algodão­doce”: o que explica essa coloração rara?,"Um grupo de pescadores dos EUA1 , teve uma encantadora surpresa. Acostumados a fisgar os mais variados tipos de frutos do mar, eles mal podiam acreditar no que viam: uma lagosta azul cintilante. “Estávamos medindo e escolhendo lagostas e, de repente, esse brilho surgiu em uma das redes”, disse Bill Coppersmith em entrevista. [...] o crustáceo é avistado uma vez a cada quatro ou cinco anos. “É a primeira vez que vejo um pessoalmente”, disse Murrell. “Você coloca sob uma luz diferente, e é incrível. Ela realmente começa a brilhar.”. A razão para esse efeito “furta­cor” é provavelmente uma mutação genética 2 . No entanto, biólogos marinhos não descartam a possibilidade de haver relação com a alimentação do animal.",D05 - Identificar o tema ou assunto de um texto.,O assunto desse texto é a,d,pesca de uma lagosta de coloração rara.,"['variedade de frutos do mar.', 'mutação genética das lagostas.', 'aparição de diferentes frutos do mar.', 'pesca de uma lagosta de coloração rara.']",6° ano,SPAECE,Avaliação paraná
Gato pula de torre,"Um felino deu trabalho aos bombeiros de Florianópolis, que tentaram resgatá-lo. Ele ficou cinco dias preso em uma chaminé de 15 metros de altura. Como a escada dos bombeiros estava quebrada, eles escalaram o local. Os bombeiros tentaram o resgate, mas o bichano pulou. Ele só foi salvo porque ficou preso em uma bananeira.",D05 - Identificar o tema ou assunto de um texto.,O assunto desse texto é,b,a tentativa de resgate de um gato.,"['a preparação física dos bombeiros.', 'a tentativa de resgate de um gato.', 'os problemas no trabalho dos bombeiros.', 'os truques dos felinos para se defenderem.']",6° ano,SPAECE,Avaliação paraná
Calor,"O verão chegou com tudo e, junto com ele, uma onda de calor [...]. Por mais que essa seja a época de aproveitar os dias mais longos e pegar uma praia ou piscina, também é o momento em que precisamos estar atentos a alguns detalhes para não descuidar da saúde. 1) Nunca é demais lembrar: beba muita água para evitar a desidratação. A água ajuda a regular a temperatura do corpo, repõe os minerais e hidrata o organismo [...]. 2) Cuide da sua alimentação e prefira refeições leves. O ideal é consumir grandes quantidades de frutas e verduras da estação. 3) Tome quantos banhos você quiser e troque de roupas com frequência. 4)Evitecarregarmuitopesooufazeralgumesforçoforadocomumparanãosuarexcessivamente. 5) Outra opção para aplacar o calor é ter um borrifador cheio de água gelada sempre por perto. Espirre água no rosto e no corpo – a evaporação diminuirá a sensação de calor",D05 - Identificar o tema ou assunto de um texto.,Qual é o assunto desse texto?,c,O alívio da sensação de calor.,"['A diversão durante o verão. ', 'A importância da água.\r', 'O alívio da sensação de calor.', 'O valor da alimentação saudável..']",6° ano,SPAECE,Avaliação paraná
-,"As festas juninas são celebradas ao longo do mês de junho. Sua origem foram as festas pagãs, com fogueiras e queimas de fogos [...]. Elas começaram nos campos e plantações originando os trajes típicos de caipiras e sinhazinhas, com casamento de roça, discurso do padrinho, as capelinhas decoradas, etc. Com o passar do tempo, as festividades foram tomando um cunho religioso. Pela tradição, a festa junina consiste em celebrar os bons resultados da colheita [...]. As festas juninas estão enraizadas de arte popular com suas influências próprias das regiões, cheias de pureza, ingenuidade, poesia e inspiração. [...]",D05 - Identificar o tema ou assunto de um texto.,Qual é o assunto desse texto?,c,A origem das festas juninas.,"['A importância das fogueiras.', 'A necessidade da boa colheita. ', 'A origem das festas juninas.', 'A preparação para o casamento.\r']",6° ano,SPAECE,Avaliação paraná
“Como será?” recebe o cantor Lenine para falar de música e sustentabilidade,"Na véspera do Dia das Crianças, Sandra Annenberg recebe no estúdio um palhaço, ao lado de quem – em meio a muita mágica, malabarismo, equilibrismo e piadas – vai chamar o quadro Hoje É Dia de... Circo. Em homenagem aos pequenos, o apresentador Alexandre Henderson reúne as mais diversas curiosidades sobre o mundo do picadeiro. Enquanto um neurologista explica o que acontece no cérebro humano quando assistimos aos números mais emocionantes e engraçados, a Intrépida Trupe mostra todas as inovações na arte circense e o Projeto Circo Social prova como ela é capaz de mudar vidas. [...] No estúdio, o cantor e compositor Lenine fala sobre seus Encontros Socioambientais – Música e Sustentabilidade numa Nota Só, ação inédita que visitou 12 projetos pelo Brasil. “– A arte é um instrumento de aproximação poderoso por uma sociedade mais justa. Gosto de acreditar que a minha música vai além do que meramente canto” –, afirma. Lenine, botânico autodidata, vai ainda contar sobre sua paixão por orquídeas e tocar um de seus grandes sucessos no encerramento do programa. Uma das iniciativas visitadas pela turnê, o Mantas do Brasil (em Santos, SP), focado na preservação e na pesquisa científica da raia manta gigante, ganha destaque. [...]",D05 - Identificar o tema ou assunto de um texto.,"Qual é o assunto desse texto?
",d,As atrações de um programa de TV.,"['A carreira musical do cantor Lenine.\r', 'A comemoração do Dia das Crianças', ' As ações de preservação da natureza', 'As atrações de um programa de TV.']",7° ano,SPAECE,Avaliação paraná
"Afinal, no espaço faz frio ou calor?
","Normalmente, as temperaturas de ventos solares e nuvens de gases interestelares costumam assustar, pois chegam à casa de milhares de graus Celsius – e às vezes, milhões! Em contrapartida, a radiação cósmica de fundo tem uma temperatura estimada de -270 ºC. Portanto, se tivéssemos termômetros espalhados pelo espaço sideral, como temos nas grandes avenidas do nosso país, eles registrariam temperaturas que estão entre esses dois intervalos extremos, dependendo da região. Com exceção de nuvens muito densas e próximas às estrelas, a maior parte dos gases no espaço é rarefeito demais para chegar a aquecer qualquer coisa: não existem moléculas o suficiente para que elas se agitem e acabem transferindo calor para outros corpos. Mesmo os ventos solares não são quentes como pensamos: eles atingem espaçonaves com partículas ionizadas e carregadas de energia (calor), mas a taxa de colisão é um quadrilhão de vezes menor do que a de moléculas de gases na atmosfera da Terra. Sendo assim, a radiação acaba sendo o único mecanismo de transferência de calor no espaço. [...]",D05 - Identificar o tema ou assunto de um texto.,Qual é o assunto desse texto?,b,A temperatura no espaço.,"['A radiação no espaço.\r', 'A temperatura no espaço.', 'As espaçonaves atingidas por ventos no espaço.', 'Os equipamentos espalhados pelo espaço.']",7° ano,SPAECE,Avaliação paraná
Eleição para prefeitura é decidida no cara ou coroa nas Filipinas,"Autoridades eleitorais das Filipinas desempataram no cara ou coroa um raro empate em uma eleição para prefeito nesta sexta-feira (17). Sue Cudilla foi proclamada nova prefeita da cidade de Araceli, na província de Palawan, após vencer um lance de moedas melhor de três. Ela escolheu coroa e venceu Noel Beronio. Ambos receberam 3.495 votos na eleição, realizada na segunda-feira (13). Eles concordaram desempatar na moeda, embora a legislação previsse o desempate através do sorteio com papéis tirados de uma urna.",D05 - Identificar o tema ou assunto de um texto.,Qual é o tema desse texto?,b,A forma de desempate de uma eleição nas Filipinas.,"['A diferente legislação da província de Palawan.\r', 'A forma de desempate de uma eleição nas Filipinas.', 'A função das autoridades eleitorais das Filipinas.', 'A quantidade de eleitores da cidade de Araceli.']",7° ano,SPAECE,Avaliação paraná
A Viagem,"Um dia eu acordei com alguém me chamando. Eram João e Maria, me dando chocolates, caramelos e sonhos da casa de doces da bruxa. Pouco depois, Pinóquio me apresentou Gepeto. Os três porquinhos me mostraram pelos do lobo. Nesse momento, acordei e vi que estava no meu quarto. Um livro de capa verde no chão me lembrou que estava lendo contos de fada. Mas me senti como se tivesse sido teletransportado. Foi uma viagem inesquecível. Venha fazê­la comigo!",D05 - Identificar o tema ou assunto de um texto.,O assunto desse texto é,d,uma viagem ao mundo da leitura.,"['uma visita à doceria.', 'o despertar dos personagens.', 'o teletransporte de João e Maria', 'uma viagem ao mundo da leitura.']",7° ano,SPAECE,Avaliação paraná
"Lili, uma Cocker Companheira","“Dim­dom!” – Oba! Temos visitas! – disse a minha dona. Eu sou a cachorrinha Lili, e sou uma Cocker. Eu gosto quando chegam visitas aqui em casa. Faço amizades com muita facilidade, mas sem ficar pulando ou pedindo carinho para os visitantes. Bom, a não ser que eles me convidem para fazer isso. Na verdade, sou muito alegre, gosto de brincar e de dar longos passeios. Tenho bastante energia para essas coisas. Mas também sou flexível. Posso simplesmente ser uma companheira tranquila ao lado da minha dona. Vai depender do que ela quiser que eu faça no momento. Há algo importante que você precisa saber sobre mim. Minhas orelhas compridas abafam os ouvidos, assim eles acumulam mais cera, umidade e sujeira. Por isso, você precisa limpar meus ouvidos com algodão umedecido em óleo de amêndoa. Depois, é só retirar o excesso com algodão seco. Sou bem gulosa e, se minha dona não me controlar, como um montão. Por falar em comida, já me deu uma fominha! Desculpa aí, pessoal, mas vou ver se já está na hora da minha ração. Tchauzinho!",D05 - Identificar o tema ou assunto de um texto.,"O tema desse texto é
",a,o comportamento da cachorrinha Lili.,"['o comportamento da cachorrinha Lili.', 'o cuidado que se deve ter com uma Cocker.', 'a característica física de uma cachorrinha.', 'a alegria da cachorrinha ao receber visitas.']",7° ano,SPAECE,Avaliação paraná
Água cidadã,"A gente tem um monte de direitos, os animais também têm, mas e a água, será que ela tem direitos também? Tem sim, e graças à ONU! A Organização das Nações Unidas criou um documento chamado Declaração Universal dos Direitos da Água! Ele tem 10 parágrafos, todos explicando como ela é importante para o nosso planeta! O primeiro item diz, logo de cara, que a água é patrimônio do planeta, e que cada povo e cada nação são responsáveis por ela! Já o parágrafo 7 diz claramente que a água não deve ser desperdiçada, nem poluída e nem envenenada! Puxa, seria legal se todo mundo respeitasse essa declaração, né?",D05 - Identificar o tema ou assunto de um texto.,O assunto desse texto é,a,"a Declaração Universal dos Direitos da Água.
","['a Declaração Universal dos Direitos da Água.\r', 'a Organização das Nações Unidas', 'o direito do cidadão.', 'o respeito aos animais.']",7° ano,SPAECE,Avaliação paraná
Dinossauros no shopping,"Passear pelo shopping pode ser divertido, principalmente num dia de chuva, em que não dá para brincar lá fora. Encontramos cinemas com filmes bacanas, lanches gostosos, dinossauros… Opa! Achou estranho? Pois saiba que a exposição Era T-Rex levou um monte de parentes meus para shoppings em Niterói e São Paulo. A aventura começa com um filme 5D, tecnologia que une os movimentos do cinema 3D com cheiros, ventania e até esguichos de água para contar a história de um filhote de Tyranosaurus rex que se perde da mãe. Depois, o passeio continua com uma visita a réplicas de diversas espécies que se mexem de verdade, emitem sons e têm tamanho real. Quem visitar a exposição vai ver uma fêmea maiassaura cuidando de seu filhote, um apatossauro com 22 metros de comprimento e até tocar o angaturama, um dinossauro que viveu aqui no Brasil. A viagem no tempo não para por aí. No final, você vai encontrar um tanque de areia cheio de fósseis para descobrir. Eu e Diná já fomos correndo visitar nossos parentes e, apesar de sentirmos falta de algumas espécies, adoramos. Se você mora em São Paulo e quer conhecer a exposição, é preciso correr: ela só fica por lá até 29 de julho. Já em Niterói, ela vai até outubro.",D05 - Identificar o tema ou assunto de um texto.,Qual é o tema desse texto?,a,A exposição Era T-Rex nos shoppings em Niterói e São Paulo.,"['A exposição Era T-Rex nos shoppings em Niterói e São Paulo.', 'A tecnologia 5D utilizada nos cinemas e exposições.', 'As atividades nos passeios pelo shopping em dia de chuva.', 'As espécies de dinossauros que viveram no Brasil.']",7° ano,SPAECE,Avaliação paraná
-,"As festas juninas são celebradas ao longo do mês de junho. Sua origem foram as festas pagãs, com fogueiras e queimas de fogos [...]. Elas começaram nos campos e plantações originando os trajes típicos de caipiras e sinhazinhas, com casamento de roça, discurso do padrinho, as capelinhas decoradas, etc. Com o passar do tempo, as festividades foram tomando um cunho religioso. Pela tradição, a festa junina consiste em celebrar os bons resultados da colheita [...]. As festas juninas estão enraizadas de arte popular com suas influências próprias das regiões, cheias de pureza, ingenuidade, poesia e inspiração. [...]",D05 - Identificar o tema ou assunto de um texto.,Qual é o assunto desse texto?,c,A origem das festas juninas.,"['A importância das fogueiras.', 'A necessidade da boa colheita. ', 'A origem das festas juninas.', 'A preparação para o casamento.']",7° ano,SPAECE,Avaliação paraná
Sabores que vêm do cérebro,"Você já ouviu a frase: “rapadura é doce, mas não é mole não”? Essa é uma expressão popular da língua portuguesa para mostrar que tudo tem dois lados – assim como a rapadura, que, embora seja doce, é dura à beça! Mas para a gente perceber, por exemplo, que algo tem um sabor doce e, ao mesmo tempo, é difícil de mastigar quem entra em ação é… o cérebro. E você achava que essa percepção era feita pela língua, hein? [...] A rapadura, você deve conhecer, é um doce feito da cana-de-açúcar que é muito, mas muito doce mesmo! Quem percebe toda essa doçura não é a língua. Ela e outras partes do corpo envolvidas na nossa digestão trabalham para enviar informações ao cérebro – ele, sim, é quem reconhece o sabor. Mas que partes do corpo são essas? Bem, tem a língua, o palato (também conhecido como “céu da boca”) e a faringe, órgão que faz parte dos sistemas digestório e respiratório ao mesmo tempo. Cada um dos três – língua, palato e faringe – tem seus receptores sensoriais para reconhecer os estímulos de um alimento e mandar as informações ao cérebro, que, numa fração de segundos, traduz o sabor. [...]",D05 - Identificar o tema ou assunto de um texto.,Qual é o tema desse texto?,c,O processo de reconhecimento dos sabores pelo cérebro.,"[' A digestão dos alimentos doces pelo corpo humano.', 'A fabricação de um doce a partir da cana-de-açúcar.', 'O processo de reconhecimento dos sabores pelo cérebro.', 'O uso de uma expressão popular na língua portuguesa.']",8° ano,SPAECE,Avaliação paraná
Taxista roda gratuitamente aos inais de semana entregando compra a idosos,"Um taxista trocou as corridas do final de semana para ajudar idosos que não têm como ir ao supermercado. Iqbal Alimohd, de 69 anos, recolhe os pedidos durante toda a semana em Calgary, no Canadá, e, no sábado pela manhã, vai ao mercado fazer as compras. Depois, Iqbal realiza todas as entregas e não cobra nada por isso. O taxista já faz essa boa ação há 15 anos e disse que não tem pretensão de parar. Para ele, realizar as entregas é um papel de cidadania, servindo à comunidade. Apesar de ter iniciado o projeto sozinho, Iqbal hoje conta com a ajuda da esposa, Mumtaz, e dos dois filhos, Faisal e Yasin. A mulher fica responsável por anotar todas as listas de compras e separar os pedidos para entrega. Já os dois filhos acompanham o pai ao mercado para retirar os itens. ""É um compromisso tão importante que, sempre que queremos viajar ou ir a qualquer lugar, ele [o taxista] diz: 'Bem, o que meus velhinhos vão fazer no sábado?'"", conta Faisal.",D05 - Identificar o tema ou assunto de um texto.,O assunto desse texto é,a,a entrega gratuita de mercadorias realizada por um taxista.,"['a entrega gratuita de mercadorias realizada por um taxista.', 'a qualidade de vida das pessoas em idade avançada.', 'o método utilizado por um mercado para separar as compras.', 'o tipo de público que costuma frequentar os mercados.']",8° ano,SPAECE,Avaliação paraná
O celular está destruindo nossa memória,"O Instagram recebe 95 milhões de fotos por dia. São 1.100 novas imagens no sistema a cada segundo. Isso sem falar nos outros bilhões de cliques armazenados na memória dos celulares e que nunca verão a luz do dia. Nunca se fotografou tanto, claro. No início do século 21, ainda estávamos presos à quantidade de fotos que cabiam num rolo de filme – o rolo podia abrigar 12, 24 ou 36 imagens. Logo, o momento de tirar uma foto era especial. E poucos se aventuravam a esticar o braço e tirar uma foto da própria cara. A chance de dar ruim era gigantesca. As câmeras digitais acabaram com a limitação de poses. [...] E tome foto. De tudo. De todos. Só tem um problema: esse hábito pode estar acabando com as nossas vidas – pelo menos com a forma como nos lembramos das nossas vidas. E pode estar distorcendo nossas personalidades também. [...] Quando você vive com uma câmera fotográfica de capacidade virtualmente infinita no bolso, a tendência é que você se preocupe mais em registrar momentos do que em prestar atenção neles. Aí complica. “Prestar atenção é fundamental para codificar informações na memória”, diz a italiana Giuliana Mazzoni, professora de psicologia da Universidade de Hull, no Reino Unido [...]. Para Giuliana Mazzoni, a era da fotografia instantânea também pode ter reverberações em nossa personalidade. “As selfies e poses são planejadas, não têm naturalidade”, ela diz. “Se a gente se basear fortemente em fotos ao nos lembrarmos do passado, poderemos criar uma identidade própria distorcida com base na imagem que desejamos promover para os outros.” Por via das dúvidas, vale lembrar: sua memória talvez agradeça se você parar e dar uma boa olhada no que vai fotografar antes de efetivamente apertar o botão. [...]",D05 - Identificar o tema ou assunto de um texto.,O assunto tratado no texto é:,b,Os problemas causados pelo hábito excessivo de fotografar.,"['O uso excessivo de selfies está distorcendo nossa personalidade.', 'Os problemas causados pelo hábito excessivo de fotografar.', 'O fim da limitação de poses pelas câmeras digitais.', 'O processo evolutivo na forma de fotografar.\r']",8° ano,SPAECE,Avaliação paraná
Que tal criar um projeto nas férias?,"Kaciane Caroline tem dez anos, mora numa cidade do interior de São Paulo, vai à escola, faz lição de casa, brinca. Tem uma coisa que ela adora fazer: ler. Já leu um montão de livros (mais de 500!), quer ler mais, e ainda tem vontade de incentivar outras pessoas a também gostar dos livros. Para isso, Caroline teve a ideia de montar uma biblioteca no quintal de casa. Olha que coisa mais interessante: a menina conseguiu a ajuda de empresas da cidade, da escola, de colegas e de várias pessoas da comunidade. Com isso, seus pais puderam construir um local para lotar de livros. E deu certo! Hoje, o lugar funciona com mais de 4.000 obras e, durante três horas por dia, sempre no período da tarde, quem quiser pode ir lá e pegar um livro emprestado, assim como acontece em qualquer biblioteca. Mas Caroline quer mais. Está fazendo uma vaquinha pela internet para tornar a biblioteca dela profissional. E se você aproveitasse suas férias para, além de brincar, dormir, brincar ainda mais, ficar sem fazer nada e passear, também pensar em um projeto bem legal? [...] A garota da biblioteca é um exemplo para todas as crianças. Ela conseguiu fazer um gosto dela ser também o gosto de muitos outros. Ela é uma menina generosa, criativa e ativa. E todas as crianças, inclusive você, podem ser assim também. [...]",D05 - Identificar o tema ou assunto de um texto.,O assunto do texto lido é,c,a montagem de uma biblioteca por uma menina.,"['a menina que gosta de leituras.\r', 'a leitura e as brincadeiras nas férias.\r', 'a montagem de uma biblioteca por uma menina.', 'a elaboração de projetos e atividades nas férias.']",8° ano,SPAECE,Avaliação paraná
Água cidadã,"A gente tem um monte de direitos, os animais também têm, mas e a água, será que ela tem direitos também? Tem sim, e graças à ONU! A Organização das Nações Unidas criou um documento chamado Declaração Universal dos Direitos da Água! Ele tem 10 parágrafos, todos explicando como ela é importante para o nosso planeta! O primeiro item diz, logo de cara, que a água é patrimônio do planeta, e que cada povo e cada nação são responsáveis por ela! Já o parágrafo 7 diz claramente que a água não deve ser desperdiçada, nem poluída e nem envenenada! Puxa, seria legal se todo mundo respeitasse essa declaração, né?",D05 - Identificar o tema ou assunto de um texto.,O assunto desse texto é,a,a Declaração Universal dos Direitos da Água.,"['a Declaração Universal dos Direitos da Água.', 'a Organização das Nações Unidas.', 'o direito do cidadão.', 'o respeito aos animais.\r']",8° ano,SPAECE,Avaliação paraná
Ipojuca recebe projeto de cinema itinerante com sessões gratuitas,"Serão exibidas comédias e filmes infantis nesta quarta, na quinta e sexta. Cine em Cena Brasil vai ocorrer em praça de Nossa Senhora do Ó. O Cine em Cena Brasil chega [...] para exibir longas-metragens de graça à população. O caminhão do projeto vai estacionar na Praça de Eventos Nossa Senhora do Ó, distrito de Ipojuca, e [...] vai rodar filmes de comédia e animações infantis em 3D. Estão na programação “Se Puder... Dirija!”, [...] “SOS Mulheres ao Mar”, [...] “Malévola” [...] e “Frozen – Uma Aventura Congelante” [...]. As sessões têm vagas para 225 pessoas. O projeto [...] renova a proposta de cinema itinerante.",D05 - Identificar o tema ou assunto de um texto.,O assunto desse texto é,c,o projeto que exibe filmes gratuitos para a população.,"['a qualidade das animações infantis em 3D.', 'as vagas disponíveis para cada sessão de cinema.', 'o projeto que exibe filmes gratuitos para a população. ', 'os tipos de filmes preferidos das crianças.']",8° ano,SPAECE,Avaliação paraná
"Sonda da Nasa pousa em Marte com sucesso para missão em “antigo lago”
","Na tarde desta quinta-feira, às 17h55 (horário de Brasília), a sonda Perseverance aterrissou em Marte após realizar com sucesso os “sete minutos de terror”, momento mais crítico de toda a viagem que começou em julho de 2020. É durante esse curto espaço de tempo que a NASA perde o sinal da sonda, que inicia sua entrada e descida na atmosfera do planeta vermelho, realizando manobras bastante complicadas. Para pousar com segurança na paisagem acidentada do planeta, foi utilizada a tecnologia de Navegação Relativa ao Terreno, uma das mais modernas e pela primeira vez em ação, com um sistema de piloto automático. Agora, a Perseverance vai explorar a atmosfera e o solo de Marte, coletando inclusive amostras de rochas para análises posteriores, pelo período de um ano marciano, ou seja, 687 dias terrestres. O prazo pode variar para mais ou para menos. O pouso aconteceu na cratera de Jezero, que tem cerca de 45 km de diâmetro [...]. Mas o Perseverance não está sozinho! Ainda em operação no planeta vermelho temos o robô Curiosity, que pousou na cratera de Gale em 2012, também tentando encontrar sinais de vida passada em Marte. [...]",D05 - Identificar o tema ou assunto de um texto.,O tema desse texto é,a,a aterrissagem bem-sucedida da sonda Perseverance em Marte,"['a aterrissagem bem-sucedida da sonda Perseverance em Marte', 'a extensão do diâmetro de uma cratera marciana chamada Jezero.', 'a forma como a sonda Perseverance analisa as amostras de rochas.', 'a tentativa do robô Curiosity de encontrar sinais de vida passada em Marte.']",9° ano,SPACE,Avaliação paraná
Astronautas compartilham progresso do crescimento de plantas no espaço,"Realizar pesquisas no espaço não é uma tarefa simples. Além das várias questões técnicas envolvidas no processo, os astronautas da Estação Espacial Internacional [...] precisam lidar com um desafio emocional: a saudade de casa. E, para enfrentar esse problema, um dos recursos utilizados são as plantas. Michael Hopkins, comandante da Crew-1, missão da Nasa e da SpaceX, explica que as plantas representam uma conexão com a Terra e, por isso, ele dedica parte do seu tempo à função de “jardineiro espacial”. Apesar de ter um valor sentimental para Hopkins, a ação também é importante do ponto de vista científico e contribui para experimentos da agência espacial estadunidense. Conhecido como Sistema de Produção Vegetal (ou Veggie), o programa da Nasa tem como objetivo estudar o crescimento de plantas sob microgravidade. A vantagem é clara: fornecer alimentos frescos aos astronautas e aprimorar o bem-estar psicológico da equipe durante a estadia no laboratório orbital. Em fevereiro, Hopkins iniciou os experimentos VEG-03K e VEG-03L e foi no mês de abril que os resultados surgiram. Foram testadas sementes de “Extra Dwarf Pak Choi” e “Amara Mustard”, que cresceram por 64 dias – o maior período já registrado na Estação Espacial Internacional para folhas verdes. [...] “Para nós, essa é uma missão cumprida”, afirma, em nota, Matt Romeyn, cientista que participa do projeto a partir do Kennedy Space Center, nos Estados Unidos. [...] O sucesso dos experimentos também traz boas notícias para as próximas missões. No caso das frutas, que deverão chegar ao espaço ainda esse ano, é necessário que haja uma polinização similar à realizada por Hopkins. Além disso, sementes de tomate serão enviadas em 2022. [...]",D05 - Identificar o tema ou assunto de um texto.,O tema desse texto é,d,o tempo gasto para o desenvolvimento de vegetais.,"['a dificuldade da realização de pesquisas no espaço.', 'a importância do consumo de alimentos frescos.', 'o sucesso de um projeto realizado por astronautas.', 'o tempo gasto para o desenvolvimento de vegetais.']",9° ano,SPACE,Avaliação paraná
"Como surgiu a ideia de andar a cavalo?
","Não se sabe exatamente quando o homem começou a andar a cavalo. Mas é certo que, após a domesticação do animal, muita coisa mudou na sociedade. Os cavalos passaram a auxiliar na agricultura, a servir como meio de transporte. Já a arte de competir em saltos com cavalos teve origem no século 19 [...]. ""Por meio do manejo do cavalo, o homem das estepes atingiu uma organização socioeconômica de grande sucesso. Pastoreando os cavalos, os nômades administraram melhor os recursos disponíveis e evitaram as correrias desenfreadas que, frequentemente, terminavam com suas barrigas vazias"", diz o pesquisador Bjarke Rink em Desvendando o Enigma do Centauro.",D05 - Identificar o tema ou assunto de um texto.,Qual é o tema desse texto?,b,A origem do ato de montar cavalos.,"['A domesticação de espécies animais.', 'A origem do ato de montar cavalos.', 'Os métodos de plantio na agricultura.', 'Os tipos de meio de transporte existentes.']",9° ano,SPACE,Avaliação paraná
-,"A forma mais usada no mundo é o “hahaha”, que simula o som produzido pela risada. Suas variações, como o “hehehe”, também são bastante disseminadas. Isso não impede que alguns países tenham sua própria versão, como jajaja (nações de língua espanhola), (Grécia) e wakaka (Indonésia), dependendo de como pronunciam o som de “R”. Em alguns lugares, é importante que a risada seja precedida de uma ou duas outras letras: “ahaha” na Itália, [...] e na Ucrânia, por exemplo. Países de língua inglesa também usam o LOL, que significa “laughing out loud” (“rindo alto”). A sigla foi utilizada pela primeira vez nos anos 80.",D05 - Identificar o tema ou assunto de um texto.,Qual é o assunto desse texto?,a,Como a risada é escrita em várias línguas na internet,"['Como a risada é escrita em várias línguas na internet', 'A pronúncia do “R” na Indonésia.\r', 'A origem da expressão hahaha.', 'Quando as gírias virtuais foram usadas pela primeira vez.']",9° ano,SPACE,Avaliação paraná
Como é feito o leite em pó?,"O leite em pó é uma forma moderna de consumo de leite, que, desidratado, tem sua longevidade estendida. O leite em pó é feito a partir da secagem do leite comum. Para extrair a água, que compõe cerca de 90% da massa do leite, as fábricas fazem-na evaporar num processo lento, que não estraga as proteínas do produto. Primeiro, o leite escorre em paredes metálicas verticais aquecidas a 77 °C, porque o líquido não pode ser fervido. Nessa etapa, evapora até 50% da água, e o leite fica pastoso. O produto concentrado segue então para uma máquina que borrifa minúsculas gotículas contra um jato de ar quente a 180 °C. Um rápido contato é o suficiente para fazer com que o restante da água evapore, e as gotículas de leite se transformem em grãos de leite seco. Então, o leite é separado em diferentes fases: flocos, granulado e pulverizado. Este leite em pó pode apresentar-se com diferentes teores de gordura, conforme o leite utilizado tenha a gordura natural do leite, seja parcialmente desnatado ou seja magro. De qualquer forma, a proteína do leite em pó é a mesma que no leite líquido, com valores próximos de 30 – 35%, o que faz um alimento extremamente interessante. 1kg de leite em pó, adicionado com água, permite obter 6 – 7 litros de leite recombinado.",D05 - Identificar o tema ou assunto de um texto.,Esse texto fala sobre a,d,maneira de produzir leite em pó.,"['comparação entre os tipos de leite.', 'composição de proteínas no leite em pó.', 'gordura contida no leite desidratado.', 'maneira de produzir leite em pó.']",9° ano,SPACE,Avaliação paraná
Ipojuca recebe projeto de cinema itinerante com sessões gratuitas,"Serão exibidas comédias e filmes infantis nesta quarta, na quinta e sexta. Cine em Cena Brasil vai ocorrer em praça de Nossa Senhora do Ó. O Cine em Cena Brasil chega [...] para exibir longas-metragens de graça à população. O caminhão do projeto vai estacionar na Praça de Eventos Nossa Senhora do Ó, distrito de Ipojuca, e [...] vai rodar filmes de comédia e animações infantis em 3D. Estão na programação “Se Puder... Dirija!”, [...] “SOS Mulheres ao Mar”, [...] “Malévola” [...] e “Frozen – Uma Aventura Congelante” [...]. As sessões têm vagas para 225 pessoas. O projeto [...] renova a proposta de cinema itinerante.",D05 - Identificar o tema ou assunto de um texto.,O assunto desse texto é,c,o projeto que exibe filmes gratuitos para a população.,"['a qualidade das animações infantis em 3D.\r', 'as vagas disponíveis para cada sessão de cinema.', 'o projeto que exibe filmes gratuitos para a população. ', 'os tipos de filmes preferidos das crianças.']",9° ano,SPACE,Avaliação paraná
Caçadora de gigantes,"Bárbara Thorson é uma garota rebelde e solitária que prefere o mundo de calabouços e dragões ao mundo real. Ao passar por uma série de maus tratos na escola, seu comportamento muda e a vida que sempre imaginou se torna real. Logo ela se vê enfrentando seus medos da pior maneira e fica obcecada com o que acredita ser sua missão: matar gigantes. PAÍS DE ORIGEM: BÉLGICA/CHINA/EUA/GRÃ-BRETANHA/ ANO DE PRODUÇÃO: 2018 GÊNERO: DRAMA, FANTASÍA, SUSPENSE DURAÇÃO: 106 CENSURA: 10",D05 - Identificar o tema ou assunto de um texto.,Esse texto fala sobre,c,o resumo de um filme.,"['o elenco de um filme', 'o gênero dos filmes', 'o resumo de um filme.', 'os filmes dramáticos.']",9° ano,SPAECE,Simulado 01 SPAECE
Do que é feito o iogurte?,"O iogurte é um alimento amplamente consumido por jovens e adultos, seja puro ou com açúcar, mel ou frutas. Apesar disso, muitas pessoas não sabem como esse produto é feito e imaginam apenas que há leite, açúcar e alguns frutos. O que muitos não sabem é que, além desses produtos, existem bactérias! [...] As bactérias também são importantes para a fabricação de alimentos, tais como os iogurtes, queijos, coalhadas e vinagres; na produção de insulina, que é usada no tratamento de diabetes, e até em tratamentos estéticos, como o Botox. [...] No que diz respeito ao iogurte, elas são usadas para transformar o açúcar encontrado no leite (lactose) em ácido lático, que é responsável por coagular o leite. Esse processo é conhecido como fermentação. Basicamente, duas bactérias são usadas no processo de fabricação de iogurtes, a Lactobacillus bulgaricus e a Streptococcus thermophilus. A primeira está mais relacionada com a cremosidade e o cheiro do iogurte, enquanto o Streptococcus thermophilus está mais relacionado com a fermentação. O iogurte, além de saboroso, possui várias outras qualidades. Os lactobacilos usados em sua produção são importantes, por exemplo, contra doenças do intestino. Além disso, alguns estudos comprovam que o iogurte diminui o mau hálito e é uma boa fonte de cálcio, auxiliando, assim, no combate à osteoporose e à hipertensão (pressão alta). Sem falar que o iogurte é uma grande fonte de vitaminas",D05 - Identificar o tema ou assunto de um texto.,Esse texto fala principalmente sobre,d,o modo como é produzido o iogurte.,"['as receitas produzidas a partir do iogurte.', 'o consumo de iogurte na alimentação dos jovens.', 'o leite e seus benefícios na saúde das pessoas.', 'o modo como é produzido o iogurte.']",9° ano,SPAECE,Simulado 01 SPAECE
Onde judas perdeu as botas,"A expressão “onde Judas perdeu as botas” é usada para designar um lugar distante, desconhecido e inacessível. Existe uma história não comprovada a qual relata que após trair Jesus, Judas se enforcou em uma árvore sem nada nos pés, já que havia posto o dinheiro que ganhara por ter entregue o mestre dentro de suas botas. Ainda segundo o conto popular, quando os soldados viram que Judas estava sem seus sapatos, saíram desesperados em busca dos calçados e do dinheiro ali depositado (cerca de 30 moedas de ouro). No entanto, diz a lenda que ninguém achou, nem sequer ficou sabendo do paradeiro das botas de Judas. Foi por meio desta fantasiosa história que o termo “onde Judas perdeu as botas” surgiu e se transformou em uma expressão popular.",D05 - Identificar o tema ou assunto de um texto.,Qual é o assunto desse texto?,b,A origem de uma expressão popular,"['A história da traição de Judas', 'A origem de uma expressão popular', 'O paradeiro das botas de Judas', 'O surgimento de parábolas bíblicas.']",9° ano,SPAECE,Simulado 01 SPAECE
-,"Em época de Natal, os pais enchem as lojas para atender os desejos dos filhos [...]. Esta cena não é comum somente no mês de dezembro. Os excessos quanto aos pedidos das crianças acontecem frequentemente, e isto se deve à forte influência que o consumo exerce sobre as crianças. Uma forma de lidar com esse aspecto é a orientação que os pais podem oferecer o quanto antes, esclarecendo que o importante é a personalidade do indivíduo, e não aquilo que ele consome. [...] Os shoppings possuem uma estrutura que fascina as crianças. As lojas de brinquedos, o parque, as cores e as luzes as atraem. O ser humano tem uma grande necessidade de aceitação, de pertencer a um grupo, e o ato de consumir seria uma forma de inserção social, ou seja, para vivenciar este sentimento de pertença, a criança “necessita” adquirir determinado brinquedo, certas marcas de tênis e roupas e até fazer alguns passeios que são interessantes para o seu grupo. Os pais e a escola podem ensinar a criança a consumir com consciência e responsabilidade. Considerando a qualidade do produto e as necessidades a fim de não desperdiçar e sim de economizar. Quando o pai é consumista, tem grande possibilidade de ter um filho também consumista. Se o pai é econômico, planeja e investe naquilo que é fundamental, consegue passar esses valores para o filho. [...]",D05 - Identificar o tema ou assunto de um texto.,Qual é o assunto principal desse texto?,a,A influência do consumo na vida das crianças.,"['A influência do consumo na vida das crianças.', 'A responsabilidade dos pais e da escola sobre o consumo infantil.', 'O consumo como uma forma de inserção social.\r', 'O consumismo em época de Natal. ']",9° ano,SPAECE,Simulado 01 SPAECE
A invasão dos blábláblás,"O planeta é dividido entre as pessoas que falam no cinema – e as que não falam. É uma divisão recente. Por décadas, os falantes foram minoria. E uma minoria reprimida. Quando alguém abria a boca na sala escura, recebia logo um shhhhhhhhhhhhh. E voltava ao estado silencioso de onde nunca deveria ter saído. Todo pai ou mãe que honrava seu lugar de educador ensinava a seus filhos que o cinema era um lugar de reverência. [...] [...] Pertenço, desde sempre, às fileiras dos silenciosos. Anos atrás, nem imaginava que pudesse haver outro comportamento além do silêncio absoluto no cinema. Assim como não imagino alguém cochichando em qualquer lugar onde entramos com o compromisso de escutar. Não é uma questão de estilo, de gosto. Pertence ao campo do respeito, da ética. Cinema é a experiência da escuta [...] mas nós não falamos uns com os outros. No cinema, só quem fala são os atores do filme. Nós calamos para que eles possam falar. Nossa vida cala para que outra fale. Isso era cinema. Agora mudou. É estarrecedor, mas os blábláblás venceram. Tomaram conta das salas de cinema. E, sem nenhuma repressão, vão expulsando a todos que entram no cinema para assistir ao filme sem importunar ninguém. [...]",D05 - Identificar o tema ou assunto de um texto.,Esse texto trata principalmente,b,das pessoas que falam no cinema.,"['das mudanças ocorridas no ambiente cinematográfico.', 'das pessoas que falam no cinema.', 'dos filmes exibidos no cinema.\r', 'dos tipos de conversas ouvidas no cinema']",9° ano,SPAECE,Simulado 01 SPAECE
Jogos eletrônicos para crianças,"Na era tecnológica em que vivemos, o mundo digital está integrado em nosso dia-a-dia. Os aparelhos eletrônicos são parte essencial da vida de todos, e entram cada vez mais cedo na vida das crianças. [...] Muito mais do que diversão, os jogos eletrônicos podem ser verdadeiros exercícios para o corpo e a mente. O destaque principal vai para o aprimoramento da coordenação motora: manipular o “joystick” melhora a coordenação motora fina, desenvolvendo a capacidade de movimentos delicados e sensíveis [...] Controlar um personagem dentro de uma realidade virtual é um constante exercício de lógica e de assimilação de novos padrões. Os videogames são uma verdadeira “academia para o cérebro”, e são campeões em aumentar a agilidade de raciocínio. Quem se dedica aos games treina o cérebro para pensar rápido e para lidar com adversidades instantâneas [...] É preciso ter olhos atentos para acompanhar tudo o que acontece na telinha – e é justamente por isso que os games são grandes exercícios de visão. Além de aguçar a visão e potencializar a capacidade cerebral de prestar atenção em vários eventos ao mesmo tempo.",D05 - Identificar o tema ou assunto de um texto.,O texto fala principalmente sobre,c,os benefícios dos jogos eletrônicos.,"['a coordenação motora das crianças', 'o avanço da tecnologia no mundo moderno.', 'os benefícios dos jogos eletrônicos.\r', 'os males causados pelo uso de videogames.\r']",9° ano,SPAECE,Simulado 01 SPAECE
-,"A expressão “chorar as pitangas”, usada no Brasil para designar o ato de chorar, lamentar ou reclamar se originou a partir de uma adaptação do antigo vocábulo português “chorar lágrimas de sangue”. Como pitanga é uma palavra de origem indígena que significa vermelho, os índios fizeram uma espécie de analogia entre a fruta e o sangue, concebendo assim a ideia por trás da expressão que conhecemos hoje em dia, isto é, de alguém que chora tanto até seus olhos ficarem avermelhados. No entanto, embora tal tese seja a mais provável para explicar a origem do termo, não é a única. Alguns alegam que o vocábulo ‘pitang’ na língua guarani significaria menino, criança, e que a expressão ‘chorar as pitangas’ teria surgido por meio de outra analogia: a de alguém chorando como criança, ou seja, demasiadamente.",D05 - Identificar o tema ou assunto de um texto.,Qual é o assunto desse texto?,a,A origem do termo “chorar as pitangas”,"['A origem do termo “chorar as pitangas”', nan, 'As trocas culturais entre portugueses e indígenas.', 'O cultivo da pitanga pelo povo indígena.']",9° ano,SPAECE,Simulado 01 SPAECE
Tieta do Agreste,"[...] AINDA DE LONGE, ANTES DE TRANSPOR A PORTA DOS CORREIOS, Elisa lê, na atitude de dona Carmosina, a comprovação do que já sabia com certeza: a carta não chegara. Faz­se mais pálida a face de Elisa, os pés de chumbo, a voz inarticulada, quase um gemido: – Nada? [...] dona Carmosina indica a correspondência do dia, escassa, espalhada no balcão: – Nada! Hoje não veio nenhuma carta registrada. [...] – Que demora, hein? Em todos esses anos, nunca atrasou tanto… – Mais de dez anos… – gemeu Elisa. – Onze anos e sete meses – corrigiu dona Carmosina, escrupulosa nos detalhes. – Inda me lembro da primeira carta, como se fosse hoje. Quando abri o saco, senti logo o cheiro, naquele tempo ela usava um perfume mais forte que o de agora, encheu a sala. Que carta será essa?, perguntei a mim mesma e li correndo o sobrescrito e o nome do remetente. Estava dirigida a seu pai ou a qualquer membro da família Esteves e quem enviava era Antonieta Esteves [...].",D03 - Inferir o sentido de uma palavra ou expressão.,"No texto, no trecho: “[...] dona Carmosina indica a correspondência do dia, escassa, espalhada no balcão:...” a palavra ""escassa"" foi utilizada com o mesmo sentido de",a,pouca.,"['pouca.', 'finita.', 'miúda.', 'precária.']",9° ano,SPACE,Avaliação paraná
Dicionário de formas,"Era uma vez eu, Zé Sorveteiro, que me apaixonei por uma princesa que acabara de chegar do outro lado da Terra. Bolei para ela um dicionário de quatro palavras: bola, quadrado, retângulo, triângulo. Japonês se escreve com desenhos. Com desenhos a princesa aprenderia português! [...] Ia até meu carrinho e pedia, desenhando no ar: – Triângulo-bola. Sorvete na casquinha! O dicionário funcionava às maravilhas. Eu? Mandava bilhetes. Desenhava um quadrado com um triângulo em cima e escrevia: casa!!! Caprichava nos pontos de exclamação. Casa!!! Casa!!! Fácil de entender: casa comigo. Mas toda princesa tem uma fera para encontrar bilhetes. Uma hora a fera mandou me chamar. Aí… Aí eu transformei ponto de exclamação em sinal de aguaceiro: – Um traço com um pingo é chuva. Três -!!! – muita chuva. Casa, chuva, chuva, chuva. Estou só avisando… Cuidado com goteiras. [...] Hoje, 60 anos depois, repito, valeu a pena. E lá vou eu apanhar uns triângulos vermelhos para a minha rainha arrumar no triângulo do retângulo do quadrado da frente. Perfeito. Daqui a pouco a jarra da mesa da sala estará toda perfumada com os… Como é mesmo? Vá lá! Com os triângulos vermelhos.",D03 - Inferir o sentido de uma palavra ou expressão.,"Nesse texto, a palavra “bolei” significa",d,inventar.,"['enrolar.', 'estar confuso.', 'ficar preocupado.', 'inventar.']",9° ano,SPACE,Avaliação paraná
Viva – A vida é uma festa,"Beatriz C. Os personagens, cores, expressões, texto e a linda canção me encantaram, ao ponto de chorar com a canção. [...] A história sobre a família do Miguel é linda demais, passa como é importante acreditar um nos outros, independente de situações passadas que puderem acontecer, além [...] de dar motivações aos pequenos e adultos a correr atrás daquilo que de fato é uma vocação. Amei e verei de novo! \o/ “Lembre de mim, se esforce pra sorrir”",D03 - Inferir o sentido de uma palavra ou expressão.,"Nesse texto, no trecho “... verei de novo!”, a palavra ""verei"" significa",a,assistir.,"['assistir.', 'confirmar.', 'reparar.', 'visitar.']",6° ano,SPAECE,Avaliação paraná
Gari “pé-de-valsa” faz sucesso ao som de marcantes em Belém,"Cada um sente a música de um jeito diferente. [...] Música é vida e é bem-vinda em qualquer ocasião. Foi seguindo essa ideia que uma cena bastante inusitada ganhou as redes sociais nas últimas horas desta sexta-feira (8). Um gari, verdadeiro “pé-de-valsa”, chamou atenção pelo gingado e habilidade demonstrados ao som do clássico “Você me perdeu”, de Billy & Fábio. Quem passava pela avenida [...] inevitavelmente ficava encantado pela forma como o jovem conduzia sua parceira de dança na pequena calçada. “Chamou uma de nossas alunas para dar um show. E ela, como sempre, não perde a oportunidade de uma boa dança”, explica o autor do vídeo. Em outro momento do registro, é possível ver o dançarino, até então, desconhecido, com o seu aparelho de som pendurado nos ombros, escolhendo uma boa música para se apresentar",D03 - Inferir o sentido de uma palavra ou expressão.,"Nesse texto, no trecho “... ganhou as redes sociais...” a palavra ""ganhou"" significa",a,conquistar.,"['conquistar.', 'lucrar.', 'recuperar.', 'vencer.']",6° ano,SPAECE,Avaliação paraná
Frozen: Confira entrevista exclusiva com diretores da animação,"[...] Em entrevista exclusiva ao Cineclick, os diretores contaram detalhes sobre a produção da primeira estreia da Disney do ano [...]. Cineclick: Frozen foi inspirado em A Rainha da Neve, conto de Christian Andersen. Quais foram os desafios de recriar um conto tão famoso? Jennifer Lee: […] Nos inspiramos na história, mas tomamos a liberdade de adaptar para algo mais compatível com o nosso tempo. Cineclick: A trama mostra […] uma história sobre vínculos familiares. [...] O assunto é uma nova prioridade para o mundo das animações? Chris Buck: Não acho que o tema família seja algo novo para as animações porque sempre foi algo importante para todos e naturalmente é importante para este filme também. Nesta história, Anna representa o amor e Elsa, o medo. O que as mantém próximas como deve ser uma família é o fato de Anna nunca desistir da irmã, ela está disposta a enfrentar o que for preciso para salvar seu reino e acabar com esse medo que vive dentro de Elsa. […]",D03 - Inferir o sentido de uma palavra ou expressão.,"Nesse texto, a palavra “trama” significa",b,narrativa.,"['confusão.', 'narrativa.', 'tecido.', 'teia.']",6° ano,SPAECE,Avaliação paraná
"Filme produzido em MT alerta sobre as consequências do desequilíbrio ambiental no
mundo","O filme “Operação Ozônio”, que foi produzido em Mato Grosso, será exibido nesta segundafeira (29), no Cine Teatro Cuiabá. [...] O filme surgiu na sala de aula, em Primavera do Leste, a 244 km de Cuiabá. [...] A história começa em 2050, quando sete crianças voltam no tempo até o ano de 2021. O objetivo deles é auxiliar os pais, que neste momento ainda estão na infância, a proteger o meio ambiente. As emoções estão além das telas. Durante as filmagens, o diretor Bellamir Freire conta que viu os atores e seus pais sonharem juntos e se emocionarem. “O que achei incrível foi acompanhar a emoção das crianças e dos pais delas durante as filmagens. Eles choravam, se emocionavam e sonhavam juntos”, conta. O filme foi gravado nos municípios de Chapada dos Guimarães, Barra do Garças, Primavera do Leste e no Pantanal Mato­grossense. [...]",D03 - Inferir o sentido de uma palavra ou expressão.,"Nesse texto, no trecho “O filme surgiu na sala de aula...” a palavra ""surgiu"" significa",b,nasceu.,"['chegou.', 'nasceu.', 'passou.', 'voltou.']",6° ano,SPAECE,Avaliação paraná
Lagosta “algodão­doce”: o que explica essa coloração rara?,"Um grupo de pescadores dos EUA1 , teve uma encantadora surpresa. Acostumados a fisgar os mais variados tipos de frutos do mar, eles mal podiam acreditar no que viam: uma lagosta azul cintilante. “Estávamos medindo e escolhendo lagostas e, de repente, esse brilho surgiu em uma das redes”, disse Bill Coppersmith em entrevista. [...] o crustáceo é avistado uma vez a cada quatro ou cinco anos. “É a primeira vez que vejo um pessoalmente”, disse Murrell. “Você coloca sob uma luz diferente, e é incrível. Ela realmente começa a brilhar.”. A razão para esse efeito “furta­cor” é provavelmente uma mutação genética 2 . No entanto, biólogos marinhos não descartam a possibilidade de haver relação com a alimentação do animal.",D03 - Inferir o sentido de uma palavra ou expressão.,"Nesse texto, no trecho: “Acostumados a fisgar...” a palavra ""fisgar"" significa",a,capturar.,"['capturar.', 'conquistar.', 'perceber.', 'segurar.']",6° ano,SPAECE,Avaliação paraná
O susto do periquito,"O Periquito Kito andava pela mata e procurava algo para comer. Encontrou muitas coisas gostosas, comeu muito e sentiu sono. Quando estava dormindo, acordou com uma chuva de coisas caindo em cima dele. Tomou um baita susto, começou a gritar e fugir, achando que era o fantasma da mata",D03 - Inferir o sentido de uma palavra ou expressão.,"Na frase “Tomou um baita susto,” a palavra “baita” significa",d,grande.,"['alto.', 'bobo.', 'dolorido.', 'grande.']",6° ano,SPAECE,Avaliação paraná
Calor,"O verão chegou com tudo e, junto com ele, uma onda de calor [...]. Por mais que essa seja a época de aproveitar os dias mais longos e pegar uma praia ou piscina, também é o momento em que precisamos estar atentos a alguns detalhes para não descuidar da saúde. 1) Nunca é demais lembrar: beba muita água para evitar a desidratação. A água ajuda a regular a temperatura do corpo, repõe os minerais e hidrata o organismo [...]. 2) Cuide da sua alimentação e prefira refeições leves. O ideal é consumir grandes quantidades de frutas e verduras da estação. 3) Tome quantos banhos você quiser e troque de roupas com frequência. 4)Evitecarregarmuitopesooufazeralgumesforçoforadocomumparanãosuarexcessivamente. 5) Outra opção para aplacar o calor é ter um borrifador cheio de água gelada sempre por perto. Espirre água no rosto e no corpo – a evaporação diminuirá a sensação de calor",D03 - Inferir o sentido de uma palavra ou expressão.,"No trecho “Outra opção para aplacar o calor...” a palavra ""aplacar"" significa",b,diminuir.,"['aproveitar.', 'diminuir.', 'modificar.', 'perturbar.']",6° ano,SPAECE,Avaliação paraná
Confusões do Seu José,"Seu José foi ao mercado comprar pra semana inteira pegou de tudo um pouco até uma enorme pereira Sem pensar como pagar continuou a gastança abacaxi, melancia e morango não era hora de fazer poupança Chegou na fila do caixa já meio de cabeça baixa não sabia onde estava o dinheiro teria esquecido no banheiro? Procurou por todo lado remexeu daqui e dali do bolso saiu tanta coisa pandeiro, alicate e jabuti Mas onde estava o dinheiro isso todos queriam saber de repente ele lembrou assim meio sem querer Deu um sorriso amarelo e levantou o boné sabia que tinha o dinheiro [...] O que ninguém esperava foi o que se viu então tinha 10 notas dobradas somando quase um milhão [...] Foi logo explicando o José O melhor é se prevenir Guardar na careca ou no pé.",D03 - Inferir o sentido de uma palavra ou expressão.,"No trecho “Deu um sorriso amarelo” a expressão ""sorriso amarelo"" indica que o homem sorriu",b,sem graça.,"['sem motivo.', 'sem graça.', 'debochado.', 'aberto.']",7° ano,SPAECE,Avaliação paraná
O celular está destruindo nossa memória,"No trecho: “Para Giuliana Mazzoni, a era da fotografia instantânea também pode ter reverberações em nossa personalidade.” a palavra ""reverberações"" tem o mesmo sentido deO Instagram recebe 95 milhões de fotos por dia. São 1.100 novas imagens no sistema a cada segundo. Isso sem falar nos outros bilhões de cliques armazenados na memória dos celulares e que nunca verão a luz do dia. Nunca se fotografou tanto, claro. No início do século 21, ainda estávamos presos à quantidade de fotos que cabiam num rolo de filme – o rolo podia abrigar 12, 24 ou 36 imagens. Logo, o momento de tirar uma foto era especial. E poucos se aventuravam a esticar o braço e tirar uma foto da própria cara. A chance de dar ruim era gigantesca. As câmeras digitais acabaram com a limitação de poses. [...] E tome foto. De tudo. De todos. Só tem um problema: esse hábito pode estar acabando com as nossas vidas – pelo menos com a forma como nos lembramos das nossas vidas. E pode estar distorcendo nossas personalidades também. [...] Quando você vive com uma câmera fotográfica de capacidade virtualmente infinita no bolso, a tendência é que você se preocupe mais em registrar momentos do que em prestar atenção neles. Aí complica. “Prestar atenção é fundamental para codificar informações na memória”, diz a italiana Giuliana Mazzoni, professora de psicologia da Universidade de Hull, no Reino Unido [...]. Para Giuliana Mazzoni, a era da fotografia instantânea também pode ter reverberações em nossa personalidade. “As selfies e poses são planejadas, não têm naturalidade”, ela diz. “Se a gente se basear fortemente em fotos ao nos lembrarmos do passado, poderemos criar uma identidade própria distorcida com base na imagem que desejamos promover para os outros.” Por via das dúvidas, vale lembrar: sua memória talvez agradeça se você parar e dar uma boa olhada no que vai fotografar antes de efetivamente apertar o botão. [...]",D03 - Inferir o sentido de uma palavra ou expressão.,"No trecho: “Para Giuliana Mazzoni, a era da fotografia instantânea também pode ter reverberações em nossa personalidade.” a palavra ""reverberações"" tem o mesmo sentido de",d,repercussões.,"['alterações.', 'motivações.', 'preocupações.', 'repercussões.']",8° ano,SPAECE,Avaliação paraná
Dicionário de formas,"Era uma vez eu, Zé Sorveteiro, que me apaixonei por uma princesa que acabara de chegar do outro lado da Terra. Bolei para ela um dicionário de quatro palavras: bola, quadrado, retângulo, triângulo. Japonês se escreve com desenhos. Com desenhos a princesa aprenderia português! [...] Ia até meu carrinho e pedia, desenhando no ar: – Triângulo-bola. Sorvete na casquinha! O dicionário funcionava às maravilhas. Eu? Mandava bilhetes. Desenhava um quadrado com um triângulo em cima e escrevia: casa!!! Caprichava nos pontos de exclamação. Casa!!! Casa!!! Fácil de entender: casa comigo. Mas toda princesa tem uma fera para encontrar bilhetes. Uma hora a fera mandou me chamar. Aí… Aí eu transformei ponto de exclamação em sinal de aguaceiro: – Um traço com um pingo é chuva. Três -!!! – muita chuva. Casa, chuva, chuva, chuva. Estou só avisando… Cuidado com goteiras. [...] Hoje, 60 anos depois, repito, valeu a pena. E lá vou eu apanhar uns triângulos vermelhos para a minha rainha arrumar no triângulo do retângulo do quadrado da frente. Perfeito. Daqui a pouco a jarra da mesa da sala estará toda perfumada com os… Como é mesmo? Vá lá! Com os triângulos vermelhos.",D03 - Inferir o sentido de uma palavra ou expressão.,"Nesse texto, a palavra “bolei” significa",d,inventar.,"['enrolar.', 'estar confuso.', 'ficar preocupado.', 'inventar.']",8° ano,SPAECE,Avaliação paraná
Patativa do Assaré,"Antônio Gonçalves da Silva, o Patativa do Assaré, nasceu na Serra de Santana, a 18 Km da cidade de Assaré, em 5 de março de 1909. Filho de Pedro Gonçalves da Silva e Maria Pereira da Silva, família pobre, perdeu o pai aos oito anos, passando a partir daí a trabalhar na roça para garantir o sustento da família. Logo que ingressou na escola, aos doze anos, passou a escrever poesia e produzir pequenos textos. [...] O nome “Patativa” surgiu devido à semelhança entre seu canto e o do pássaro Patativa, ave nordestina que possui um canto mavioso e singular, quando o jovem poeta tinha apenas vinte anos. Com um nome artístico, passou a viajar pela região cantando seus repentes e apresentando-se várias vezes na rádio Araripe. Patativa é considerado o gênio da literatura cearense [...].",D03 - Inferir o sentido de uma palavra ou expressão.,"Nesse texto, no trecho “...que possui um canto mavioso e singular...” o termo ""mavioso"" tem o mesmo sentido de",a,agradável.,"['agradável. ', 'fraco', 'irritante.', 'tímido.']",9° ano,SPAECE,Simulado 01 SPAECE
Dia da mentira,"Você já caiu em alguma brincadeirinha do Dia da Mentira? Sim? A prática de contar mentiras em um dia específico, por mais bizarras que sejam, é algo muito comum entre crianças. No entanto, os adultos também parecem adorar inventar uma lorota aqui ou ali. Quer um exemplo? Em 1957, a respeitadíssima rede de televisão britânica BBC mostrou uma matéria sobre determinadas árvores na Suíça que produziam macarrão. Dá pra acreditar? De fato, o Dia da Mentira surgiu no século XVI, na França, e foi fruto de um grande malentendido. Até tal século, os franceses seguiam o calendário Juliano. Conforme o mesmo, a comemoração do Ano Novo ocorreria no primeiro dia de Abril. Porém em 1564, o rei Carlos IX estabeleceu que a França deveria seguir o calendário Gregoriano, no qual o novo ano se iniciaria já em 1º de janeiro, como ocorre hoje em dia. O problema foi que alguns franceses não aceitaram a mudança. Além disso, naquela época as notícias andavam lentamente, pois não havia meios de rápida comunicação. Desta forma, muitas pessoas sequer ficaram sabendo da alteração estabelecida pelo rei.[...]",D03 - Inferir o sentido de uma palavra ou expressão.,"Nesse texto, no trecho “Você já caiu em alguma brincadeirinha...” a palavra ""caiu"" tem o sentido de",d,ser enganado.,"['desabar.', 'escorregar.', 'se divertir.', 'ser enganado.']",9° ano,SPAECE,Simulado 01 SPAECE
Eu não perco as esperanças nos jovens de hoje,"Às vezes, quando estou voando entre uma conferência e outra, vejo-me sentado perto de alguém que é muito conversador. Isso frequentemente é uma experiência agradável para mim, porque sou um inveterado observador do ser humano. Aprendo muito observando e ouvindo as pessoas que vejo todos os dias. [...] Infelizmente, há ocasiões em que sento perto de alguém que apenas deseja extravasar o seu mau humor ou impor as suas opiniões políticas...Em uma delas, fiquei sentado resignadamente, enquanto meu vizinho de poltrona começava a falar sobre a situação terrível do mundo, usando o clichê: — Você sabe como os jovens de hoje são... [...] Quando, aliviado, finalmente saí do avião e fui para o meu hotel, comprei o jornal local e fui jantar. Em uma página interna do jornal, estava um artigo que acho que deveria ter sido colocado na primeira página. Em uma cidadezinha de Indiana, havia um garoto de quinze anos que tinha um tumor cerebral. Ele estava sendo tratado com radioterapia e quimioterapia. Como resultado desses tratamentos, perdera todos os seus cabelos. Eu não sei quanto a vocês, mas sei como me teria sentido se aquilo tivesse acontecido comigo na sua idade – mortificado! Os colegas daquele jovem foram espontaneamente em seu socorro: todos os garotos da sua série pediram às suas mães que os deixassem raspar a cabeça para que Brian não fosse o único garoto careca na escola secundária. Ali, naquela página, estava a fotografia de uma mãe raspando a cabeça do filho, sob o olhar aprovador da família. Ao fundo, via-se um grupo de jovens igualmente carecas. Não, eu não perco as esperanças nos jovens de hoje",D03 - Inferir o sentido de uma palavra ou expressão.,"Nesse texto, no trecho “...usando o clichê...” o termo ""clichê"" significa",b,uma demonstração de mau humor,"['uma demonstração de mau humor', 'uma demonstração de mau humor', 'uma frase pouco utilizada.', 'uma situação desconfortável']",9° ano,SPAECE,Simulado 01 SPAECE
Dois amigos e um chato,"Os dois estavam tomando um cafezinho no boteco da esquina, antes de partirem para as suas respectivas repartições. Um tinha um nome fácil: era o Zé. O outro tinha um nome desses de dar cãibra em língua [...]: era o Flaudemíglio. Acabado o café o Zé perguntou: — Vais pra cidade? — Vou – respondeu Flaudemíglio, acrescentando: – Mas vou pegar o 434, que vai pela Lapa. Eu tenho que entregar uma urinazinha de minha mulher no laboratório [...] olhou para a fila do 474, que ia direto pro centro e, por isso, era a fila mais piruada. Tinha gente às pampas — Vens comigo? – quis saber Flaudemíglio. — Não — disse o Zé: – Eu estou atrasado e vou pegar um direto ao centro. — Então tá – concordou Flaudemíglio, olhando para a outra esquina e, vendo que já vinha o que passava pela Lapa: – Chi! Lá vem o meu... – e correu para o ponto de parada, fazendo sinal para o ônibus parar. Foi aí que, segurando o guarda-chuva, um embrulho e mais o vidrinho da urinazinha, foi aí que o Flaudemíglio se atrapalhou e deixou cair algo no chão. [...] O motorista [...] já ia botando o carro em movimento, não dando tempo ao passageiro para apanhar o que caíra. Flaudemíglio só teve tempo de berrar para o amigo: — Zé, caiu minha carteira de identidade. Apanha e me entrega logo mais. O 434 seguiu e Zé atravessou a rua, para apanhar a carteira do outro. Já estava chegando perto quando um cidadão magrelo e antipático e, ainda por cima, com um sorriso [...], apanhou a carteira de Flaudemíglio. — Por favor, cavalheiro, esta carteira é de um amigo meu – disse o Zé estendendo a mão. Mas o que tinha um sorriso [...] não entregou. Examinou a carteira e depois perguntou: — Como é o nome do seu amigo? — Flaudemíglio – respondeu o Zé. — Flaudemíglio de quê? – insistiu o chato. Mas o Zé deu-lhe um safanão e tomou-lhe a carteira, dizendo: — Ora, quem acerta Flaudemíglio não precisa acertar mais nada!",D03 - Inferir o sentido de uma palavra ou expressão.,"Nesse texto, a expressão “Tinha gente às pampas.” significa que tinha gente",b,demais.,"['bonita.', 'demais.', 'esperta.', 'estranha.']",9° ano,SPAECE,Simulado 01 SPAECE
Capítulo LIII,"Mr. Wickham ficou tão satisfeito com a conversação que nunca mais mencionou aquele assunto em presença de Elizabeth. Esta, por sua vez, ficou satisfeita de ter dito o suficiente para silenciá­lo. Breve chegou o dia da partida de Lydia. E Mrs. Bennet foi obrigada a se submeter à separação, que provavelmente duraria pelo menos um ano. – Oh, minha querida Lydia – exclamou ela –, quando nos tornaremos a ver? – Não sei. Daqui a dois ou três anos talvez. – Não deixe de me escrever sempre, meu bem. – Escreverei sempre que puder. [...] As despedidas de Mr. Wickham foram muito mais afetuosas do que as de sua mulher. Sorriu, fez pose, disse muitas coisas bonitas. [...] A perda da filha fez Mrs. Bennet ficar triste vários dias. – Muitas vezes penso – disse ela – que não há nada mais doloroso do que o fato de se separar dos amigos. A gente se sente tão abandonada… – A senhora deve compreender, mamãe, que isto é a consequência de casar uma filha – disse Elizabeth. – Deve ficar contente [...]",D01 - Localizar informações explícitas em um texto.,"Nesse texto, ao se despedir de Lydia, Mr. Wickham estava",c,afetuoso.,"['silencioso.', 'pensativo.', 'afetuoso.', 'introspectivo.']",9° ano,SPACE,Avaliação paraná
O laço e o abraço,"Mr. Wickham ficou tão satisfeito com a conversação que nunca mais mencionou aquele assunto em presença de Elizabeth. Esta, por sua vez, ficou satisfeita de ter dito o suficiente para silenciá­lo. Breve chegou o dia da partida de Lydia. E Mrs. Bennet foi obrigada a se submeter à separação, que provavelmente duraria pelo menos um ano. – Oh, minha querida Lydia – exclamou ela –, quando nos tornaremos a ver? – Não sei. Daqui a dois ou três anos talvez. – Não deixe de me escrever sempre, meu bem. – Escreverei sempre que puder. [...] As despedidas de Mr. Wickham foram muito mais afetuosas do que as de sua mulher. Sorriu, fez pose, disse muitas coisas bonitas. [...] A perda da filha fez Mrs. Bennet ficar triste vários dias. – Muitas vezes penso – disse ela – que não há nada mais doloroso do que o fato de se separar dos amigos. A gente se sente tão abandonada… – A senhora deve compreender, mamãe, que isto é a consequência de casar uma filha – disse Elizabeth. – Deve ficar contente [...]Meu Deus! Como é engraçado! Eu nunca tinha reparado como é curioso um laço... uma fita dando voltas. Enrosca-se, mas não se embola, vira, revira, circula e pronto: está dado o laço. É assim que é o abraço: coração com coração, tudo isso cercado de braço. É assim que é o laço: um abraço no presente, no cabelo, no vestido, em qualquer coisa onde o faço. E quando puxo uma ponta, o que é que acontece? Vai escorregando... devagarzinho, desmancha, desfaz o abraço. Solta o presente, o cabelo, fica solto no vestido. E, na fita, que curioso, não faltou nem um pedaço. Ah! Então, é assim o amor, a amizade. Tudo que é sentimento. Como um pedaço de fita. Enrosca, segura um pouquinho, mas pode se desfazer a qualquer hora, deixando livre as duas bandas do laço. Por isso é que se diz: laço afetivo, laço de amizade. E quando alguém briga, então se diz: romperam-se os laços. E saem as duas partes, igual meus pedaços de fita, sem perder nenhum pedaço. Então o amor e a amizade são isso... Não prendem, não escravizam, não apertam, não sufocam. Porque quando vira nó, já deixou de ser um laço!",D01 - Localizar informações explícitas em um texto.,"De acordo com o ínicio desse texto, o que acontece quando a ponta do laço é puxada?",c,O abraço se desfaz.,"['A fita dá voltas.', 'As bandas ficam livres.', 'O abraço se desfaz.', 'Os pedaços são perdidos.\r']",9° ano,SPACE,Avaliação paraná
Tamoios no Arpoador,"[...] Convidado a escrever sobre um canto do Rio, escolhi o Arpoador, porque de lá se costuma desfrutar deslumbrantes entardeceres. Os termômetros marcavam quase 40º [...]. Sentado nas pedras, apreciava o Sol refletir com tal intensidade sobre o mar espelhado que devo ter experimentado aquela ilusão ótica que no deserto se chama miragem.Agente entra num clima onírico1 e acredita ver o que não existe. De repente, senti uma urgência febril de dividir aquele espetáculo mágico com alguns personagens que cantaram e encantaram o Rio. A primeira aparição foi de Millôr, que veio correndo pela areia [...]. Passou pelo largo que agora leva o seu nome, subiu até onde eu estava e repetiu uma de suas geniais definições: “O pôr do sol é de quem olha”. Em seguida, foi a vez de Tom e Vinicius, que atravessaram o Parque Garota de Ipanema carregando o violão. [...] Finalmente, vindo de Copacabana, chegou Oscar Niemeyer, trazendo nos olhos as curvas [...] dos morros cariocas com que fez sua arquitetura. Como não podia deixar de ser, a conversa girou em torno dessa cidade solar, [...] exibida que nasceu para ser musa. [...] Era ainda uma criança quando um de seus adoradores, o primeiro governador-geral Tomé de Souza, se desmanchou: “Tudo é graça o que dela se pode dizer”. Alguém lembrou que até os religiosos lançaram sobre ela olhares [...]: “É a mais airosa e amena baía que há em todo o Brasil”, suspirou o padre Anchieta [...]. Estimulado pela exuberância sensorial daquela tarde, resolvi corrigir Vinicius, que dizia que ser carioca é um estado de espírito. Acho que é mais. Não se trata apenas de alma, mas de corpo e alma. Ama-se a cidade com todos os sentidos, a começar pelos olhos. [...] Segundo Tom, que transformou em música tudo isso [...] é uma herança de nossos antepassados tamoios, que nos ensinaram a curtir a água, o corpo, a música e a dança. O Sol já estava sendo rendido no seu plantão diário [...]. Foi quando chegou Cazuza para fazer parte do show. Antes de dar um mergulho, cantou: “Vago na lua deserta das pedras do Arpoador”. Nunca me senti tão tamoio quanto nesse fim de tarde, início de noite nas pedras mágicas do Arpoador.",D01 - Localizar informações explícitas em um texto.,"De acordo com esse texto, a primeira pessoa a aparecer para o narrador foi
",a,Millôr.,"['Millôr.', 'Oscar Niemeyer.', 'Tomé de Souza.', 'Cazuza.']",9° ano,SPACE,Avaliação paraná
ABC,"Quando a gente aprende a ler, as letras, nos livros, são grandes. Nas cartilhas – pelo menos nas cartilhas do meu tempo – as letras eram enormes. Lá estava o A, como uma grande tenda. O B, com seu grande busto e sua barriga ainda maior. O C, sempre pronto a morder a letra seguinte com a sua grande boca. O D, com seu ar próspero de grão-senhor. Etc. Até o Z, que sempre me parecia estar olhando para trás. Talvez porque não se convencesse que era a última letra do alfabeto e quisesse certificar-se de que atrás não vinha mais nenhuma. As letras eram grandes, claro, para que decorássemos a sua forma. Mas não precisavam ser tão grandes. Que eu me lembre, minha visão na época era perfeita. Nunca mais foi tão boa. E no entanto os livros infantis eram impressos com letras graúdas e entrelinhas generosas. E as palavras eram curtas. Para não cansar a vista. À medida que a gente ia crescendo, as letras iam diminuindo. E as palavras, aumentando. Quando não se tem mais uma visão de criança é que se começa, por exemplo, a ler jornal, com seus tipos miúdos e linhas apertadas que requerem uma visão de criança. Na época em que começamos a prestar atenção em coisas como notas de pé de página, bulas de remédio e subcláusulas de contrato, já não temos mais metade da visão perfeita que tínhamos na infância [...]. Chegamos à idade de ler grossos volumes em corpo 1 6 quando só temos olhos para as letras gigantescas, coloridas e cercadas de muito branco, dos livros infantis. Quanto mais cansada a vista, mais exigem dela. Alguns recorrem à lente de aumento para seccionar as grandes palavras em manejáveis monossílabos infantis. [...] O E, que sempre parecia querer distância das outras. O R! Todas as letras tinham pé, mas o R era o único que chutava. O V, que aparecia em várias formas: refletido na água (o X), de muletas (o M), com o irmão siamês (o W). O Q, que era um O com a língua de fora. De tanto ler palavras, nunca mais reparamos nas letras. E de tanto ler frases, nunca mais notamos as palavras, com todo o seu mistério. Por exemplo: pode haver palavra mais estranha do que “esdrúxulo”? É uma palavra, sei lá. Esdrúxula. [...] As cartilhas, com sua alegre simplicidade, serviam para dissimular os terrores que a língua nos reservava. Como “esdrúxulo”. Para não falar em “autóctone”. Ou, meu Deus, em “seborreia”! Na verdade, acho que as crianças deviam aprender a ler nos livros do Hegel e em longos tratados de metafísica. Só elas têm a visão adequada à densidade do texto, o gosto pela abstração e tempo disponível para lidar com o infinito. E na velhice, com a sabedoria acumulada numa vida de leituras, com as letras ficando progressivamente maiores à medida que nossos olhos se cansavam, estaríamos então prontos para enfrentar o conceito básico de que vovô vê a uva, e viva o vovô. [...]",D01 - Localizar informações explícitas em um texto.,"Nesse texto, nas cartilhas, a letra C",b,estava pronta a morder a letra seguinte.,"['era como uma grande tenda.', 'estava pronta a morder a letra seguinte.', 'parecia sempre estar olhando para trás.', 'tinha uma grande barriga.']",9° ano,SPACE,Avaliação paraná
Menina vaidosa,"Menina vaidosa é assim: colar de areia, anel de lua cheia, brinco de jasmim. Menina vaidosa é assim: pulseira de brisa, broche de estrelas, cheirinho de alecrim.",D01 - Localizar informações explícitas em um texto.,"Nesse texto, a menina vaidosa usa pulseira",c,de brisa.,"['de alecrim.', 'de areia.', 'de brisa.', 'de jasmim.']",6° ano,SPAECE,Avaliação paraná
A mochila de Camila,"No seu último aniversário, Camila ganhou de sua avó uma linda mochila. Uma mo- chila colorida com vários bolsos, lugar para muitas coisas e até alguns esconderijos. Além de livros e cadernos, havia tanta coisa na mochila da Camila... Dois rabicós, um azul, outro rosa, um bloquinho para anotação, caneta de escrita luminosa [...]. Um chaveiro de bonequinha [...], clips de várias cores, [...] uma escova de dentes e uma pequena sombrinha; batom sabor morango e um bilhete do Renan... Um pacote de bo- lacha recheada, [...] o lencinho bordado pela vovó... Mas na mochila da Camila, também tinham coisas que ninguém via, apenas a meni- na sentia: a felicidade de poder voltar para casa depois da escola, a alegria de poder sorrir e sonhar. [...] Na verdade, cada um carrega o que gosta na mochila e o que sonha no coração!",D01 - Localizar informações explícitas em um texto.,"Nesse texto, na mochila de Camila havia um pacote de",b,bolacha recheada.,"['batom sabor morango.', 'bolacha recheada.', 'clips de várias cores.', 'escova de dentes.']",6° ano,SPAECE,Avaliação paraná
Lino,"Naquela manhã, Lino acordou triste. Lua havia desaparecido da loja de brinquedos. Lua era uma coelhinha branca com uma luz que acendia na barriga toda vez que ela dava risadas. 5 Lua gostava de apostar corrida. Lua inventava músicas legais. Lua contava lindas histórias antes de dormir. Lino e Lua sempre estiveram juntos desde que vieram da fábrica de brinquedos. Mas agora Lua havia sumido. Lino perguntou por ela a todos os seus amigos. – Aqui, onde moramos, é assim – disse um deles – de repente alguém desaparece. 10 O tempo passou e os dias pareciam não ter fim. Até que, num piscar de olhos, Lino foi colocado numa caixa. Ele pensou que iria desaparecer para sempre. Mas... Quando a caixa abriu, Lino encontrou uma menina que se chamava Estrela. Lino não sabia explicar, mas achou aquele nome encantador. 15 Estrela brincou com Lino. Os dois rodopiaram de mãos dadas até ficarem tontos de se deixar cair no chão de tanto rir. Lino, aos poucos, se acostumou com aquele jeito divertido de Estrela ser. [...]",D01 - Localizar informações explícitas em um texto.,"Nesse texto, Lino",b,acordou triste.,"['abriu a caixa.', 'acordou triste.', 'contava lindas histórias.', 'inventava músicas legais.']",6° ano,SPAECE,Avaliação paraná
As frutas do meu quintal,"No meu quintal existem muitas fruteiras. Meus pais plantaram fruteiras regionais para que eu pudesse conhecer, comer e gostar de nossas frutas. [...] É muito gostoso comer frutas colhidas com as nossas mãos. Algumas árvores frutíferas são pequenas, como as arvorezinhas de goiaba-araçá e caju que são as minhas preferidas, porque nelas eu posso subir e comer os frutos sentada nos galhos. As árvores, muito altas [...] como as mangueiras, as azeitoneiras e os marizeiros, são boas para a gente brincar debaixo delas, na sombra, e também para... ouvir as histórias que a vovó conta, sentada no balanço feito de pneu e corda. [...] A fruteira mais esquisita que conheço no meu quintal é a bananeira. [...] Eu não sei se a bananeira é árvore ou palmeira. Ela é uma planta diferente, com folhonas e não tem galhos. [...] Todas elas dão cachos de cabeça para baixo e ficam ali penduradas um tempão... Eu acho que é por isso que quando brincamos de ficar com os pés para cima e cabeça para baixo, a mamãe diz que estamos “plantando bananeira”. [...]",D01 - Localizar informações explícitas em um texto.,"Nesse texto, a fruteira mais esquisita que o narrador conhece no seu quintal é",a,a bananeira.,"['a bananeira.', 'a goiaba-araçá.', 'o caju.', 'o marizeiro.']",6° ano,SPAECE,Avaliação paraná
"Três estudantes de Uberaba vencem concurso literário promovido pela
Academia de Letras do Triângulo Mineiro","Três estudantes de Uberaba foram os vencedores do concurso “Meu livro, minha arte”, competição de contos promovida pela Academia de Letras do Triângulo Mineiro. Ao todo, participaram 167 participantes de escolas públicas e particulares. A primeira colocação ficou com Júlia Cardoso, de 15 anos. Ela juntou de forma bem-humorada clássicos infantis, o que cativou os jurados da competição. O estudante Raul Borges ficou em segundo lugar com o conto “Por onde andas, Monica?” e em terceiro lugar ficou a estudante Rebeca Nobre com um conto de suspense. A premiação [...] e as menções honrosas serão entregues na sede da Academia de Letras [...]. O presidente da Academia João Eurípedes Sabino afirmou ter planos em relação aos contos enviados para a competição. “A Academia vai publicar uma coletânea desses contos, a fim de projetar esses neoescritores1 em Uberaba”, disse.",D01 - Localizar informações explícitas em um texto.,"De acordo com esse texto, a primeira colocação no concurso ficou com",b,Júlia Cardoso.,"['João Eurípedes Sabino.', 'Júlia Cardoso.', 'Raul Borges.', 'Rebeca Nobre.']",6° ano,SPAECE,Avaliação paraná
"Escritora fará lançamento de livro infantil e tarde de autógrafos em Petrópolis, no RJ","A escritora Helena Lima vai lançar o livro infantil Vicky em um evento que terá tarde de autógrafos em Petrópolis, na Região Serrana do Rio, neste sábado (12). O encontro será a partir das 16h em uma livraria que fica em um shopping de Itaipava. A autora já morou em Araras, localidade do terceiro distrito, e atuou como professora em escolas do município. Esta é a sétima obra dela. O livro conta a história de Vicky, uma garota inteligente e vivida que muda com a família de cidade, encarando o desafio de uma nova escola. [...] O livro foi ilustrado por Taline Schubach, carioca que atualmente mora na Espanha, e que também estará em Petrópolis para a tarde de autógrafos. Segundo a escritora, a obra nasceu do desejo de escrever uma história lúdica que agradasse as crianças e da percepção que tem sobre o que elas gostam. “Como professora, aprendi a conhecer os assuntos que despertavam o interesse das crianças”, explica Helena. Para ela, voltar à cidade como escritora é uma emoção, já que grande parte das histórias que coleciona tem como cenário lugares onde viveu sua infância: Araras, Vale das Videiras, Itaipava e Correas. “Minhas filhas também têm uma relação muito próxima e intensa com a cidade, uma vez que sobem a Serra desde a barriga e muitos dos nossos familiares, apesar de cariocas, vivem na região”, disse a autora de Vicky. [...]",D01 - Localizar informações explícitas em um texto.,"De acordo com esse texto, onde fica localizado o shopping em que ocorrerá o evento para
o lançamento do livro da escritora Helena Lima?",c,Espanha.,"['Araras.', 'Correas.', 'Espanha.', 'Itaipava.']",6° ano,SPAECE,Avaliação paraná
Cidade nos EUA elege buldogue francês como ‘prefeito’,"A cidade de Rabbit Hash, localizada no estado norte-americano do Kentucky, elegeu o buldogue francês Wilbur, de 6 meses, como ‘prefeito’. O prefeito Wilbur substitui Brynneth Pawltro, uma pitbull que esteve no cargo entre 2016 e 2020. Tradicionalmente, a cidade [...] elege cachorros no cargo de prefeito desde 1998. Segundo informações do jornal [...], pessoas de todo o mundo podem votar no prefeito canino. Cada eleitor paga 1 dólar por voto e os lucros vão para a Sociedade Histórica de Rabbit Hash, responsável pela administração do vilarejo. [...] Maurício estava feliz da vida, comendo um delicioso sorvete. Até aí nenhum problema, certo? Acontece que era quase hora do almoço! Quando sua mãe viu, ficou muito brava: — Maurício! Seu pai já não falou para você não comer sorvete perto da hora do almoço?! — Mas, mãe… — Mas nada! Você fica se enchendo de besteiras e, na hora de almoçar, nem encosta na comida! — Mas, mãe… — Obedeça à ordem do seu pai! — Tudo bem... Percebendo que Maurício tinha ficado meio triste com a bronca, sua mãe decide tentar alguma coisa para animá-lo: — Maurício, meu querido, por que a gente não brinca um pouco até a hora de comer? — Ótima ideia, mãe! — E do que você quer brincar? — De papai e mamãe. — Legal! Você é o papai e eu sou a mamãe... — Isso mesmo! E, como agora eu sou o papai, declaro que, desse momento em diante, meu amado filho Maurício pode comer sorvete na hora que ele quiser! ""A eleição para prefeito em Rabbit Hash foi encerrada! Wilbur Beast é o novo prefeito com incríveis 13.143 votos (o maior número de votos de todos os tempos) para um total de 22.985 votos!"", dizia uma publicação na página oficial do local [...]. Como começou tudo isso? No início do século 19, o pequeno vilarejo servia como um centro de armazenamento no caminho entre localidades de Ohio e Kentucky. Aos poucos, o local foi ganhando moradores e aumentando o número de estabelecimentos comerciais. Um desses residentes era Louie Scott, que [...] nas décadas de 60 e 70 passou a adquirir diversos estabelecimentos comerciais [...], se tornando dono de Rabbit Hash inteira. Em 2002, Scott vendeu o vilarejo para o grupo Sociedade Histórica de Rabbit Hash, que desde então é responsável legal pela administração local. Antes da mudança na administração, os moradores já votavam em cães como prefeitos. A moda pegou e virou tradição até os dias atuais.",D01 - Localizar informações explícitas em um texto.,"De acordo com esse texto, tradicionalmente, a cidade elege cachorros no cargo de prefeito desde",a,1998.,"['1998.', '2002.', '2016.', '2020.']",6° ano,SPAECE,Avaliação paraná
Crianças e adolescentes buscam a internet para se informar,"Você costuma se informar por meio da internet? Uma pesquisa que foi divulgada em setembro de 2018 mostrou que 51% das crianças e adolescentes do Brasil recorrem à internet para ler ou assistir a notícias. Em 2013, somente 34% usavam a internet em busca de informações. A pesquisa IC Kids Online Brasil 2017 também mostrou algo muito comum entre os estudantes: 76% deles usam a internet para fazer trabalhos escolares. Entre outras tarefas estão: busca por entretenimento, como o envio de mensagens instantâneas – 79%; assistir a vídeos on­line – 77%; ouvir música na Internet – 75% e usar redes sociais – 73%. [...]",D01 - Localizar informações explícitas em um texto.,"De acordo com esse texto, 73% das crianças e adolescentes utilizam a internet para",d,usar redes sociais.,"['assistir a notícias.\r', 'fazer trabalhos escolares.', 'ouvir música.', 'usar redes sociais.']",6° ano,SPAECE,Avaliação paraná
"Abelardo, o chocolate doce que queria ser amargo","Abelardo era um chocolate daqueles bem doces que as crianças adoravam. Todos na sua família eram doces como ele. O tio Teobaldo era doce e recheado. O pai, Benjamin, tinha recheio de amendoim. A mãe, Dona Zuleide, era de chocolate ao leite. Os irmãos, Teco e Beija, tinham recheio de ameixa. Mas ele achava chato ser sempre doce. Por que eu sou tão doce? Eu não podia ser amargo? Questionava Abelardo chateado. Um dia resolveu viajar, algum jeito de ser amargo ele iria achar. [...] Saiu andando pela vila doce, sem paradeiro. Até que chegou na cidade dos doceiros. [...] No meio da vila, uma enorme fábrica de doces, onde novos doces eram feitos. [...] Abelardo foi falar com o chefe da doceria, um biscoito bem salgado, que, puxando o bigode para o lado, foi logo explicando as regras a Abelardo: – Aqui você pode escolher se quer ser doce, ou amargo, que recheio quer ter, se quer ser redondo ou quadrado. E, se depois quiser mudar, pode aqui retornar. Abelardo se alegrou. Agora podia ser o que quisesse. Podia ser meio doce e meio amargo. E assim fez. Programou a máquina de chocolates, se tornou meio doce e meio amargo. Agora estava feliz. [...]",D01 - Localizar informações explícitas em um texto.,"De acordo com esse texto, o chefe da doceria era",a,um biscoito.,"['um biscoito.', 'um casadinho.\r', 'um chocolate.', 'um pirulito.\r']",6° ano,SPAECE,Avaliação paraná
Greg e o passarinho,"Ontem à tarde, Greg foi ao bosque para juntar cogumelos. Depois de ter recolhido alguns, resolveu voltar para que a mãe fizesse uma omelete para o jantar. No caminho de retorno, ele achou um passarinho caído do ninho, parecendo ter a pata machucada. Greg o envolveu em sua blusa. Chegando à sua casa, ele mostrou o passarinho ao papai e à mamãe: “Olhem, ele está ferido. Precisamos tratá-lo!”. “Venha” – disse a mãe – “Vamos fazer uma caminha para ele [...]. Você lhe dará um pouco do miolo de pão ensopado na água.” Nesta manhã, o passarinho parecia totalmente reavivado. Greg o levou até o seu ninho e depois foi para a escola com pena, porque queria ficar com o passarinho em casa, talvez, numa gaiola. “Não” – pensou o menino – “Foi melhor assim, pois o bichinho ficaria infeliz demais.” Depois da aula, Greg [...] viu o pássaro bem pertinho, sobre um portão. Greg parou, pensando que o animal ia fugir, mas não. O pássaro pulou [...] bastante contente. Greg se aproximou [...] e teve uma ideia. Na sua bolsa, sobrara ainda um pouco do seu lanche. Ele esmigalhou o pão e estendeu sua mão aberta. O passarinho hesitou, virou-se, e então, depressa, bicou uma migalha minúscula antes de sair voando para um galho baixo.",D01 - Localizar informações explícitas em um texto.,"De acordo com esse texto, depois da aula, Greg deu ao passarinho",d,pão.,"['água.', 'cogumelo.', 'omelete.', 'pão.']",6° ano,SPAECE,Avaliação paraná
-,"Aquelas férias com os sobrinhos tinham sido maravilhosas. Embora os garotos viessem de vez em quando passar uns dias lá no sítio, nada se comparava àquelas férias de julho [...]. Eles visitaram as belas fazendas da região. Passearam a cavalo. Pescaram, andaram pelos pastos e pelos cafezais e se divertiram à beça. [...] Como as noites de julho estavam muito frias, os tios resolveram colocar os moleques para dormirem todos juntos. Assim eles poderiam se aquecer melhor. O irmão do meio contou que durante a noite ele acordou assustado porque o irmão mais novo despertou feito um maluco e gritava desesperadamente: – Socorroooo! Eu não estou sentindo a minha pernaaaa! Eu perdi a minha perna! Eu belisco a minha perna e não sinto nadaaaa! Foi quando o irmão mais velho resmungou irritado: – Vai dormir, garoto! Você vai ver se continuar a beliscar a minha perna!",D01 - Localizar informações explícitas em um texto.,"No final dessa história, o irmão mais velho",b,ficou irritado com o irmão mais novo.,"['decidiu dormir sozinho.', 'ficou irritado com o irmão mais novo. ', 'precisou chamar os tios para ajudar. ', 'teve pena do irmão mais novo.\r']",6° ano,SPAECE,Avaliação paraná
-,"As festas juninas são celebradas ao longo do mês de junho. Sua origem foram as festas pagãs, com fogueiras e queimas de fogos [...]. Elas começaram nos campos e plantações originando os trajes típicos de caipiras e sinhazinhas, com casamento de roça, discurso do padrinho, as capelinhas decoradas, etc. Com o passar do tempo, as festividades foram tomando um cunho religioso. Pela tradição, a festa junina consiste em celebrar os bons resultados da colheita [...]. As festas juninas estão enraizadas de arte popular com suas influências próprias das regiões, cheias de pureza, ingenuidade, poesia e inspiração. [...]",D01 - Localizar informações explícitas em um texto.,"De acordo com esse texto, pela tradição, a festa junina consiste em",a,celebrar a boa colheita.,"['celebrar a boa colheita.', 'fazer uma fogueira.', 'influenciar a arte das regiões.', 'vestir roupas típicas de caipira.\r']",6° ano,SPAECE,Avaliação paraná
"Lili, uma Cocker Companheira","“Dim­dom!” – Oba! Temos visitas! – disse a minha dona. Eu sou a cachorrinha Lili, e sou uma Cocker. Eu gosto quando chegam visitas aqui em casa. Faço amizades com muita facilidade, mas sem ficar pulando ou pedindo carinho para os visitantes. Bom, a não ser que eles me convidem para fazer isso. Na verdade, sou muito alegre, gosto de brincar e de dar longos passeios. Tenho bastante energia para essas coisas. Mas também sou flexível. Posso simplesmente ser uma companheira tranquila ao lado da minha dona. Vai depender do que ela quiser que eu faça no momento. Há algo importante que você precisa saber sobre mim. Minhas orelhas compridas abafam os ouvidos, assim eles acumulam mais cera, umidade e sujeira. Por isso, você precisa limpar meus ouvidos com algodão umedecido em óleo de amêndoa. Depois, é só retirar o excesso com algodão seco. Sou bem gulosa e, se minha dona não me controlar, como um montão. Por falar em comida, já me deu uma fominha! Desculpa aí, pessoal, mas vou ver se já está na hora da minha ração. Tchauzinho!",D01 - Localizar informações explícitas em um texto.,"Nesse texto, segundo a cachorrinha Lili, é importante saber que ela",d,tem orelhas compridas que abafam os ouvidos.,"['faz amizade com facilidade.', 'pode ser uma companheira tranquila.\r', 'gosta quando chegam visitas em casa.', 'tem orelhas compridas que abafam os ouvidos.']",7° ano,SPAECE,Avaliação paraná
Tartaruga,"Quem pensa que sabe tudo sobre tartarugas está muito enganado! Apesar de muita gente saber que elas têm o corpo dentro de uma carapaça que as protegem, ainda há muito mais para aprender. A carapaça que protege as tartarugas é uma espécie de “casa”. Quando dormem ou quando têm medo, conseguem esconder dentro da carapaça, ao mesmo tempo, a cabeça, os membros e a cauda, o que é um ótimo meio de defesa. [...] As tartarugas em geral e as marinhas em especial formam um grupo antigo. Apareceram milhões de anos antes dos primeiros seres humanos pisarem a Terra. São quase uns “dinossauros”! Mesmo as tartarugas marinhas têm pulmões e para respirar precisam de vir fora da água. Mas por serem répteis têm uma coisa chamada “brânquia cloacal” que as ajudam a manter­se muito tempo debaixo da água. [...] Sabia que as tartarugas podem chegar aos 150 anos? Por isso é que existe a lenda de que os piratas desenhavam os mapas dos tesouros nas suas carapaças. Elas estavam mesmo ali à mão: os piratas tinham os seus esconderijos ao pé das Caraíbas e na Ásia, precisamente onde as tartarugas passam mais tempo.",D01 - Localizar informações explícitas em um texto.,"De acordo com o texto, as tartarugas marinhas",c,podem viver por até 150 anos.,"['eram dinossauros.', 'respiram dentro da água.', 'podem viver por até 150 anos.', 'foram animais de estimação dos piratas.']",7° ano,SPAECE,Avaliação paraná
“Como será?” recebe o cantor Lenine para falar de música e sustentabilidade,"Na véspera do Dia das Crianças, Sandra Annenberg recebe no estúdio um palhaço, ao lado de quem – em meio a muita mágica, malabarismo, equilibrismo e piadas – vai chamar o quadro Hoje É Dia de... Circo. Em homenagem aos pequenos, o apresentador Alexandre Henderson reúne as mais diversas curiosidades sobre o mundo do picadeiro. Enquanto um neurologista explica o que acontece no cérebro humano quando assistimos aos números mais emocionantes e engraçados, a Intrépida Trupe mostra todas as inovações na arte circense e o Projeto Circo Social prova como ela é capaz de mudar vidas. [...] No estúdio, o cantor e compositor Lenine fala sobre seus Encontros Socioambientais – Música e Sustentabilidade numa Nota Só, ação inédita que visitou 12 projetos pelo Brasil. “– A arte é um instrumento de aproximação poderoso por uma sociedade mais justa. Gosto de acreditar que a minha música vai além do que meramente canto” –, afirma. Lenine, botânico autodidata, vai ainda contar sobre sua paixão por orquídeas e tocar um de seus grandes sucessos no encerramento do programa. Uma das iniciativas visitadas pela turnê, o Mantas do Brasil (em Santos, SP), focado na preservação e na pesquisa científica da raia manta gigante, ganha destaque. [...]",D01 - Localizar informações explícitas em um texto.,"De acordo com esse texto, o cantor Lenine tem uma paixão",b,pelo malabarismo.,"['pelo circo.', 'pelo malabarismo.', 'por orquídeas.', 'por piadas.']",7° ano,SPAECE,Avaliação paraná
-,"As festas juninas são celebradas ao longo do mês de junho. Sua origem foram as festas pagãs, com fogueiras e queimas de fogos [...]. Elas começaram nos campos e plantações originando os trajes típicos de caipiras e sinhazinhas, com casamento de roça, discurso do padrinho, as capelinhas decoradas, etc. Com o passar do tempo, as festividades foram tomando um cunho religioso. Pela tradição, a festa junina consiste em celebrar os bons resultados da colheita [...]. As festas juninas estão enraizadas de arte popular com suas influências próprias das regiões, cheias de pureza, ingenuidade, poesia e inspiração. [...]",D01 - Localizar informações explícitas em um texto.,"De acordo com esse texto, pela tradição, a festa junina consiste em
",a,celebrar a boa colheita.,"['celebrar a boa colheita. ', 'fazer uma fogueira.', 'influenciar a arte das regiões.', 'vestir roupas típicas de caipira.']",7° ano,SPAECE,Avaliação paraná
"Entusiasmos no primeiro dia de aulas na Orquestra Cidadã – Meninos
do Ipojuca
","Esta terça-feira (16) foi o primeiro dia de aula na sede Orquestra Criança Cidadã –Meninos do Ipojuca, no distrito de Camela. A garotada compareceu com muita expectativa e entusiasmo à nova rotina diária. A programação conta com cursos de teoria musical e de instrumentos de cordas, reforço escolar, aulas de informática, além de atendimento psicológico e pedagógico e três refeições diárias [...]. O núcleo funcionará nos horários da manhã e da tarde de segunda a sexta-feira e aos sábados com o ensaio geral. O prédio [...] conta com 15 salas de aulas, miniauditório, telecentro, sala de acompanhamento pedagógico, sala para atendimento psicossocial, banheiros e refeitório. O coordenador pedagógico e maestro da Orquestra em Camela, Márcio Pereira, acredita que os alunos terão facilidade no aprendizado. “Estou muito feliz, além de ensinar a garotada, estou passando por um aprendizado, tenho a certeza que daqui sairão excelentes músicos, como o que acontece com os ‘Meninos do Coque’”, ressaltou Pereira. Ao final do ano, durante o ciclo natalino, a Orquestra Cidadã do Ipojuca pretende realizar um pequeno concerto na localidade.",D01 - Localizar informações explícitas em um texto.,"De acordo com esse texto, o núcleo funcionará aos sábados com",c,ensaio geral.,"['aulas de informática.', 'cursos de música.\r', 'ensaio geral.', 'reforço escolar.']",7° ano,SPAECE,Avaliação paraná
Praias onde vale a pena curtir o verão Prepare-se para escolher os lugares ideais para o banho de mar [...],"Está chegando o momento mais aguardado do ano. É quando os estudos dão uma trégua, o trabalho fica para depois e as únicas coisas importantes para fazer são curtir o sol, praticar esportes e aproveitar a paisagem. Para onde ir? Os 9.198 quilômetros do litoral brasileiro abrigam lugares paradisíacos, onde o banho de mar e a areia branquinha são uma tentação para quem passou 11 meses do ano vendo o mar a distância. Mas é preciso ser realista. Há pedaços da costa perdidos para as férias. “Em geral, a condição do litoral brasileiro é ruim para os banhos de mar”, confirma Luiz Roberto Tommasi, um dos maiores especialistas em poluição marinha do país, que há anos avalia as condições das praias. Diante da imensidão azul, pode parecer que o quadro não é assim tão grave. Afinal, o mar deveria diluir a sujeira toda deixada pelos turistas concentrados nesta época do ano. Mas o excesso de esgoto não se manifesta apenas pelo cheiro desagradável, a cor escura da água e o lixo generalizado. O esgoto mata o plâncton que produz o oxigênio e carrega bactérias nocivas e materiais que não são degradados. Entra na cadeia alimentar marinha e contamina os peixes. [...] A poluição das praias não é causada apenas pelo esgoto e a sujeira deixada pelos banhistas mal-educados. O petróleo que vaza dos navios, por exemplo, causa danos ecológicos que perduram durante anos. Mas é um problema localizado. A poluição mais grave do litoral brasileiro é provocada pelo saneamento deficiente. Apenas 4,8% da população das cidades costeiras é atendida pela rede de esgoto. As consequências na qualidade da água do mar são percebidas por meio de exames do nível de coliformes fecais. As medições periódicas indicam se a praia está contaminada por esgoto [...]. Muitos jornais costumam dar os resultados desses exames, principalmente no verão. Mas os interessados também podem acompanhar a situação de sua praia favorita pela internet [...].",D01 - Localizar informações explícitas em um texto.,"De acordo com o texto, o plâncton é responsável",b,pela produção de oxigênio.,"['pela cor escura da água.', 'pela produção de oxigênio.', 'pelo aumento de bactérias.', 'pelo cheiro desagradável.']",8° ano,SPAECE,Avaliação paraná
Surfista é mordido no rosto por tubarão em Fernando de Noronha,"Um surfista foi mordido por um tubarão nesta quinta-feira (14), em Fernando de Noronha. Vinícius Cavalcanti, 31 anos, estava surfando na praia da Cacimba do Padre quando aconteceu o incidente. Ele foi levado de carro, pela esposa, ao Hospital São Lucas com ferimentos na face, no pescoço e na orelha. Ele chegou com sangramento intenso, mas com ""sinais vitais estáveis, lúcido e orientado"", de acordo com informações preliminares da unidade de saúde. Ainda segundo o hospital, ele está bem, estável, tranquilo e conversando. Vinícius é vendedor de açaí na Cacimba e aproveitou o final do expediente para pegar onda. Segundo relato da mulher do vendedor, Juliana Cavalcanti, o rapaz caiu em cima do tubarão e levou uma mordida. “Meu marido me contou que estava surfando, quando caiu e o tubarão o abocanhou. A mordida pegou no supercílio, orelha, no queixo e no pescoço. Sangrava muito"", conta.",D01 - Localizar informações explícitas em um texto.,"De acordo com o texto, o que Vinícius estava fazendo quando o tubarão o abocanhou?",c,Surfando.,"['Dirigindo.', 'Repousando.', 'Surfando.', 'Trabalhando.']",9° ano,SPAECE,Simulado 01 SPAECE
Onde judas perdeu as botas,"A expressão “onde Judas perdeu as botas” é usada para designar um lugar distante, desconhecido e inacessível. Existe uma história não comprovada a qual relata que após trair Jesus, Judas se enforcou em uma árvore sem nada nos pés, já que havia posto o dinheiro que ganhara por ter entregue o mestre dentro de suas botas. Ainda segundo o conto popular, quando os soldados viram que Judas estava sem seus sapatos, saíram desesperados em busca dos calçados e do dinheiro ali depositado (cerca de 30 moedas de ouro). No entanto, diz a lenda que ninguém achou, nem sequer ficou sabendo do paradeiro das botas de Judas. Foi por meio desta fantasiosa história que o termo “onde Judas perdeu as botas” surgiu e se transformou em uma expressão popular.",D01 - Localizar informações explícitas em um texto.,"De acordo com o texto, o que os soldados fizeram quando viram que Judas estava sem seus sapatos?",d,Saíram desesperados em busca dos calçados.,"['Afastaram-se tranquilamente do local.', 'Esperaram Judas falar onde estava os calçados', 'Ficaram esperando alguém trazer os sapatos.', 'Saíram desesperados em busca dos calçados.']",9° ano,SPAECE,Simulado 01 SPAECE
Isotônico pode dar cárie,"Ele repõe sais minerais e glicose, é verdade. Mas o isotônico, aquela bebida colorida consagrada pela geração academia, também pode causar danos à saúde da boca. Um estudo da Universidade de Nova York, nos Estados Unidos, revelou que o consumo destemperado do produto causa erosão do esmalte dos dentes, abrindo alas para cáries e deterioração dentária. “O dente perde mais minerais do que deveria por causa de um desequilíbrio químico provocado pelo ácido cítrico presente no isotônico”, explica o cirurgiãodentista Rodrigo Bueno, consultor da Associação Brasileira de Odontologia. “Por isso, a bebida deve ser consumida de quatro em quatro horas, que é o tempo necessário para que a saliva neutralize a acidez bucal.” Nesse intervalo, procure beber apenas água se estiver praticando alguma atividade física.",D01 - Localizar informações explícitas em um texto.,"De acordo com o texto, o isotônico deve ser consumido",b,de quatro em quatro horas.,"['de duas em duas horas.', 'de quatro em quatro horas.', 'em todas as refeições.\r', 'na academia.']",9° ano,SPAECE,Simulado 01 SPAECE
-,"Comovente É linda a história de Felipe. O autor retrata as dificuldades de uma criança em lidar com uma série de tragédias pessoais. As dúvidas, os medos, as injustiças e todo o carrossel de emoções que assola a vida de Felipe, são bem trabalhados nesta obra de Walcyr Carrasco. A leitura é rápida, a linguagem é acessível para adolescentes e a mensagem traduz sabedoria e simplicidade.",D01 - Localizar informações explícitas em um texto.,"De acordo com o texto, a leitura do livro “O anjo linguarudo” é",d,rápida,"['contraditória', 'inacessível', 'monótona', 'rápida']",9° ano,SPAECE,Simulado 01 SPAECE
Beber e comer ao mesmo tempo faz bem ou mal?,"Logo após o pedido de comida em um restaurante a pergunta do garçom sempre é: ""E para beber?"". Há quem não consiga comer sem um copo de suco, água ou até refrigerante por perto para ""ajudar"" na digestão. Mas, será que isso faz bem para a saúde? [...] Seja no café da manhã, com o tradicional café com pão, ou em lanches, almoços e jantares, a bebida acaba sendo uma companhia habitual às refeições. Porém, a nutricionista Sheila Basso explica que essa união pode não ser tão saudável, já que a alta ingestão de líquido durante a refeição pode prejudicar a digestão e até diminuir a absorção de nutrientes do organismo (biodisponibilidade). ""A digestão é um processo tanto químico, quanto físico, e se dá início na boca, quando os alimentos são triturados pelos dentes e os carboidratos digeridos pela enzima amilase salivar. Quando ingerimos grande quantidade de líquidos durante as refeições, essas enzimas podem acabar se diluindo ou, no caso dos refrigerantes, sucos ou bebidas ácidas, elas podem interferir no pH dessas moléculas e, consequentemente, dificultar a digestão"", explica a profissional.",D01 - Localizar informações explícitas em um texto.,"De acordo com o texto, a digestão tem início no (a)",a,boca,"['boca', 'esôfago', 'estômago', 'intestino']",9° ano,SPAECE,Simulado 01 SPAECE